{
"__comment": "Designed by 27box",
"textures": {
    "texture": "block/extra/none"
},
"elements": [ 
{
    "from": [ 16, -0.0625, 16 ],
    "to": [ 16.0625, 0, 16.0625 ],
    "faces": {
        "down":  { "uv": [ 0, 16, 0, 16 ], "texture": "#texture" },
        "up":    { "uv": [ 16, 16, 16, 16 ], "texture": "#texture" },
        "north": { "uv": [ 0, 16, 0, 16 ], "texture": "#texture" },
        "south": { "uv": [ 16, 16, 16, 16 ], "texture": "#texture" },
        "west":  { "uv": [ 16, 16, 16, 16 ], "texture": "#texture" },
        "east":  { "uv": [ 0, 16, 0, 16 ], "texture": "#texture" }
    }
}
],
"display": {
    "thirdperson": {
        "rotation": [ 0, 0, 0 ],
        "translation": [ 0, 0, 0 ],
        "scale": [ 0, 0, 0 ]
    },
    "head": {
        "rotation": [ 0, 0, 0 ],
        "translation": [ 0, 0, 0 ],
        "scale": [ 0, 1, 0 ]
    },
    "ground": {
        "rotation": [ 0, 0, 0 ],
        "translation": [ 0, 0, 0 ],
        "scale": [ 0, 0, 0 ]
    },
    "firstperson": {
        "rotation": [ 0, 0, 0 ],
        "translation": [ 0, 0, 0 ],
        "scale": [ 0, 0, 0 ]
    },
    "gui": {
        "rotation": [ 0, 0, 0 ],
        "translation": [ 0, 0, 0 ],
        "scale": [ 0, 0, 0 ]
    }
}
}