{
    "parent": "item/handheld",
    "textures": {
        "layer0": "item/diamond_sword"
    },
    "overrides": [
        {"predicate": {"damage": 0},"model": "item/diamond_sword1"},
        {"predicate": {"damage": 0.000640614990390775},"model": "item/01/obj_elevator_door"},
        {"predicate": {"damage": 0.00128122998078155},"model": "item/01/obj_desk1"},
        {"predicate": {"damage": 0.00192184497117233},"model": "item/01/obj_basket"},
        {"predicate": {"damage": 0.0025624599615631},"model": "item/01/obj_paper1"},
        {"predicate": {"damage": 0.00320307495195388},"model": "item/01/obj_paper2"},
        {"predicate": {"damage": 0.00384368994234465},"model": "item/01/obj_pots"},
        {"predicate": {"damage": 0.00448430493273543},"model": "item/01/obj_calendar"},
        {"predicate": {"damage": 0.0051249199231262},"model": "item/01/obj_lantern"},
        {"predicate": {"damage": 0.00576553491351698},"model": "item/01/obj_escape1"},
        {"predicate": {"damage": 0.00640614990390775},"model": "item/01/obj_shelves1"},
        {"predicate": {"damage": 0.00704676489429853},"model": "item/npc/obj_27box"},
        {"predicate": {"damage": 0.0076873798846893},"model": "item/npc/obj_jellywayne"},
        {"predicate": {"damage": 0.00832799487508008},"model": "item/npc/obj_agenicy"},
        {"predicate": {"damage": 0.00896860986547085},"model": "item/01/obj_chair"},
        {"predicate": {"damage": 0.00960922485586163},"model": "item/npc/obj_thomas0516"},
        {"predicate": {"damage": 0.0102498398462524},"model": "item/01/obj_shelves2"},
        {"predicate": {"damage": 0.0108904548366432},"model": "item/npc/obj_maugoumio"},
        {"predicate": {"damage": 0.011531069827034},"model": "item/npc/obj_z2007526"},
        {"predicate": {"damage": 0.0121716848174247},"model": "item/npc/obj_writeton92"},
        {"predicate": {"damage": 0.0128122998078155},"model": "item/npc/obj_renawevin"},
        {"predicate": {"damage": 0.0134529147982063},"model": "item/npc/obj_www5911"},
        {"predicate": {"damage": 0.0140935297885971},"model": "item/01/witherblock"},
        {"predicate": {"damage": 0.0147341447789878},"model": "item/01/giantarm90d"},
        {"predicate": {"damage": 0.0153747597693786},"model": "item/01/gianthandright"},
        {"predicate": {"damage": 0.0160153747597694},"model": "item/01/radio"},
        {"predicate": {"damage": 0.0166559897501602},"model": "item/01/jumpradio"},
        {"predicate": {"damage": 0.0172966047405509},"model": "item/01/redchair"},
        {"predicate": {"damage": 0.0179372197309417},"model": "item/01/bring"},
        {"predicate": {"damage": 0.0185778347213325},"model": "item/01/btable"},
        {"predicate": {"damage": 0.0192184497117233},"model": "item/01/blackline"},
        {"predicate": {"damage": 0.019859064702114},"model": "item/01/birdcage1"},
        {"predicate": {"damage": 0.0204996796925048},"model": "item/01/glass_man"},
        {"predicate": {"damage": 0.0211402946828956},"model": "item/01/watercolor7"},
        {"predicate": {"damage": 0.0217809096732864},"model": "item/01/bpeople1"},
        {"predicate": {"damage": 0.0224215246636771},"model": "item/01/mobile"},
        {"predicate": {"damage": 0.0230621396540679},"model": "item/01/bpeople2"},
        {"predicate": {"damage": 0.0237027546444587},"model": "item/01/stonesword"},
        {"predicate": {"damage": 0.0243433696348495},"model": "item/01/banknote"},
        {"predicate": {"damage": 0.0249839846252402},"model": "item/01/illuminati"},
        {"predicate": {"damage": 0.025624599615631},"model": "item/01/show"},
        {"predicate": {"damage": 0.0262652146060218},"model": "item/01/musclecar"},
        {"predicate": {"damage": 0.0269058295964126},"model": "item/01/slenderman"},
        {"predicate": {"damage": 0.0275464445868033},"model": "item/01/chair"},
        {"predicate": {"damage": 0.0281870595771941},"model": "item/01/tv"},
        {"predicate": {"damage": 0.0288276745675849},"model": "item/01/tvcabinet"},
        {"predicate": {"damage": 0.0294682895579757},"model": "item/01/table"},
        {"predicate": {"damage": 0.0301089045483664},"model": "item/01/lowcabinet"},
        {"predicate": {"damage": 0.0307495195387572},"model": "item/01/crayon1"},
        {"predicate": {"damage": 0.031390134529148},"model": "item/01/crayon2"},
        {"predicate": {"damage": 0.0320307495195388},"model": "item/01/crayon3"},
        {"predicate": {"damage": 0.0326713645099295},"model": "item/01/crayon4"},
        {"predicate": {"damage": 0.0333119795003203},"model": "item/01/crayon5"},
        {"predicate": {"damage": 0.0339525944907111},"model": "item/01/crayon6"},
        {"predicate": {"damage": 0.0345932094811019},"model": "item/01/crayon7"},
        {"predicate": {"damage": 0.0352338244714926},"model": "item/01/crayon8"},
        {"predicate": {"damage": 0.0358744394618834},"model": "item/01/crayon9"},
        {"predicate": {"damage": 0.0365150544522742},"model": "item/01/toilet"},
        {"predicate": {"damage": 0.037155669442665},"model": "item/01/mirror"},
        {"predicate": {"damage": 0.0377962844330557},"model": "item/01/sink2"},
        {"predicate": {"damage": 0.0384368994234465},"model": "item/01/sink1"},
        {"predicate": {"damage": 0.0390775144138373},"model": "item/01/popcorn"},
        {"predicate": {"damage": 0.0397181294042281},"model": "item/01/fishingrod"},
        {"predicate": {"damage": 0.0403587443946188},"model": "item/01/oldman"},
        {"predicate": {"damage": 0.0409993593850096},"model": "item/01/magic"},
        {"predicate": {"damage": 0.0416399743754004},"model": "item/01/demon_bone"},
        {"predicate": {"damage": 0.0422805893657912},"model": "item/01/shadowstand"},
        {"predicate": {"damage": 0.0429212043561819},"model": "item/01/shadowwalk"},
        {"predicate": {"damage": 0.0435618193465727},"model": "item/01/r4_warning_egg"},
        {"predicate": {"damage": 0.0442024343369635},"model": "item/01/shadowhand"},
        {"predicate": {"damage": 0.0448430493273543},"model": "item/01/iphone"},
        {"predicate": {"damage": 0.045483664317745},"model": "item/01/yellow_back"},
        {"predicate": {"damage": 0.0461242793081358},"model": "item/01/tbc_arrow"},
        {"predicate": {"damage": 0.0467648942985266},"model": "item/01/rotatelever"},
        {"predicate": {"damage": 0.0474055092889174},"model": "item/01/notch"},
        {"predicate": {"damage": 0.0480461242793081},"model": "item/01/filter"},
        {"predicate": {"damage": 0.0486867392696989},"model": "item/01/herobrine"},
        {"predicate": {"damage": 0.0493273542600897},"model": "item/01/cleantube"},
        {"predicate": {"damage": 0.0499679692504805},"model": "item/01/dirtytube"},
        {"predicate": {"damage": 0.0506085842408712},"model": "item/01/r8_sign"},
        {"predicate": {"damage": 0.051249199231262},"model": "item/01/mio"},
        {"predicate": {"damage": 0.0518898142216528},"model": "item/01/wheel"},
        {"predicate": {"damage": 0.0525304292120436},"model": "item/01/wheel_filter"},
        {"predicate": {"damage": 0.0531710442024343},"model": "item/01/moviechair"},
        {"predicate": {"damage": 0.0538116591928251},"model": "item/01/boom"},
        {"predicate": {"damage": 0.0544522741832159},"model": "item/01/fragment"},
        {"predicate": {"damage": 0.0550928891736067},"model": "item/01/boom_w"},
        {"predicate": {"damage": 0.0557335041639974},"model": "item/01/paint"},
        {"predicate": {"damage": 0.0563741191543882},"model": "item/01/3d_cube"},
        {"predicate": {"damage": 0.057014734144779},"model": "item/01/pet"},
        {"predicate": {"damage": 0.0576553491351698},"model": "item/01/creeper_body"},
        {"predicate": {"damage": 0.0582959641255605},"model": "item/01/creeper_head"},
        {"predicate": {"damage": 0.0589365791159513},"model": "item/01/creeper_neck"},
        {"predicate": {"damage": 0.0595771941063421},"model": "item/01/toaster1"},
        {"predicate": {"damage": 0.0602178090967329},"model": "item/01/toaster2"},
        {"predicate": {"damage": 0.0608584240871236},"model": "item/01/r0_catpaw"},
        {"predicate": {"damage": 0.0614990390775144},"model": "item/01/painface1"},
        {"predicate": {"damage": 0.0621396540679052},"model": "item/01/painface2"},
        {"predicate": {"damage": 0.062780269058296},"model": "item/01/painface3"},
        {"predicate": {"damage": 0.0634208840486868},"model": "item/01/painface4"},
        {"predicate": {"damage": 0.0640614990390775},"model": "item/01/r5_apple"},
        {"predicate": {"damage": 0.0647021140294683},"model": "item/01/r5_cherry"},
        {"predicate": {"damage": 0.0653427290198591},"model": "item/01/r5_heart"},
        {"predicate": {"damage": 0.0659833440102498},"model": "item/01/r5_melon"},
        {"predicate": {"damage": 0.0666239590006406},"model": "item/01/r5_reset"},
        {"predicate": {"damage": 0.0672645739910314},"model": "item/01/bfire"},
        {"predicate": {"damage": 0.0679051889814222},"model": "item/01/watercolor1"},
        {"predicate": {"damage": 0.0685458039718129},"model": "item/01/watercolor2"},
        {"predicate": {"damage": 0.0691864189622037},"model": "item/01/watercolor3"},
        {"predicate": {"damage": 0.0698270339525945},"model": "item/01/watercolor4"},
        {"predicate": {"damage": 0.0704676489429853},"model": "item/01/watercolor5"},
        {"predicate": {"damage": 0.071108263933376},"model": "item/01/watercolor6"},
        {"predicate": {"damage": 0.0717488789237668},"model": "item/01/bwall"},
        {"predicate": {"damage": 0.0723894939141576},"model": "item/01/beye"},
        {"predicate": {"damage": 0.0730301089045484},"model": "item/01/house1"},
        {"predicate": {"damage": 0.0736707238949391},"model": "item/01/house2"},
        {"predicate": {"damage": 0.0743113388853299},"model": "item/01/house3"},
        {"predicate": {"damage": 0.0749519538757207},"model": "item/01/bpeople3"},
        {"predicate": {"damage": 0.0755925688661115},"model": "item/01/bpeople4"},
        {"predicate": {"damage": 0.0762331838565022},"model": "item/01/bflower1"},
        {"predicate": {"damage": 0.076873798846893},"model": "item/01/bflower2"},
        {"predicate": {"damage": 0.0775144138372838},"model": "item/01/bflower3"},
        {"predicate": {"damage": 0.0781550288276746},"model": "item/01/track"},
        {"predicate": {"damage": 0.0787956438180653},"model": "item/01/bboard"},
        {"predicate": {"damage": 0.0794362588084561},"model": "item/01/armrest1"},
        {"predicate": {"damage": 0.0800768737988469},"model": "item/01/armrest2"},
        {"predicate": {"damage": 0.0807174887892377},"model": "item/01/elamp1"},
        {"predicate": {"damage": 0.0813581037796285},"model": "item/01/elamp2"},
        {"predicate": {"damage": 0.0819987187700192},"model": "item/01/ebutton"},
        {"predicate": {"damage": 0.08263933376041},"model": "item/01/obj_escape2"},
        {"predicate": {"damage": 0.0832799487508008},"model": "item/01/obj_bucket"},
        {"predicate": {"damage": 0.0839205637411915},"model": "item/01/graffiti_b"},
        {"predicate": {"damage": 0.0845611787315823},"model": "item/01/graffiti_m"},
        {"predicate": {"damage": 0.0852017937219731},"model": "item/01/graffiti_a"},
        {"predicate": {"damage": 0.0858424087123639},"model": "item/01/graffiti_j"},
        {"predicate": {"damage": 0.0864830237027547},"model": "item/01/graffiti_r"},
        {"predicate": {"damage": 0.0871236386931454},"model": "item/01/graffiti_n"},
        {"predicate": {"damage": 0.0877642536835362},"model": "item/01/graffiti_y"},
        {"predicate": {"damage": 0.088404868673927},"model": "item/01/graffiti_f"},
        {"predicate": {"damage": 0.0890454836643177},"model": "item/01/graffiti_w"},
        {"predicate": {"damage": 0.0896860986547085},"model": "item/01/adv_r"},
        {"predicate": {"damage": 0.0903267136450993},"model": "item/01/adv_sr"},
        {"predicate": {"damage": 0.0909673286354901},"model": "item/01/adv_ssr"},
        {"predicate": {"damage": 0.0916079436258808},"model": "item/01/obj_eleled"},
        {"predicate": {"damage": 0.0922485586162716},"model": "item/01/obj_bmap"},
        {"predicate": {"damage": 0.0928891736066624},"model": "item/01/obj_loaqr"},
        {"predicate": {"damage": 0.0935297885970532},"model": "item/01/obj_music1"},
        {"predicate": {"damage": 0.0941704035874439},"model": "item/01/obj_music2"},
        {"predicate": {"damage": 0.0948110185778347},"model": "item/01/obj_clock"},
        {"predicate": {"damage": 0.0954516335682255},"model": "item/01/obj_loabook"},
        {"predicate": {"damage": 0.0960922485586163},"model": "item/01/obj_ele"},
        {"predicate": {"damage": 0.0967328635490071},"model": "item/01/obj_projector2"},
        {"predicate": {"damage": 0.0973734785393978},"model": "item/01/obj_projector1"},
        {"predicate": {"damage": 0.0980140935297886},"model": "item/01/obj_meeting1"},
        {"predicate": {"damage": 0.0986547085201794},"model": "item/01/obj_meeting2"},
        {"predicate": {"damage": 0.0992953235105702},"model": "item/01/obj_button_lamp"},
        {"predicate": {"damage": 0.0999359385009609},"model": "item/01/obj_shelf"},
        {"predicate": {"damage": 0.100576553491352},"model": "item/01/ebutton2"},
        {"predicate": {"damage": 0.101217168481742},"model": "item/01/shop"},
        {"predicate": {"damage": 0.101857783472133},"model": "item/01/shadow01"},
        {"predicate": {"damage": 0.102498398462524},"model": "item/01/obj_screen"},
        {"predicate": {"damage": 0.103139013452915},"model": "item/01/obj_clock2"},
        {"predicate": {"damage": 0.103779628443306},"model": "item/01/obj_shelves3"},
        {"predicate": {"damage": 0.104420243433696},"model": "item/01/obj_shelves4"},
        {"predicate": {"damage": 0.105060858424087},"model": "item/01/obj_computer1"},
        {"predicate": {"damage": 0.105701473414478},"model": "item/01/obj_computer2"},
        {"predicate": {"damage": 0.106342088404869},"model": "item/01/obj_desk5"},
        {"predicate": {"damage": 0.106982703395259},"model": "item/01/obj_ofphone"},
        {"predicate": {"damage": 0.10762331838565},"model": "item/01/obj_music3"},
        {"predicate": {"damage": 0.108263933376041},"model": "item/01/obj_music4"},
        {"predicate": {"damage": 0.108904548366432},"model": "item/01/obj_music5"},
        {"predicate": {"damage": 0.109545163356823},"model": "item/01/obj_altar"},
        {"predicate": {"damage": 0.110185778347213},"model": "item/01/obj_bluechair"},
        {"predicate": {"damage": 0.110826393337604},"model": "item/01/obj_rtable"},
        {"predicate": {"damage": 0.111467008327995},"model": "item/01/obj_streetlight"},
        {"predicate": {"damage": 0.112107623318386},"model": "item/01/n_popcorn1"},
        {"predicate": {"damage": 0.112748238308776},"model": "item/01/n_silhouette"},
        {"predicate": {"damage": 0.113388853299167},"model": "item/01/n_popcorn2"},
        {"predicate": {"damage": 0.114029468289558},"model": "item/01/obj_zxcok"},
        {"predicate": {"damage": 0.114670083279949},"model": "item/01/obj_frope"},
        {"predicate": {"damage": 0.11531069827034},"model": "item/01/obj_trash"},
        {"predicate": {"damage": 0.11595131326073},"model": "item/01/obj_photocopier"},
        {"predicate": {"damage": 0.116591928251121},"model": "item/01/obj_drinking"},
        {"predicate": {"damage": 0.117232543241512},"model": "item/01/obj_thxlist"},
        {"predicate": {"damage": 0.117873158231903},"model": "item/01/obj_elestart1"},
        {"predicate": {"damage": 0.118513773222293},"model": "item/01/obj_elestart2"},
        {"predicate": {"damage": 0.119154388212684},"model": "item/01/obj_elestart3"},
        {"predicate": {"damage": 0.119795003203075},"model": "item/01/obj_eleled2"},
        {"predicate": {"damage": 0.120435618193466},"model": "item/01/obj_arrow1"},
        {"predicate": {"damage": 0.121076233183857},"model": "item/01/obj_arrow2"}
    ]
}