{
	"m.river": {
		"sounds": [
			{
				"name": "m/river",
				"stream": true
			}
		]
	},
	"m.illuminati": {
		"sounds": [
			{
				"name": "m/illuminati",
				"stream": true
			}
		]
	},
	"m.horror": {
		"sounds": [
			{
				"name": "m/horror",
				"stream": true
			}
		]
	},
	"m.crack": {
		"sounds": [
			{
				"name": "m/crack",
				"stream": true
			}
		]
	},
	"m.tbc": {
		"sounds": [
			{
				"name": "m/tbc",
				"stream": true
			}
		]
	},
	"r.item_pickup": {
		"sounds": [
			{
				"name": "r/item_pickup",
				"stream": true
			}
		]
	},
	"m.wind": {
		"sounds": [
			{
				"name": "m/wind",
				"stream": true
			}
		]
	},
			"y.ta": {
		"sounds": [
			{
				"name": "y/ta",
				"stream": true
			}
		]
	},
		"y.tutu": {
		"sounds": [
			{
				"name": "y/tutu",
				"stream": true
			}
		]
	},
		"y.deci": {
		"sounds": [
			{
				"name": "y/deci",
				"stream": true
			}
		]
	},
		"y.deciiiiiii": {
		"sounds": [
			{
				"name": "y/deciiiiiii",
				"stream": true
			}
		]
	},
		"y.ws": {
		"sounds": [
			{
				"name": "y/ws",
				"stream": true
			}
		]
	},
		"y.lg": {
		"sounds": [
			{
				"name": "y/lg",
				"stream": true
			}
		]
	},
		"y.rope": {
		"sounds": [
			{
				"name": "y/rope",
				"stream": true
			}
		]
	},
		"m.rotatelever": {
		"sounds": [
			{
				"name": "m/rotatelever",
				"stream": true
			}
		]
	},
		"m.mouseclick2": {
		"sounds": [
			{
				"name": "m/mouseclick2",
				"stream": true
			}
		]
	},
		"m.hellbell": {
		"sounds": [
			{
				"name": "m/hellbell",
				"stream": true
			}
		]
	},
		"m.earattack": {
		"sounds": [
			{
				"name": "m/earattack",
				"stream": true
			}
		]
	},
	"b.terror_clock1": {
		"sounds": [
			{
				"name": "b/terror_clock1",
				"stream": true
			}
		]
	},
	"b.halloween_monsters": {
		"sounds": [
			{
				"name": "b/halloween_monsters",
				"stream": true
			}
		]
	},
	"b.deep_sea_fish": {
		"sounds": [
			{
				"name": "b/deep_sea_fish",
				"stream": true
			}
		]
	},
	"a.click": {
		"sounds": [
			{
				"name": "a/click",
				"stream": true
			}
		]
	},
	"b.elevator_up": {
		"sounds": [
			{
				"name": "b/elevator_up",
				"stream": true
			}
		]
	},
	"b.elevator_open": {
		"sounds": [
			{
				"name": "b/elevator_open",
				"stream": true
			}
		]
	},
	"y.door": {
		"sounds": [
			{
				"name": "y/door",
				"stream": true
			}
		]
	},
	"f.switch1": {
		"sounds": [
			{
				"name": "f/switch1",
				"stream": true
			}
		]
	},
	"m.phonecall": {
		"sounds": [
			{
				"name": "m/phonecall",
				"stream": true
			}
		]
	}
}