{
"__comment": "Designed by 27box",
"textures": {
    "particle": "block/mushroom_stem",
    "phone": "block/extra/phone",
    "texture": "block/extra/metal_1"
},
"elements": [ 
{
    "from": [ 2, -5.25, 0 ],
    "to": [ 14, 24.25, 16 ],
    "faces": {
        "down":  { "uv": [ 0, 7, 12, 9 ], "texture": "#particle" },
        "up":    { "uv": [ 0, 7, 10, 9 ], "texture": "#particle" },
        "north": { "uv": [ 1, 10.5, 1.5, 11.5 ], "texture": "#phone" },
        "south": { "uv": [ 0, 7, 12, 9 ], "texture": "#particle" },
        "west":  { "uv": [ 9.5, 13, 11.5, 15 ], "texture": "#texture" },
        "east":  { "uv": [ 9.5, 13.5, 11.5, 15.5 ], "texture": "#texture" }
    }
},
{
    "from": [ 6.125, -3.5, -0.0625 ],
    "to": [ 9.625, 0, 0 ],
    "faces": {
        "north": { "uv": [ 4.5, 0, 7.5, 3.5 ], "texture": "#texture" }
    }
}
],
"display": {
    "gui": {
        "rotation": [ 10, 170, 0 ],
        "translation": [ 0, -3, 0 ],
        "scale": [ 2.2, 3.5, 1.6 ]
    }
}
}