{
	"__comment": "Designed by 27box",
	"textures": {
		"particle": "block/mushroom_stem",
		"phone": "block/extra/phone",
		"texture": "block/extra/metal_1",
		"metal_1": "block/extra/metal_1"
	},
	"elements": [
		{
			"from": [ 2, -5.25, 0 ],
			"to": [ 14, 24.25, 16 ],
			"faces": {
				"down": { "uv": [ 0, 7, 12, 9 ], "texture": "#particle" },
				"up": { "uv": [ 0, 7, 10, 9 ], "texture": "#particle" },
				"north": { "uv": [ 0.5, 10.5, 1, 11.5 ], "texture": "#phone" },
				"south": { "uv": [ 0, 7, 12, 9 ], "texture": "#particle" },
				"west": { "uv": [ 10.5, 2.5, 11.5, 3.5 ], "texture": "#metal_1" },
				"east": { "uv": [ 10.5, 2.5, 11.5, 3.5 ], "texture": "#metal_1" }
			}
		},
		{
			"from": [ 6.125, -3.5, -0.0625 ],
			"to": [ 9.625, 0, 0 ],
			"faces": {
				"north": { "uv": [ 4.5, 0, 7.5, 3.5 ], "texture": "#texture" }
			}
		}
	],
	"display": {
		"gui": {
			"rotation":  [ 10, 170, 0 ],
			"translation":  [ 0, -3, 0 ],
			"scale":  [ 2.2, 3.5, 1.6 ]
		}
	}
}