{
"__comment": "Designed by 27box",
"textures": {
    "particle": "block/extra/metal_0",
    "texture": "block/extra/metal_0"
},
"elements": [ 
{
    "from": [ -9, 5.5, 8.5 ],
    "to": [ 25, 9.5, 9 ],
    "faces": {
        "down":  { "uv": [ 0, 0, 8, 1 ], "rotation": 90, "texture": "#texture" },
        "up":    { "uv": [ 0, 0, 8, 1 ], "rotation": 90, "texture": "#texture" },
        "north": { "uv": [ 0, 0, 8, 8 ], "texture": "#texture" },
        "south": { "uv": [ 8, 0, 0, 8 ], "rotation": 180, "texture": "#texture" },
        "west":  { "uv": [ 0, 0, 8, 8 ], "texture": "#texture" },
        "east":  { "uv": [ 0, 0, 8, 8 ], "texture": "#texture" }
    }
},
{
    "from": [ -4.5, 5.6875, 7.5 ],
    "to": [ -4, 9.375, 8.5 ],
    "faces": {
        "down":  { "uv": [ 0, 0, 1.5, 2.5 ], "rotation": 180, "texture": "#texture" },
        "up":    { "uv": [ 0, 0, 1.5, 2 ], "rotation": 180, "texture": "#texture" },
        "north": { "uv": [ 0, 0, 1.5, 2 ], "rotation": 180, "texture": "#texture" },
        "south": { "uv": [ 0, 0, 1.5, 2.5 ], "rotation": 180, "texture": "#texture" },
        "west":  { "uv": [ 0, 0, 1.5, 2 ], "rotation": 270, "texture": "#texture" },
        "east":  { "uv": [ 0, 0, 1.5, 2 ], "texture": "#texture" }
    }
}
],
"display": {
    "head": {
        "rotation": [ 0, 0, 180 ],
        "translation": [ 0, -17, -12 ],
        "scale": [ 1.85, 2, 2 ]
    }
}
}