{
"textures": {
    "texture": "block/extra/banknote"
},
"elements": [ 
{
    "from": [ 5.5, 6.5, 4.5 ],
    "to": [ 14.5, 13.5, 15.5 ],
    "faces": {
        "down":  { "uv": [ 0, 0, 9, 11 ], "texture": "#texture" },
        "up":    { "uv": [ 0, 0, 9, 11 ], "texture": "#texture" },
        "north": { "uv": [ 9, 5, 16, 16 ], "rotation": 90, "texture": "#texture" },
        "south": { "uv": [ 9, 5, 16, 16 ], "rotation": 90, "texture": "#texture" },
        "west":  { "uv": [ 9, 5, 16, 16 ], "rotation": 90, "texture": "#texture" },
        "east":  { "uv": [ 9, 5, 16, 16 ], "rotation": 90, "texture": "#texture" }
    }
}

],
"display": {
		"thirdperson_righthand": {
			"rotation":  [ 0, 0, 90 ],
			"translation":  [ 1, -2, -3 ],
			"scale":  [ 0.6, 0.6, 0.6 ]
		},
		"thirdperson_lefthand": {
			"rotation":  [ 0, 0, 90 ],
			"translation":  [ -1, -2, -3 ],
			"scale":  [ 0.6, 0.6, 0.6 ]
		},
		"firstperson_righthand": {
			"rotation":  [ 90, 0, 0 ],
			"translation":  [ -2, 5, 0 ],
			"scale":  [ 0.5, 0.5, 0.5 ]
		},
		"firstperson_lefthand": {
			"rotation":  [ 90, 0, 0 ],
			"translation":  [ 2, 5, 0 ],
			"scale":  [ 0.5, 0.5, 0.5 ]
		},
		"gui": {
			"rotation":  [ 90, 0, 0 ],
			"translation":  [ -2, 2, 0 ],
			"scale":  [ 1.2, 1.2, 1.2 ]
		},
		"head": {
			"rotation":  [ 0, 0, 0 ],
			"translation":  [ 0, 0, 0 ],
			"scale":  [ 1, 1, 1 ]
		},
		"ground": {
			"rotation":  [ 0, 0, 0 ],
			"scale":  [ 0.6, 0.6, 0.6 ]
		}
	}
}