{
"__comment": "Designed by 27box",
"textures": {
    "particle": "block/spruce_planks",
    "texture": "block/gold_block"
},
"elements": [ 
{
    "from": [ -7.5, 6, 4.125 ],
    "to": [ 21, 10, 5.3125 ],
    "faces": {
        "down":  { "uv": [ 16, 5, 0, 4 ], "texture": "#texture" },
        "up":    { "uv": [ 0, 4, 16, 5 ], "texture": "#texture" },
        "north": { "uv": [ 0, 0, 16, 4.5 ], "texture": "#texture" },
        "south": { "uv": [ 0, 0, 16, 4.5 ], "texture": "#texture" },
        "west":  { "uv": [ 4, 0, 5, 4.5 ], "texture": "#texture" },
        "east":  { "uv": [ 11, 0, 12, 4.5 ], "texture": "#texture" }
    }
},
{
    "from": [ -6, 12, 4 ],
    "to": [ 23, 16, 5 ],
    "faces": {
        "down":  { "uv": [ 16, 5, 0, 4 ], "texture": "#texture" },
        "up":    { "uv": [ 0, 4, 16, 5 ], "texture": "#texture" },
        "north": { "uv": [ 0, 0, 16, 4.5 ], "texture": "#texture" },
        "south": { "uv": [ 0, 0, 16, 4.5 ], "texture": "#texture" },
        "west":  { "uv": [ 4, 0, 5, 4.5 ], "texture": "#texture" },
        "east":  { "uv": [ 11, 0, 12, 4.5 ], "texture": "#texture" }
    }
},
{
    "from": [ -3.5, 1, 4 ],
    "to": [ 22.5, 4.5, 5 ],
    "faces": {
        "down":  { "uv": [ 16, 5, 0, 4 ], "texture": "#texture" },
        "up":    { "uv": [ 0, 4, 16, 5 ], "texture": "#texture" },
        "north": { "uv": [ 0, 0, 16, 4.5 ], "texture": "#texture" },
        "south": { "uv": [ 0, 0, 16, 4.5 ], "texture": "#texture" },
        "west":  { "uv": [ 4, 0, 5, 4.5 ], "texture": "#texture" },
        "east":  { "uv": [ 11, 0, 12, 4.5 ], "texture": "#texture" }
    }
},
{
    "from": [ -1.5, 18, 4.0625 ],
    "to": [ 31, 22, 5.0625 ],
    "rotation": { "origin": [ -1.5, 22, 4.0625 ], "axis": "z", "angle": -45 },
    "faces": {
        "down":  { "uv": [ 16, 5, 0, 4 ], "texture": "#texture" },
        "up":    { "uv": [ 0, 4, 16, 5 ], "texture": "#texture" },
        "north": { "uv": [ 0, 0, 16, 4.5 ], "texture": "#texture" },
        "south": { "uv": [ 0, 0, 16, 4.5 ], "texture": "#texture" },
        "west":  { "uv": [ 4, 0, 5, 4.5 ], "texture": "#texture" },
        "east":  { "uv": [ 11, 0, 12, 4.5 ], "texture": "#texture" }
    }
}
],
"display": {
    "head": {
        "rotation": [ 0, 0, 0 ],
        "translation": [ 0, -10, 0 ],
        "scale": [ 2.5, 2, 2 ]
    }
}
}