{
"__comment": "Designed by 27box",
"textures": {
    "particle": "block/extra/beye",
    "texture": "block/extra/beye"
},
"elements": [ 
{
    "from": [ 0, 0, 8 ],
    "to": [ 31.5, 32, 8.5 ],
    "faces": {
        "down":  { "uv": [ 0, 0, 2.5, 3.5 ], "texture": "#texture" },
        "up":    { "uv": [ 0, 0, 2, 3 ], "texture": "#texture" },
        "north": { "uv": [ 0, 0, 3, 3 ], "texture": "#texture" },
        "south": { "uv": [ 0, 0, 16, 16 ], "texture": "#texture" },
        "west":  { "uv": [ 0, 0, 3, 4 ], "texture": "#texture" },
        "east":  { "uv": [ 0, 0, 2.5, 3 ], "texture": "#texture" }
    }
}
],
"display": {
    "head": {
        "rotation": [ 0, 0, 0 ],
        "translation": [ -15, -15, 0 ],
        "scale": [ 2, 2, 2 ]
    }
}
}