{
"__comment": "Designed by Ounceabgm with BDcraft Cubik PRO 1.00 for MC1.8 - http://bdcraft.net",
"textures": {
    "particle": "block/extra/none",
    "texture": "block/fire_1",
    "acacia_log": "block/acacia_log"
},
"elements": [ 
{
    "from": [ 0, 2, 8 ],
    "to": [ 16, 18.5, 8.5 ],
    "faces": {
        "down":  { "uv": [ 0, 0, 1.5, 2 ], "texture": "#particle" },
        "up":    { "uv": [ 0, 0, 1.5, 2 ], "texture": "#particle" },
        "north": { "uv": [ 0, 0, 1.5, 2 ], "texture": "#texture" },
        "south": { "uv": [ 0, 0, 16, 16 ], "texture": "#texture" },
        "west":  { "uv": [ 0, 0, 1.5, 1.5 ], "texture": "#texture" },
        "east":  { "uv": [ 0, 0, 2.5, 2.5 ], "texture": "#texture" }
    }
},
{
    "from": [ 8, 2, 0 ],
    "to": [ 8.5, 18.5, 16 ],
    "faces": {
        "down":  { "uv": [ 0, 0, 1.5, 2 ], "texture": "#particle" },
        "up":    { "uv": [ 0, 0, 1.5, 2 ], "texture": "#particle" },
        "north": { "uv": [ 0, 0, 1.5, 2 ], "texture": "#texture" },
        "south": { "uv": [ 0, 0, 3, 2 ], "texture": "#texture" },
        "west":  { "uv": [ 0, 0, 1.5, 1.5 ], "texture": "#texture" },
        "east":  { "uv": [ 0, 0, 16, 16 ], "texture": "#texture" }
    }
},
{
    "from": [ 1.5, 0, -0.5 ],
    "to": [ 13.5, 2, 1.5 ],
    "rotation": { "origin": [ 1.5, 0, -0.5 ], "axis": "y", "angle": -45 },
    "faces": {
        "down":  { "uv": [ -2, 4, 6.5, 6 ], "texture": "#acacia_log" },
        "up":    { "uv": [ 0, 4, 8.5, 6 ], "texture": "#acacia_log" },
        "north": { "uv": [ 0, 14, 8.5, 16 ], "texture": "#acacia_log" },
        "south": { "uv": [ 0, 14, 8.5, 16 ], "texture": "#acacia_log" },
        "west":  { "uv": [ 4, 14, 6, 16 ], "texture": "#acacia_log" },
        "east":  { "uv": [ 4, 14, 6, 16 ], "texture": "#acacia_log" }
    }
},
{
    "from": [ 5.5, 0, 6.5 ],
    "to": [ 18.5, 2, 8.5 ],
    "rotation": { "origin": [ 5.5, 0, 6.5 ], "axis": "y", "angle": -45 },
    "faces": {
        "down":  { "uv": [ -2, 4, 6.5, 6 ], "texture": "#acacia_log" },
        "up":    { "uv": [ 0, 4, 8.5, 6 ], "texture": "#acacia_log" },
        "north": { "uv": [ 0, 14, 8.5, 16 ], "texture": "#acacia_log" },
        "south": { "uv": [ 0, 14, 8.5, 16 ], "texture": "#acacia_log" },
        "west":  { "uv": [ 4, 14, 6, 16 ], "texture": "#acacia_log" },
        "east":  { "uv": [ 4, 14, 6, 16 ], "texture": "#acacia_log" }
    }
},
{
    "from": [ 6, 0, 8 ],
    "to": [ 19, 2, 10 ],
    "rotation": { "origin": [ 6, 0, 8 ], "axis": "y", "angle": 22.5 },
    "faces": {
        "down":  { "uv": [ -2, 4, 6.5, 6 ], "texture": "#acacia_log" },
        "up":    { "uv": [ 0, 4, 8.5, 6 ], "texture": "#acacia_log" },
        "north": { "uv": [ 0, 14, 8.5, 16 ], "texture": "#acacia_log" },
        "south": { "uv": [ 0, 14, 8.5, 16 ], "texture": "#acacia_log" },
        "west":  { "uv": [ 4, 14, 6, 16 ], "texture": "#acacia_log" },
        "east":  { "uv": [ 4, 14, 6, 16 ], "texture": "#acacia_log" }
    }
},
{
    "from": [ 0, 0, 13 ],
    "to": [ 13, 2, 15 ],
    "rotation": { "origin": [ 0, 0, 13 ], "axis": "y", "angle": 45 },
    "faces": {
        "down":  { "uv": [ -2, 4, 6.5, 6 ], "texture": "#acacia_log" },
        "up":    { "uv": [ 0, 4, 8.5, 6 ], "texture": "#acacia_log" },
        "north": { "uv": [ 0, 14, 8.5, 16 ], "texture": "#acacia_log" },
        "south": { "uv": [ 0, 14, 8.5, 16 ], "texture": "#acacia_log" },
        "west":  { "uv": [ 4, 14, 6, 16 ], "texture": "#acacia_log" },
        "east":  { "uv": [ 4, 14, 6, 16 ], "texture": "#acacia_log" }
    }
},
{
    "from": [ 5.5, 3.5, 8 ],
    "to": [ 18.5, 5.5, 10 ],
    "rotation": { "origin": [ 5.5, 5.5, 8 ], "axis": "z", "angle": -22.5 },
    "faces": {
        "down":  { "uv": [ -2, 4, 6.5, 6 ], "texture": "#acacia_log" },
        "up":    { "uv": [ 0, 4, 8.5, 6 ], "texture": "#acacia_log" },
        "north": { "uv": [ 0, 14, 8.5, 16 ], "texture": "#acacia_log" },
        "south": { "uv": [ 0, 14, 8.5, 16 ], "texture": "#acacia_log" },
        "west":  { "uv": [ 4, 14, 6, 16 ], "texture": "#acacia_log" },
        "east":  { "uv": [ 4, 14, 6, 16 ], "texture": "#acacia_log" }
    }
},
{
    "from": [ 6.5, 0, 8 ],
    "to": [ 8.5, 2, 18 ],
    "faces": {
        "down":  { "uv": [ 0.5, 3.5, 3, 13.5 ], "texture": "#acacia_log" },
        "up":    { "uv": [ 7, 3.5, 9.5, 13.5 ], "texture": "#acacia_log" },
        "north": { "uv": [ 6, 14, 8.5, 16 ], "texture": "#acacia_log" },
        "south": { "uv": [ 6, 14, 8.5, 16 ], "texture": "#acacia_log" },
        "west":  { "uv": [ 2, 5, 12, 7 ], "texture": "#acacia_log" },
        "east":  { "uv": [ 3.5, 12.5, 13.5, 14.5 ], "texture": "#acacia_log" }
    }
},
{
    "from": [ 8, -1, -1.5 ],
    "to": [ 10, 1, 8.5 ],
    "rotation": { "origin": [ 8, 1, -1.5 ], "axis": "x", "angle": -22.5 },
    "faces": {
        "down":  { "uv": [ 0.5, 3.5, 3, 13.5 ], "texture": "#acacia_log" },
        "up":    { "uv": [ 7, 3.5, 9.5, 13.5 ], "texture": "#acacia_log" },
        "north": { "uv": [ 6, 14, 8.5, 16 ], "texture": "#acacia_log" },
        "south": { "uv": [ 6, 14, 8.5, 16 ], "texture": "#acacia_log" },
        "west":  { "uv": [ 2, 5, 12, 7 ], "texture": "#acacia_log" },
        "east":  { "uv": [ 3.5, 12.5, 13.5, 14.5 ], "texture": "#acacia_log" }
    }
},
{
    "from": [ 2, 2, 14 ],
    "to": [ 18, 18.5, 14.5 ],
    "rotation": { "origin": [ 2, 2, 14 ], "axis": "y", "angle": 45 },
    "faces": {
        "down":  { "uv": [ 0, 0, 1.5, 2 ], "texture": "#particle" },
        "up":    { "uv": [ 0, 0, 1.5, 2 ], "texture": "#particle" },
        "north": { "uv": [ 0, 0, 1.5, 2 ], "texture": "#texture" },
        "south": { "uv": [ 0, 0, 16, 16 ], "texture": "#texture" },
        "west":  { "uv": [ 0, 0, 1.5, 1.5 ], "texture": "#texture" },
        "east":  { "uv": [ 0, 0, 2.5, 2.5 ], "texture": "#texture" }
    }
},
{
    "from": [ 2.5, 2, 2.5 ],
    "to": [ 3, 18, 18.5 ],
    "rotation": { "origin": [ 2.5, 2, 2.5 ], "axis": "y", "angle": 45 },
    "faces": {
        "down":  { "uv": [ 0, 0, 1.5, 2 ], "texture": "#particle" },
        "up":    { "uv": [ 0, 0, 1.5, 2 ], "texture": "#particle" },
        "north": { "uv": [ 0, 0, 1.5, 2 ], "texture": "#texture" },
        "south": { "uv": [ 0, 0, 3, 2 ], "texture": "#texture" },
        "west":  { "uv": [ 0, 0, 1.5, 1.5 ], "texture": "#texture" },
        "east":  { "uv": [ 0, 0, 16, 16 ], "texture": "#texture" }
    }
}
],
"display": {
    "head": {
        "rotation": [ 0, 0, 0 ],
        "translation": [ 0, -15, 0 ],
        "scale": [ 3, 3, 3 ]
    }
}
}