{
"__comment": "Designed by 27box",
"textures": {
    "particle": "block/pink_concrete",
    "texture": "block/red_tulip"
},
"elements": [ 
{
    "from": [ -4, 0, 9 ],
    "to": [ 20, 32, 9.5 ],
    "faces": {
        "down":  { "uv": [ 0, 0, 1.5, 1.5 ], "texture": "#texture" },
        "up":    { "uv": [ 0, 0, 2, 2 ], "texture": "#texture" },
        "north": { "uv": [ 2.5, 0, 11.5, 16 ], "texture": "#texture" },
        "south": { "uv": [ 0, 0, 2.5, 2 ], "texture": "#texture" },
        "west":  { "uv": [ 0, 0, 2.5, 2 ], "texture": "#texture" },
        "east":  { "uv": [ 0, 0, 3, 2 ], "texture": "#texture" }
    }
}
],
"display": {
    "head": {
        "rotation": [ 0, 0, 0 ],
        "translation": [ 0, -12, 0 ],
        "scale": [ 4, 4, 4 ]
    }
}
}