{
"__comment": "Designed by Ounceabgm with BDcraft Cubik PRO 1.00 for MC1.8 - http://bdcraft.net",
"textures": {
    "particle": "block/black_concrete",
    "texture": "block/extra/bird"
},
"elements": [ 
{
    "from": [ 2, -16, 7.5 ],
    "to": [ 14, 0, 8 ],
    "faces": {
        "down":  { "uv": [ 0, 0, 1.5, 1.5 ], "texture": "#texture" },
        "up":    { "uv": [ 0, 0, 1, 1.5 ], "texture": "#texture" },
        "north": { "uv": [ 0, 0, 8.5, 16 ], "texture": "#texture" },
        "south": { "uv": [ 0, 0, 2, 1 ], "texture": "#texture" },
        "west":  { "uv": [ 0, 0, 2, 1.5 ], "texture": "#texture" },
        "east":  { "uv": [ 0, 0, 1.5, 1 ], "texture": "#texture" }
    }
},
{
    "from": [ 7.9375, -0.6875, 7.375 ],
    "to": [ 8.4375, 31.375, 7.5625 ],
    "faces": {
        "down":  { "uv": [ 0, 0, 1.5, 1.5 ], "texture": "#texture" },
        "up":    { "uv": [ 0, 0, 1, 1.5 ], "texture": "#texture" },
        "north": { "uv": [ 4.5, 14.5, 5.5, 15 ], "texture": "#texture" },
        "south": { "uv": [ 3.5, 14, 4.5, 15 ], "texture": "#texture" },
        "west":  { "uv": [ 3, 14, 4.5, 14.5 ], "texture": "#texture" },
        "east":  { "uv": [ 3.5, 14.5, 5, 15 ], "texture": "#texture" }
    }
}
],
"display": {
    "head": {
        "rotation": [ 0, 0, 0 ],
        "translation": [ 0, 0, 0 ],
        "scale": [ 3, 3, 3 ]
    }
}
}