{
"__comment": "Designed by Flashtt with BDcraft Cubik PRO 0.95 Beta - http://bdcraft.net",
"textures": {
    "texture": "block/extra/metal_1"
},
"elements": [ 
{
    "from": [ 2, 5.5, 6.5 ],
    "to": [ 9, 10.5, 9.5 ],
    "faces": {
        "down":  { "uv": [ 14.5, 10.5, 15.5, 11.5 ], "texture": "#texture" },
        "up":    { "uv": [ 14.5, 10.5, 15.5, 11.5 ], "texture": "#texture" },
        "north": { "uv": [ 14.5, 10.5, 15.5, 11.5 ], "texture": "#texture" },
        "south": { "uv": [ 14.5, 10.5, 15.5, 11.5 ], "texture": "#texture" },
        "west":  { "uv": [ 14.5, 10.5, 15.5, 11.5 ], "texture": "#texture" },
        "east":  { "uv": [ 14.5, 10.5, 15.5, 11.5 ], "texture": "#texture" }
    }
},
{
    "from": [ 2, 6.5, 5.5 ],
    "to": [ 9, 9.5, 10.5 ],
    "faces": {
        "down":  { "uv": [ 14.5, 10.5, 15.5, 11.5 ], "texture": "#texture" },
        "up":    { "uv": [ 14.5, 10.5, 15.5, 11.5 ], "texture": "#texture" },
        "north": { "uv": [ 14.5, 10.5, 15.5, 11.5 ], "texture": "#texture" },
        "south": { "uv": [ 14.5, 10.5, 15.5, 11.5 ], "texture": "#texture" },
        "west":  { "uv": [ 14.5, 10.5, 15.5, 11.5 ], "texture": "#texture" },
        "east":  { "uv": [ 14.5, 10.5, 15.5, 11.5 ], "texture": "#texture" }
    }
},
{
    "from": [ 2, 8.5, 5.5 ],
    "to": [ 9, 9.5, 6.875 ],
    "rotation": { "origin": [ 2, 9.5, 5.5 ], "axis": "x", "angle": -45 },
    "faces": {
        "down":  { "uv": [ 14.5, 10.5, 15.5, 11.5 ], "texture": "#texture" },
        "up":    { "uv": [ 14.5, 10.5, 15.5, 11.5 ], "texture": "#texture" },
        "north": { "uv": [ 14.5, 10.5, 15.5, 11.5 ], "texture": "#texture" },
        "south": { "uv": [ 14.5, 10.5, 15.5, 11.5 ], "texture": "#texture" },
        "west":  { "uv": [ 14.5, 10.5, 15.5, 11.5 ], "texture": "#texture" },
        "east":  { "uv": [ 14.5, 10.5, 15.5, 11.5 ], "texture": "#texture" }
    }
},
{
    "from": [ 2, 5.1875, 8.75 ],
    "to": [ 9, 6.1875, 10.25 ],
    "rotation": { "origin": [ 2, 6.1875, 8.75 ], "axis": "x", "angle": -45 },
    "faces": {
        "down":  { "uv": [ 14.5, 10.5, 15.5, 11.5 ], "texture": "#texture" },
        "up":    { "uv": [ 14.5, 10.5, 15.5, 11.5 ], "texture": "#texture" },
        "north": { "uv": [ 14.5, 10.5, 15.5, 11.5 ], "texture": "#texture" },
        "south": { "uv": [ 14.5, 10.5, 15.5, 11.5 ], "texture": "#texture" },
        "west":  { "uv": [ 14.5, 10.5, 15.5, 11.5 ], "texture": "#texture" },
        "east":  { "uv": [ 14.5, 10.5, 15.5, 11.5 ], "texture": "#texture" }
    }
},
{
    "from": [ 2, 6.25, 6.125 ],
    "to": [ 9, 7.25, 7.625 ],
    "rotation": { "origin": [ 2, 7.25, 6.125 ], "axis": "x", "angle": 45 },
    "faces": {
        "down":  { "uv": [ 14.5, 10.5, 15.5, 11.5 ], "texture": "#texture" },
        "up":    { "uv": [ 14.5, 10.5, 15.5, 11.5 ], "texture": "#texture" },
        "north": { "uv": [ 14.5, 10.5, 15.5, 11.5 ], "texture": "#texture" },
        "south": { "uv": [ 14.5, 10.5, 15.5, 11.5 ], "texture": "#texture" },
        "west":  { "uv": [ 14.5, 10.5, 15.5, 11.5 ], "texture": "#texture" },
        "east":  { "uv": [ 14.5, 10.5, 15.5, 11.5 ], "texture": "#texture" }
    }
},
{
    "from": [ 2, 9.5625, 9.4375 ],
    "to": [ 9, 10.5625, 10.9375 ],
    "rotation": { "origin": [ 2, 10.5625, 9.4375 ], "axis": "x", "angle": 45 },
    "faces": {
        "down":  { "uv": [ 14.5, 10.5, 15.5, 11.5 ], "texture": "#texture" },
        "up":    { "uv": [ 14.5, 10.5, 15.5, 11.5 ], "texture": "#texture" },
        "north": { "uv": [ 14.5, 10.5, 15.5, 11.5 ], "texture": "#texture" },
        "south": { "uv": [ 14.5, 10.5, 15.5, 11.5 ], "texture": "#texture" },
        "west":  { "uv": [ 14.5, 10.5, 15.5, 11.5 ], "texture": "#texture" },
        "east":  { "uv": [ 14.5, 10.5, 15.5, 11.5 ], "texture": "#texture" }
    }
},
{
    "from": [ 1, 6.5, 6.5 ],
    "to": [ 2, 9.5, 9.5 ],
    "faces": {
        "down":  { "uv": [ 14.5, 10.5, 15.5, 11.5 ], "texture": "#texture" },
        "up":    { "uv": [ 14.5, 10.5, 15.5, 11.5 ], "texture": "#texture" },
        "north": { "uv": [ 14.5, 10.5, 15.5, 11.5 ], "texture": "#texture" },
        "south": { "uv": [ 14.5, 10.5, 15.5, 11.5 ], "texture": "#texture" },
        "west":  { "uv": [ 14.5, 10.5, 15.5, 11.5 ], "texture": "#texture" },
        "east":  { "uv": [ 14.5, 10.5, 15.5, 11.5 ], "texture": "#texture" }
    }
},
{
    "from": [ 0.5, 7, 7 ],
    "to": [ 1, 9, 9 ],
    "faces": {
        "down":  { "uv": [ 14.5, 10.5, 15.5, 11.5 ], "texture": "#texture" },
        "up":    { "uv": [ 14.5, 10.5, 15.5, 11.5 ], "texture": "#texture" },
        "north": { "uv": [ 14.5, 10.5, 15.5, 11.5 ], "texture": "#texture" },
        "south": { "uv": [ 14.5, 10.5, 15.5, 11.5 ], "texture": "#texture" },
        "west":  { "uv": [ 14.5, 10.5, 15.5, 11.5 ], "texture": "#texture" },
        "east":  { "uv": [ 14.5, 10.5, 15.5, 11.5 ], "texture": "#texture" }
    }
},
{
    "from": [ 1, 6.5, 6.5 ],
    "to": [ 2.5, 9.5, 7 ],
    "rotation": { "origin": [ 1, 6.5, 6.5 ], "axis": "y", "angle": 45 },
    "faces": {
        "down":  { "uv": [ 14.5, 10.5, 15.5, 11.5 ], "texture": "#texture" },
        "up":    { "uv": [ 14.5, 10.5, 15.5, 11.5 ], "texture": "#texture" },
        "north": { "uv": [ 14.5, 10.5, 15.5, 11.5 ], "texture": "#texture" },
        "south": { "uv": [ 14.5, 10.5, 15.5, 11.5 ], "texture": "#texture" },
        "west":  { "uv": [ 14.5, 10.5, 15.5, 11.5 ], "texture": "#texture" },
        "east":  { "uv": [ 14.5, 10.5, 15.5, 11.5 ], "texture": "#texture" }
    }
},
{
    "from": [ 1.3125, 6.5, 9.1875 ],
    "to": [ 2.7125, 9.5, 9.6875 ],
    "rotation": { "origin": [ 1.3125, 6.5, 9.1875 ], "axis": "y", "angle": -45 },
    "faces": {
        "down":  { "uv": [ 14.5, 10.5, 15.5, 11.5 ], "texture": "#texture" },
        "up":    { "uv": [ 14.5, 10.5, 15.5, 11.5 ], "texture": "#texture" },
        "north": { "uv": [ 14.5, 10.5, 15.5, 11.5 ], "texture": "#texture" },
        "south": { "uv": [ 14.5, 10.5, 15.5, 11.5 ], "texture": "#texture" },
        "west":  { "uv": [ 14.5, 10.5, 15.5, 11.5 ], "texture": "#texture" },
        "east":  { "uv": [ 14.5, 10.5, 15.5, 11.5 ], "texture": "#texture" }
    }
},
{
    "from": [ 2.06066, 9.0625, 6.5 ],
    "to": [ 4.18566, 10.5625, 9.5 ],
    "rotation": { "origin": [ 2.06066, 10.5625, 6.5 ], "axis": "z", "angle": -45 },
    "faces": {
        "down":  { "uv": [ 14.5, 10.5, 15.5, 11.5 ], "texture": "#texture" },
        "up":    { "uv": [ 14.5, 10.5, 15.5, 11.5 ], "texture": "#texture" },
        "north": { "uv": [ 14.5, 10.5, 15.5, 11.5 ], "texture": "#texture" },
        "south": { "uv": [ 14.5, 10.5, 15.5, 11.5 ], "texture": "#texture" },
        "west":  { "uv": [ 14.5, 10.5, 15.5, 11.5 ], "texture": "#texture" },
        "east":  { "uv": [ 14.5, 10.5, 15.5, 11.5 ], "texture": "#texture" }
    }
},
{
    "from": [ 1, 5, 6.5 ],
    "to": [ 1.5, 6.5, 9.5 ],
    "rotation": { "origin": [ 1, 6.5, 6.5 ], "axis": "z", "angle": 45 },
    "faces": {
        "down":  { "uv": [ 14.5, 10.5, 15.5, 11.5 ], "texture": "#texture" },
        "up":    { "uv": [ 14.5, 10.5, 15.5, 11.5 ], "texture": "#texture" },
        "north": { "uv": [ 14.5, 10.5, 15.5, 11.5 ], "texture": "#texture" },
        "south": { "uv": [ 14.5, 10.5, 15.5, 11.5 ], "texture": "#texture" },
        "west":  { "uv": [ 14.5, 10.5, 15.5, 11.5 ], "texture": "#texture" },
        "east":  { "uv": [ 14.5, 10.5, 15.5, 11.5 ], "texture": "#texture" }
    }
},
{
    "from": [ 0.5, 7, 7 ],
    "to": [ 1.5, 9, 7.5 ],
    "rotation": { "origin": [ 0.5, 7, 7 ], "axis": "y", "angle": 45 },
    "faces": {
        "down":  { "uv": [ 14.5, 10.5, 15.5, 11.5 ], "texture": "#texture" },
        "up":    { "uv": [ 14.5, 10.5, 15.5, 11.5 ], "texture": "#texture" },
        "north": { "uv": [ 14.5, 10.5, 15.5, 11.5 ], "texture": "#texture" },
        "south": { "uv": [ 14.5, 10.5, 15.5, 11.5 ], "texture": "#texture" },
        "west":  { "uv": [ 14.5, 10.5, 15.5, 11.5 ], "texture": "#texture" },
        "east":  { "uv": [ 14.5, 10.5, 15.5, 11.5 ], "texture": "#texture" }
    }
},
{
    "from": [ 0.791062, 7, 8.625 ],
    "to": [ 1.79106, 9, 9.125 ],
    "rotation": { "origin": [ 0.791062, 7, 8.625 ], "axis": "y", "angle": -45 },
    "faces": {
        "down":  { "uv": [ 14.5, 10.5, 15.5, 11.5 ], "texture": "#texture" },
        "up":    { "uv": [ 14.5, 10.5, 15.5, 11.5 ], "texture": "#texture" },
        "north": { "uv": [ 14.5, 10.5, 15.5, 11.5 ], "texture": "#texture" },
        "south": { "uv": [ 14.5, 10.5, 15.5, 11.5 ], "texture": "#texture" },
        "west":  { "uv": [ 14.5, 10.5, 15.5, 11.5 ], "texture": "#texture" },
        "east":  { "uv": [ 14.5, 10.5, 15.5, 11.5 ], "texture": "#texture" }
    }
},
{
    "from": [ 1.25, 8.75, 6.9375 ],
    "to": [ 1.75, 9.75, 8.9375 ],
    "rotation": { "origin": [ 1.25, 9.75, 6.9375 ], "axis": "z", "angle": -45 },
    "faces": {
        "down":  { "uv": [ 14.5, 10.5, 15.5, 11.5 ], "texture": "#texture" },
        "up":    { "uv": [ 14.5, 10.5, 15.5, 11.5 ], "texture": "#texture" },
        "north": { "uv": [ 14.5, 10.5, 15.5, 11.5 ], "texture": "#texture" },
        "south": { "uv": [ 14.5, 10.5, 15.5, 11.5 ], "texture": "#texture" },
        "west":  { "uv": [ 14.5, 10.5, 15.5, 11.5 ], "texture": "#texture" },
        "east":  { "uv": [ 14.5, 10.5, 15.5, 11.5 ], "texture": "#texture" }
    }
},
{
    "from": [ 0.5, 6, 7 ],
    "to": [ 1, 7, 9 ],
    "rotation": { "origin": [ 0.5, 7, 7 ], "axis": "z", "angle": 45 },
    "faces": {
        "down":  { "uv": [ 14.5, 10.5, 15.5, 11.5 ], "texture": "#texture" },
        "up":    { "uv": [ 14.5, 10.5, 15.5, 11.5 ], "texture": "#texture" },
        "north": { "uv": [ 14.5, 10.5, 15.5, 11.5 ], "texture": "#texture" },
        "south": { "uv": [ 14.5, 10.5, 15.5, 11.5 ], "texture": "#texture" },
        "west":  { "uv": [ 14.5, 10.5, 15.5, 11.5 ], "texture": "#texture" },
        "east":  { "uv": [ 14.5, 10.5, 15.5, 11.5 ], "texture": "#texture" }
    }
},
{
    "from": [ 1.5, 4.6875, 6.3125 ],
    "to": [ 4.5, 9.1875, 7 ],
    "rotation": { "origin": [ 1.5, 9.1875, 6.3125 ], "axis": "x", "angle": -45 },
    "faces": {
        "down":  { "uv": [ 14.5, 10.5, 15.5, 11.5 ], "texture": "#texture" },
        "up":    { "uv": [ 14.5, 10.5, 15.5, 11.5 ], "texture": "#texture" },
        "north": { "uv": [ 14.5, 10.5, 15.5, 11.5 ], "texture": "#texture" },
        "south": { "uv": [ 14.5, 10.5, 15.5, 11.5 ], "texture": "#texture" },
        "west":  { "uv": [ 14.5, 10.5, 15.5, 11.5 ], "texture": "#texture" },
        "east":  { "uv": [ 14.5, 10.5, 15.5, 11.5 ], "texture": "#texture" }
    }
},
{
    "from": [ 1.5, 5.1875, 9.1875 ],
    "to": [ 4.5, 9.6875, 9.875 ],
    "rotation": { "origin": [ 1.5, 9.6875, 9.1875 ], "axis": "x", "angle": 45 },
    "faces": {
        "down":  { "uv": [ 14.5, 10.5, 15.5, 11.5 ], "texture": "#texture" },
        "up":    { "uv": [ 14.5, 10.5, 15.5, 11.5 ], "texture": "#texture" },
        "north": { "uv": [ 14.5, 10.5, 15.5, 11.5 ], "texture": "#texture" },
        "south": { "uv": [ 14.5, 10.5, 15.5, 11.5 ], "texture": "#texture" },
        "west":  { "uv": [ 14.5, 10.5, 15.5, 11.5 ], "texture": "#texture" },
        "east":  { "uv": [ 14.5, 10.5, 15.5, 11.5 ], "texture": "#texture" }
    }
},
{
    "from": [ 0.8125, 7.75, 7.8125 ],
    "to": [ 1.8125, 8.25, 9.3125 ],
    "rotation": { "origin": [ 0.8125, 8.25, 7.8125 ], "axis": "x", "angle": -45 },
    "faces": {
        "down":  { "uv": [ 14.5, 10.5, 15.5, 11.5 ], "texture": "#texture" },
        "up":    { "uv": [ 14.5, 10.5, 15.5, 11.5 ], "texture": "#texture" },
        "north": { "uv": [ 14.5, 10.5, 15.5, 11.5 ], "texture": "#texture" },
        "south": { "uv": [ 14.5, 10.5, 15.5, 11.5 ], "texture": "#texture" },
        "west":  { "uv": [ 14.5, 10.5, 15.5, 11.5 ], "texture": "#texture" },
        "east":  { "uv": [ 14.5, 10.5, 15.5, 11.5 ], "texture": "#texture" }
    }
},
{
    "from": [ 0.8125, 6.5625, 6.6875 ],
    "to": [ 1.8125, 7.0625, 8.1875 ],
    "rotation": { "origin": [ 0.8125, 7.0625, 6.6875 ], "axis": "x", "angle": -45 },
    "faces": {
        "down":  { "uv": [ 14.5, 10.5, 15.5, 11.5 ], "texture": "#texture" },
        "up":    { "uv": [ 14.5, 10.5, 15.5, 11.5 ], "texture": "#texture" },
        "north": { "uv": [ 14.5, 10.5, 15.5, 11.5 ], "texture": "#texture" },
        "south": { "uv": [ 14.5, 10.5, 15.5, 11.5 ], "texture": "#texture" },
        "west":  { "uv": [ 14.5, 10.5, 15.5, 11.5 ], "texture": "#texture" },
        "east":  { "uv": [ 14.5, 10.5, 15.5, 11.5 ], "texture": "#texture" }
    }
},
{
    "from": [ 0.8125, 7.625, 8.25 ],
    "to": [ 1.8125, 8.125, 9.75 ],
    "rotation": { "origin": [ 0.8125, 8.125, 8.25 ], "axis": "x", "angle": 45 },
    "faces": {
        "down":  { "uv": [ 14.5, 10.5, 15.5, 11.5 ], "texture": "#texture" },
        "up":    { "uv": [ 14.5, 10.5, 15.5, 11.5 ], "texture": "#texture" },
        "north": { "uv": [ 14.5, 10.5, 15.5, 11.5 ], "texture": "#texture" },
        "south": { "uv": [ 14.5, 10.5, 15.5, 11.5 ], "texture": "#texture" },
        "west":  { "uv": [ 14.5, 10.5, 15.5, 11.5 ], "texture": "#texture" },
        "east":  { "uv": [ 14.5, 10.5, 15.5, 11.5 ], "texture": "#texture" }
    }
},
{
    "from": [ 0.8125, 8.8125, 7.0625 ],
    "to": [ 1.8125, 9.3125, 8.5625 ],
    "rotation": { "origin": [ 0.8125, 9.3125, 7.0625 ], "axis": "x", "angle": 45 },
    "faces": {
        "down":  { "uv": [ 14.5, 10.5, 15.5, 11.5 ], "texture": "#texture" },
        "up":    { "uv": [ 14.5, 10.5, 15.5, 11.5 ], "texture": "#texture" },
        "north": { "uv": [ 14.5, 10.5, 15.5, 11.5 ], "texture": "#texture" },
        "south": { "uv": [ 14.5, 10.5, 15.5, 11.5 ], "texture": "#texture" },
        "west":  { "uv": [ 14.5, 10.5, 15.5, 11.5 ], "texture": "#texture" },
        "east":  { "uv": [ 14.5, 10.5, 15.5, 11.5 ], "texture": "#texture" }
    }
},
{
    "from": [ 1.5, 5, 6 ],
    "to": [ 4.5, 9.5, 6.6875 ],
    "rotation": { "origin": [ 1.5, 9.5, 6 ], "axis": "x", "angle": -45 },
    "faces": {
        "down":  { "uv": [ 14.5, 10.5, 15.5, 11.5 ], "texture": "#texture" },
        "up":    { "uv": [ 14.5, 10.5, 15.5, 11.5 ], "texture": "#texture" },
        "north": { "uv": [ 14.5, 10.5, 15.5, 11.5 ], "texture": "#texture" },
        "south": { "uv": [ 14.5, 10.5, 15.5, 11.5 ], "texture": "#texture" },
        "west":  { "uv": [ 14.5, 10.5, 15.5, 11.5 ], "texture": "#texture" },
        "east":  { "uv": [ 14.5, 10.5, 15.5, 11.5 ], "texture": "#texture" }
    }
},
{
    "from": [ 1.5, 5.5, 9.5 ],
    "to": [ 4.5, 10, 10.1875 ],
    "rotation": { "origin": [ 1.5, 10, 9.5 ], "axis": "x", "angle": 45 },
    "faces": {
        "down":  { "uv": [ 14.5, 10.5, 15.5, 11.5 ], "texture": "#texture" },
        "up":    { "uv": [ 14.5, 10.5, 15.5, 11.5 ], "texture": "#texture" },
        "north": { "uv": [ 14.5, 10.5, 15.5, 11.5 ], "texture": "#texture" },
        "south": { "uv": [ 14.5, 10.5, 15.5, 11.5 ], "texture": "#texture" },
        "west":  { "uv": [ 14.5, 10.5, 15.5, 11.5 ], "texture": "#texture" },
        "east":  { "uv": [ 14.5, 10.5, 15.5, 11.5 ], "texture": "#texture" }
    }
},
{
    "from": [ 8.5, 7, 7 ],
    "to": [ 12.5, 9, 9 ],
    "faces": {
        "down":  { "uv": [ 14.5, 10.5, 15.5, 11.5 ], "texture": "#texture" },
        "up":    { "uv": [ 14.5, 10.5, 15.5, 11.5 ], "texture": "#texture" },
        "north": { "uv": [ 14.5, 10.5, 15.5, 11.5 ], "texture": "#texture" },
        "south": { "uv": [ 14.5, 10.5, 15.5, 11.5 ], "texture": "#texture" },
        "west":  { "uv": [ 14.5, 10.5, 15.5, 11.5 ], "texture": "#texture" },
        "east":  { "uv": [ 14.5, 10.5, 15.5, 11.5 ], "texture": "#texture" }
    }
},
{
    "from": [ 8.94134, 10, 7 ],
    "to": [ 12.7538, 10.5, 9 ],
    "rotation": { "origin": [ 8.94134, 10.5, 7 ], "axis": "z", "angle": -22.5 },
    "faces": {
        "down":  { "uv": [ 14.5, 10.5, 15.5, 11.5 ], "texture": "#texture" },
        "up":    { "uv": [ 14.5, 10.5, 15.5, 11.5 ], "texture": "#texture" },
        "north": { "uv": [ 14.5, 10.5, 15.5, 11.5 ], "texture": "#texture" },
        "south": { "uv": [ 14.5, 10.5, 15.5, 11.5 ], "texture": "#texture" },
        "west":  { "uv": [ 14.5, 10.5, 15.5, 11.5 ], "texture": "#texture" },
        "east":  { "uv": [ 14.5, 10.5, 15.5, 11.5 ], "texture": "#texture" }
    }
},
{
    "from": [ 8.8125, 5.5, 7 ],
    "to": [ 12.625, 6, 9 ],
    "rotation": { "origin": [ 8.8125, 6, 7 ], "axis": "z", "angle": 22.5 },
    "faces": {
        "down":  { "uv": [ 14.5, 10.5, 15.5, 11.5 ], "texture": "#texture" },
        "up":    { "uv": [ 14.5, 10.5, 15.5, 11.5 ], "texture": "#texture" },
        "north": { "uv": [ 14.5, 10.5, 15.5, 11.5 ], "texture": "#texture" },
        "south": { "uv": [ 14.5, 10.5, 15.5, 11.5 ], "texture": "#texture" },
        "west":  { "uv": [ 14.5, 10.5, 15.5, 11.5 ], "texture": "#texture" },
        "east":  { "uv": [ 14.5, 10.5, 15.5, 11.5 ], "texture": "#texture" }
    }
},
{
    "from": [ 8.8125, 7, 10.125 ],
    "to": [ 12.625, 9, 10.5625 ],
    "rotation": { "origin": [ 8.8125, 7, 10.125 ], "axis": "y", "angle": 22.5 },
    "faces": {
        "down":  { "uv": [ 14.5, 10.5, 15.5, 11.5 ], "texture": "#texture" },
        "up":    { "uv": [ 14.5, 10.5, 15.5, 11.5 ], "texture": "#texture" },
        "north": { "uv": [ 14.5, 10.5, 15.5, 11.5 ], "texture": "#texture" },
        "south": { "uv": [ 14.5, 10.5, 15.5, 11.5 ], "texture": "#texture" },
        "west":  { "uv": [ 14.5, 10.5, 15.5, 11.5 ], "texture": "#texture" },
        "east":  { "uv": [ 14.5, 10.5, 15.5, 11.5 ], "texture": "#texture" }
    }
},
{
    "from": [ 9, 7, 5.5 ],
    "to": [ 12.8125, 9, 5.9375 ],
    "rotation": { "origin": [ 9, 7, 5.5 ], "axis": "y", "angle": -22.5 },
    "faces": {
        "down":  { "uv": [ 14.5, 10.5, 15.5, 11.5 ], "texture": "#texture" },
        "up":    { "uv": [ 14.5, 10.5, 15.5, 11.5 ], "texture": "#texture" },
        "north": { "uv": [ 14.5, 10.5, 15.5, 11.5 ], "texture": "#texture" },
        "south": { "uv": [ 14.5, 10.5, 15.5, 11.5 ], "texture": "#texture" },
        "west":  { "uv": [ 14.5, 10.5, 15.5, 11.5 ], "texture": "#texture" },
        "east":  { "uv": [ 14.5, 10.5, 15.5, 11.5 ], "texture": "#texture" }
    }
},
{
    "from": [ 9, 8.5, 9 ],
    "to": [ 10, 10, 10.5 ],
    "rotation": { "origin": [ 9, 10, 9 ], "axis": "x", "angle": 45 },
    "faces": {
        "down":  { "uv": [ 14.5, 10.5, 15.5, 11.5 ], "texture": "#texture" },
        "up":    { "uv": [ 14.5, 10.5, 15.5, 11.5 ], "texture": "#texture" },
        "north": { "uv": [ 14.5, 10.5, 15.5, 11.5 ], "texture": "#texture" },
        "south": { "uv": [ 14.5, 10.5, 15.5, 11.5 ], "texture": "#texture" },
        "west":  { "uv": [ 14.5, 10.5, 15.5, 11.5 ], "texture": "#texture" },
        "east":  { "uv": [ 14.5, 10.5, 15.5, 11.5 ], "texture": "#texture" }
    }
},
{
    "from": [ 8.75, 6.5625, 9 ],
    "to": [ 9.75, 8.0625, 10.5 ],
    "rotation": { "origin": [ 8.75, 8.0625, 9 ], "axis": "x", "angle": 45 },
    "faces": {
        "down":  { "uv": [ 14.5, 10.5, 15.5, 11.5 ], "texture": "#texture" },
        "up":    { "uv": [ 14.5, 10.5, 15.5, 11.5 ], "texture": "#texture" },
        "north": { "uv": [ 14.5, 10.5, 15.5, 11.5 ], "texture": "#texture" },
        "south": { "uv": [ 14.5, 10.5, 15.5, 11.5 ], "texture": "#texture" },
        "west":  { "uv": [ 14.5, 10.5, 15.5, 11.5 ], "texture": "#texture" },
        "east":  { "uv": [ 14.5, 10.5, 15.5, 11.5 ], "texture": "#texture" }
    }
},
{
    "from": [ 8.75, 6.625, 7 ],
    "to": [ 9.75, 8.125, 8.5 ],
    "rotation": { "origin": [ 8.75, 8.125, 7 ], "axis": "x", "angle": 45 },
    "faces": {
        "down":  { "uv": [ 14.5, 10.5, 15.5, 11.5 ], "texture": "#texture" },
        "up":    { "uv": [ 14.5, 10.5, 15.5, 11.5 ], "texture": "#texture" },
        "north": { "uv": [ 14.5, 10.5, 15.5, 11.5 ], "texture": "#texture" },
        "south": { "uv": [ 14.5, 10.5, 15.5, 11.5 ], "texture": "#texture" },
        "west":  { "uv": [ 14.5, 10.5, 15.5, 11.5 ], "texture": "#texture" },
        "east":  { "uv": [ 14.5, 10.5, 15.5, 11.5 ], "texture": "#texture" }
    }
},
{
    "from": [ 8.75, 8.5, 7 ],
    "to": [ 9.75, 10, 8.5 ],
    "rotation": { "origin": [ 8.75, 10, 7 ], "axis": "x", "angle": 45 },
    "faces": {
        "down":  { "uv": [ 14.5, 10.5, 15.5, 11.5 ], "texture": "#texture" },
        "up":    { "uv": [ 14.5, 10.5, 15.5, 11.5 ], "texture": "#texture" },
        "north": { "uv": [ 14.5, 10.5, 15.5, 11.5 ], "texture": "#texture" },
        "south": { "uv": [ 14.5, 10.5, 15.5, 11.5 ], "texture": "#texture" },
        "west":  { "uv": [ 14.5, 10.5, 15.5, 11.5 ], "texture": "#texture" },
        "east":  { "uv": [ 14.5, 10.5, 15.5, 11.5 ], "texture": "#texture" }
    }
},
{
    "from": [ 9.5, 8, 6.3125 ],
    "to": [ 10.5, 9, 7.3125 ],
    "rotation": { "origin": [ 9.5, 9, 6.3125 ], "axis": "x", "angle": -45 },
    "faces": {
        "down":  { "uv": [ 14.5, 10.5, 15.5, 11.5 ], "texture": "#texture" },
        "up":    { "uv": [ 14.5, 10.5, 15.5, 11.5 ], "texture": "#texture" },
        "north": { "uv": [ 14.5, 10.5, 15.5, 11.5 ], "texture": "#texture" },
        "south": { "uv": [ 14.5, 10.5, 15.5, 11.5 ], "texture": "#texture" },
        "west":  { "uv": [ 14.5, 10.5, 15.5, 11.5 ], "texture": "#texture" },
        "east":  { "uv": [ 14.5, 10.5, 15.5, 11.5 ], "texture": "#texture" }
    }
},
{
    "from": [ 9.5, 8, 8.25 ],
    "to": [ 10.5, 9, 9.25 ],
    "rotation": { "origin": [ 9.5, 9, 8.25 ], "axis": "x", "angle": -45 },
    "faces": {
        "down":  { "uv": [ 14.5, 10.5, 15.5, 11.5 ], "texture": "#texture" },
        "up":    { "uv": [ 14.5, 10.5, 15.5, 11.5 ], "texture": "#texture" },
        "north": { "uv": [ 14.5, 10.5, 15.5, 11.5 ], "texture": "#texture" },
        "south": { "uv": [ 14.5, 10.5, 15.5, 11.5 ], "texture": "#texture" },
        "west":  { "uv": [ 14.5, 10.5, 15.5, 11.5 ], "texture": "#texture" },
        "east":  { "uv": [ 14.5, 10.5, 15.5, 11.5 ], "texture": "#texture" }
    }
},
{
    "from": [ 9.5, 6, 6.3125 ],
    "to": [ 10.5, 7, 7.3125 ],
    "rotation": { "origin": [ 9.5, 7, 6.3125 ], "axis": "x", "angle": -45 },
    "faces": {
        "down":  { "uv": [ 14.5, 10.5, 15.5, 11.5 ], "texture": "#texture" },
        "up":    { "uv": [ 14.5, 10.5, 15.5, 11.5 ], "texture": "#texture" },
        "north": { "uv": [ 14.5, 10.5, 15.5, 11.5 ], "texture": "#texture" },
        "south": { "uv": [ 14.5, 10.5, 15.5, 11.5 ], "texture": "#texture" },
        "west":  { "uv": [ 14.5, 10.5, 15.5, 11.5 ], "texture": "#texture" },
        "east":  { "uv": [ 14.5, 10.5, 15.5, 11.5 ], "texture": "#texture" }
    }
},
{
    "from": [ 9.5, 6, 8.25 ],
    "to": [ 10.5, 7, 9.25 ],
    "rotation": { "origin": [ 9.5, 7, 8.25 ], "axis": "x", "angle": -45 },
    "faces": {
        "down":  { "uv": [ 14.5, 10.5, 15.5, 11.5 ], "texture": "#texture" },
        "up":    { "uv": [ 14.5, 10.5, 15.5, 11.5 ], "texture": "#texture" },
        "north": { "uv": [ 14.5, 10.5, 15.5, 11.5 ], "texture": "#texture" },
        "south": { "uv": [ 14.5, 10.5, 15.5, 11.5 ], "texture": "#texture" },
        "west":  { "uv": [ 14.5, 10.5, 15.5, 11.5 ], "texture": "#texture" },
        "east":  { "uv": [ 14.5, 10.5, 15.5, 11.5 ], "texture": "#texture" }
    }
},
{
    "from": [ 10.5, 8.8125, 7 ],
    "to": [ 11.5, 9.3125, 7.5 ],
    "rotation": { "origin": [ 10.5, 9.3125, 7 ], "axis": "x", "angle": 45 },
    "faces": {
        "down":  { "uv": [ 14.5, 10.5, 15.5, 11.5 ], "texture": "#texture" },
        "up":    { "uv": [ 14.5, 10.5, 15.5, 11.5 ], "texture": "#texture" },
        "north": { "uv": [ 14.5, 10.5, 15.5, 11.5 ], "texture": "#texture" },
        "south": { "uv": [ 14.5, 10.5, 15.5, 11.5 ], "texture": "#texture" },
        "west":  { "uv": [ 14.5, 10.5, 15.5, 11.5 ], "texture": "#texture" },
        "east":  { "uv": [ 14.5, 10.5, 15.5, 11.5 ], "texture": "#texture" }
    }
},
{
    "from": [ 10.5, 8.8125, 9 ],
    "to": [ 11.5, 9.3125, 9.5 ],
    "rotation": { "origin": [ 10.5, 9.3125, 9 ], "axis": "x", "angle": 45 },
    "faces": {
        "down":  { "uv": [ 14.5, 10.5, 15.5, 11.5 ], "texture": "#texture" },
        "up":    { "uv": [ 14.5, 10.5, 15.5, 11.5 ], "texture": "#texture" },
        "north": { "uv": [ 14.5, 10.5, 15.5, 11.5 ], "texture": "#texture" },
        "south": { "uv": [ 14.5, 10.5, 15.5, 11.5 ], "texture": "#texture" },
        "west":  { "uv": [ 14.5, 10.5, 15.5, 11.5 ], "texture": "#texture" },
        "east":  { "uv": [ 14.5, 10.5, 15.5, 11.5 ], "texture": "#texture" }
    }
},
{
    "from": [ 10.5, 6.9375, 7 ],
    "to": [ 11.5, 7.4375, 7.5 ],
    "rotation": { "origin": [ 10.5, 7.4375, 7 ], "axis": "x", "angle": 45 },
    "faces": {
        "down":  { "uv": [ 14.5, 10.5, 15.5, 11.5 ], "texture": "#texture" },
        "up":    { "uv": [ 14.5, 10.5, 15.5, 11.5 ], "texture": "#texture" },
        "north": { "uv": [ 14.5, 10.5, 15.5, 11.5 ], "texture": "#texture" },
        "south": { "uv": [ 14.5, 10.5, 15.5, 11.5 ], "texture": "#texture" },
        "west":  { "uv": [ 14.5, 10.5, 15.5, 11.5 ], "texture": "#texture" },
        "east":  { "uv": [ 14.5, 10.5, 15.5, 11.5 ], "texture": "#texture" }
    }
},
{
    "from": [ 10.5, 6.875, 8.9375 ],
    "to": [ 11.5, 7.375, 9.4375 ],
    "rotation": { "origin": [ 10.5, 7.375, 8.9375 ], "axis": "x", "angle": 45 },
    "faces": {
        "down":  { "uv": [ 14.5, 10.5, 15.5, 11.5 ], "texture": "#texture" },
        "up":    { "uv": [ 14.5, 10.5, 15.5, 11.5 ], "texture": "#texture" },
        "north": { "uv": [ 14.5, 10.5, 15.5, 11.5 ], "texture": "#texture" },
        "south": { "uv": [ 14.5, 10.5, 15.5, 11.5 ], "texture": "#texture" },
        "west":  { "uv": [ 14.5, 10.5, 15.5, 11.5 ], "texture": "#texture" },
        "east":  { "uv": [ 14.5, 10.5, 15.5, 11.5 ], "texture": "#texture" }
    }
},
{
    "from": [ 8.75, 8.8125, 9 ],
    "to": [ 9.25, 10.3125, 10.9375 ],
    "rotation": { "origin": [ 8.75, 10.3125, 9 ], "axis": "x", "angle": 45 },
    "faces": {
        "down":  { "uv": [ 14.5, 10.5, 15.5, 11.5 ], "texture": "#texture" },
        "up":    { "uv": [ 14.5, 10.5, 15.5, 11.5 ], "texture": "#texture" },
        "north": { "uv": [ 14.5, 10.5, 15.5, 11.5 ], "texture": "#texture" },
        "south": { "uv": [ 14.5, 10.5, 15.5, 11.5 ], "texture": "#texture" },
        "west":  { "uv": [ 14.5, 10.5, 15.5, 11.5 ], "texture": "#texture" },
        "east":  { "uv": [ 14.5, 10.5, 15.5, 11.5 ], "texture": "#texture" }
    }
},
{
    "from": [ 8.75, 6.5625, 6.6875 ],
    "to": [ 9.25, 8.0625, 8.625 ],
    "rotation": { "origin": [ 8.75, 8.0625, 6.6875 ], "axis": "x", "angle": 45 },
    "faces": {
        "down":  { "uv": [ 14.5, 10.5, 15.5, 11.5 ], "texture": "#texture" },
        "up":    { "uv": [ 14.5, 10.5, 15.5, 11.5 ], "texture": "#texture" },
        "north": { "uv": [ 14.5, 10.5, 15.5, 11.5 ], "texture": "#texture" },
        "south": { "uv": [ 14.5, 10.5, 15.5, 11.5 ], "texture": "#texture" },
        "west":  { "uv": [ 14.5, 10.5, 15.5, 11.5 ], "texture": "#texture" },
        "east":  { "uv": [ 14.5, 10.5, 15.5, 11.5 ], "texture": "#texture" }
    }
},
{
    "from": [ 8.75, 7.5, 5.625 ],
    "to": [ 9.25, 9, 7.5625 ],
    "rotation": { "origin": [ 8.75, 9, 5.625 ], "axis": "x", "angle": -45 },
    "faces": {
        "down":  { "uv": [ 14.5, 10.5, 15.5, 11.5 ], "texture": "#texture" },
        "up":    { "uv": [ 14.5, 10.5, 15.5, 11.5 ], "texture": "#texture" },
        "north": { "uv": [ 14.5, 10.5, 15.5, 11.5 ], "texture": "#texture" },
        "south": { "uv": [ 14.5, 10.5, 15.5, 11.5 ], "texture": "#texture" },
        "west":  { "uv": [ 14.5, 10.5, 15.5, 11.5 ], "texture": "#texture" },
        "east":  { "uv": [ 14.5, 10.5, 15.5, 11.5 ], "texture": "#texture" }
    }
},
{
    "from": [ 8.75, 5.1875, 7.9375 ],
    "to": [ 9.25, 6.6875, 9.875 ],
    "rotation": { "origin": [ 8.75, 6.6875, 7.9375 ], "axis": "x", "angle": -45 },
    "faces": {
        "down":  { "uv": [ 14.5, 10.5, 15.5, 11.5 ], "texture": "#texture" },
        "up":    { "uv": [ 14.5, 10.5, 15.5, 11.5 ], "texture": "#texture" },
        "north": { "uv": [ 14.5, 10.5, 15.5, 11.5 ], "texture": "#texture" },
        "south": { "uv": [ 14.5, 10.5, 15.5, 11.5 ], "texture": "#texture" },
        "west":  { "uv": [ 14.5, 10.5, 15.5, 11.5 ], "texture": "#texture" },
        "east":  { "uv": [ 14.5, 10.5, 15.5, 11.5 ], "texture": "#texture" }
    }
},
{
    "from": [ 12.5, 7, 7.5 ],
    "to": [ 14.5, 9, 8.5 ],
    "faces": {
        "down":  { "uv": [ 14.5, 10.5, 15.5, 11.5 ], "texture": "#texture" },
        "up":    { "uv": [ 14.5, 10.5, 15.5, 11.5 ], "texture": "#texture" },
        "north": { "uv": [ 14.5, 10.5, 15.5, 11.5 ], "texture": "#texture" },
        "south": { "uv": [ 14.5, 10.5, 15.5, 11.5 ], "texture": "#texture" },
        "west":  { "uv": [ 14.5, 10.5, 15.5, 11.5 ], "texture": "#texture" },
        "east":  { "uv": [ 14.5, 10.5, 15.5, 11.5 ], "texture": "#texture" }
    }
},
{
    "from": [ 12.5, 7.5, 7 ],
    "to": [ 14.5, 8.5, 9 ],
    "faces": {
        "down":  { "uv": [ 14.5, 10.5, 15.5, 11.5 ], "texture": "#texture" },
        "up":    { "uv": [ 14.5, 10.5, 15.5, 11.5 ], "texture": "#texture" },
        "north": { "uv": [ 14.5, 10.5, 15.5, 11.5 ], "texture": "#texture" },
        "south": { "uv": [ 14.5, 10.5, 15.5, 11.5 ], "texture": "#texture" },
        "west":  { "uv": [ 14.5, 10.5, 15.5, 11.5 ], "texture": "#texture" },
        "east":  { "uv": [ 14.5, 10.5, 15.5, 11.5 ], "texture": "#texture" }
    }
},
{
    "from": [ 12.5, 8, 7.75 ],
    "to": [ 14.5, 9, 8.75 ],
    "rotation": { "origin": [ 12.5, 9, 7.75 ], "axis": "x", "angle": 45 },
    "faces": {
        "down":  { "uv": [ 14.5, 10.5, 15.5, 11.5 ], "texture": "#texture" },
        "up":    { "uv": [ 14.5, 10.5, 15.5, 11.5 ], "texture": "#texture" },
        "north": { "uv": [ 14.5, 10.5, 15.5, 11.5 ], "texture": "#texture" },
        "south": { "uv": [ 14.5, 10.5, 15.5, 11.5 ], "texture": "#texture" },
        "west":  { "uv": [ 14.5, 10.5, 15.5, 11.5 ], "texture": "#texture" },
        "east":  { "uv": [ 14.5, 10.5, 15.5, 11.5 ], "texture": "#texture" }
    }
},
{
    "from": [ 12.5, 7.5, 8 ],
    "to": [ 14.5, 8.5, 9 ],
    "rotation": { "origin": [ 12.5, 8.5, 8 ], "axis": "x", "angle": 45 },
    "faces": {
        "down":  { "uv": [ 14.5, 10.5, 15.5, 11.5 ], "texture": "#texture" },
        "up":    { "uv": [ 14.5, 10.5, 15.5, 11.5 ], "texture": "#texture" },
        "north": { "uv": [ 14.5, 10.5, 15.5, 11.5 ], "texture": "#texture" },
        "south": { "uv": [ 14.5, 10.5, 15.5, 11.5 ], "texture": "#texture" },
        "west":  { "uv": [ 14.5, 10.5, 15.5, 11.5 ], "texture": "#texture" },
        "east":  { "uv": [ 14.5, 10.5, 15.5, 11.5 ], "texture": "#texture" }
    }
},
{
    "from": [ 12.5, 7.4375, 7.75 ],
    "to": [ 14.5, 8.4375, 8.75 ],
    "rotation": { "origin": [ 12.5, 8.4375, 7.75 ], "axis": "x", "angle": 45 },
    "faces": {
        "down":  { "uv": [ 14.5, 10.5, 15.5, 11.5 ], "texture": "#texture" },
        "up":    { "uv": [ 14.5, 10.5, 15.5, 11.5 ], "texture": "#texture" },
        "north": { "uv": [ 14.5, 10.5, 15.5, 11.5 ], "texture": "#texture" },
        "south": { "uv": [ 14.5, 10.5, 15.5, 11.5 ], "texture": "#texture" },
        "west":  { "uv": [ 14.5, 10.5, 15.5, 11.5 ], "texture": "#texture" },
        "east":  { "uv": [ 14.5, 10.5, 15.5, 11.5 ], "texture": "#texture" }
    }
},
{
    "from": [ 12.5, 7.5, 8.25 ],
    "to": [ 14.5, 8.5, 9.25 ],
    "rotation": { "origin": [ 12.5, 8.5, 8.25 ], "axis": "x", "angle": 45 },
    "faces": {
        "down":  { "uv": [ 14.5, 10.5, 15.5, 11.5 ], "texture": "#texture" },
        "up":    { "uv": [ 14.5, 10.5, 15.5, 11.5 ], "texture": "#texture" },
        "north": { "uv": [ 14.5, 10.5, 15.5, 11.5 ], "texture": "#texture" },
        "south": { "uv": [ 14.5, 10.5, 15.5, 11.5 ], "texture": "#texture" },
        "west":  { "uv": [ 14.5, 10.5, 15.5, 11.5 ], "texture": "#texture" },
        "east":  { "uv": [ 14.5, 10.5, 15.5, 11.5 ], "texture": "#texture" }
    }
},
{
    "from": [ 12.5, 8, 8.25 ],
    "to": [ 14.5, 9, 9.25 ],
    "rotation": { "origin": [ 12.5, 9, 8.25 ], "axis": "x", "angle": 45 },
    "faces": {
        "down":  { "uv": [ 14.5, 10.5, 15.5, 11.5 ], "texture": "#texture" },
        "up":    { "uv": [ 14.5, 10.5, 15.5, 11.5 ], "texture": "#texture" },
        "north": { "uv": [ 14.5, 10.5, 15.5, 11.5 ], "texture": "#texture" },
        "south": { "uv": [ 14.5, 10.5, 15.5, 11.5 ], "texture": "#texture" },
        "west":  { "uv": [ 14.5, 10.5, 15.5, 11.5 ], "texture": "#texture" },
        "east":  { "uv": [ 14.5, 10.5, 15.5, 11.5 ], "texture": "#texture" }
    }
},
{
    "from": [ 13, 9, 7.75 ],
    "to": [ 15, 10, 8.25 ],
    "faces": {
        "down":  { "uv": [ 14.5, 10.5, 15.5, 11.5 ], "texture": "#texture" },
        "up":    { "uv": [ 14.5, 10.5, 15.5, 11.5 ], "texture": "#texture" },
        "north": { "uv": [ 14.5, 10.5, 15.5, 11.5 ], "texture": "#texture" },
        "south": { "uv": [ 14.5, 10.5, 15.5, 11.5 ], "texture": "#texture" },
        "west":  { "uv": [ 14.5, 10.5, 15.5, 11.5 ], "texture": "#texture" },
        "east":  { "uv": [ 14.5, 10.5, 15.5, 11.5 ], "texture": "#texture" }
    }
},
{
    "from": [ 13.5, 9.9375, 7.8 ],
    "to": [ 15.5, 10.4375, 8.2 ],
    "faces": {
        "down":  { "uv": [ 14.5, 10.5, 15.5, 11.5 ], "texture": "#texture" },
        "up":    { "uv": [ 14.5, 10.5, 15.5, 11.5 ], "texture": "#texture" },
        "north": { "uv": [ 14.5, 10.5, 15.5, 11.5 ], "texture": "#texture" },
        "south": { "uv": [ 14.5, 10.5, 15.5, 11.5 ], "texture": "#texture" },
        "west":  { "uv": [ 14.5, 10.5, 15.5, 11.5 ], "texture": "#texture" },
        "east":  { "uv": [ 14.5, 10.5, 15.5, 11.5 ], "texture": "#texture" }
    }
},
{
    "from": [ 13, 6.625, 7.1875 ],
    "to": [ 15, 7.625, 7.6875 ],
    "rotation": { "origin": [ 13, 7.625, 7.1875 ], "axis": "x", "angle": 45 },
    "faces": {
        "down":  { "uv": [ 14.5, 10.5, 15.5, 11.5 ], "texture": "#texture" },
        "up":    { "uv": [ 14.5, 10.5, 15.5, 11.5 ], "texture": "#texture" },
        "north": { "uv": [ 14.5, 10.5, 15.5, 11.5 ], "texture": "#texture" },
        "south": { "uv": [ 14.5, 10.5, 15.5, 11.5 ], "texture": "#texture" },
        "west":  { "uv": [ 14.5, 10.5, 15.5, 11.5 ], "texture": "#texture" },
        "east":  { "uv": [ 14.5, 10.5, 15.5, 11.5 ], "texture": "#texture" }
    }
},
{
    "from": [ 13.5, 6.225, 6.25 ],
    "to": [ 15.5, 6.625, 6.65 ],
    "rotation": { "origin": [ 13.5, 6.625, 6.25 ], "axis": "x", "angle": -45 },
    "faces": {
        "down":  { "uv": [ 14.5, 10.5, 15.5, 11.5 ], "texture": "#texture" },
        "up":    { "uv": [ 14.5, 10.5, 15.5, 11.5 ], "texture": "#texture" },
        "north": { "uv": [ 14.5, 10.5, 15.5, 11.5 ], "texture": "#texture" },
        "south": { "uv": [ 14.5, 10.5, 15.5, 11.5 ], "texture": "#texture" },
        "west":  { "uv": [ 14.5, 10.5, 15.5, 11.5 ], "texture": "#texture" },
        "east":  { "uv": [ 14.5, 10.5, 15.5, 11.5 ], "texture": "#texture" }
    }
},
{
    "from": [ 13, 6.25, 8.4375 ],
    "to": [ 15, 7.25, 8.9375 ],
    "rotation": { "origin": [ 13, 7.25, 8.4375 ], "axis": "x", "angle": -45 },
    "faces": {
        "down":  { "uv": [ 14.5, 10.5, 15.5, 11.5 ], "texture": "#texture" },
        "up":    { "uv": [ 14.5, 10.5, 15.5, 11.5 ], "texture": "#texture" },
        "north": { "uv": [ 14.5, 10.5, 15.5, 11.5 ], "texture": "#texture" },
        "south": { "uv": [ 14.5, 10.5, 15.5, 11.5 ], "texture": "#texture" },
        "west":  { "uv": [ 14.5, 10.5, 15.5, 11.5 ], "texture": "#texture" },
        "east":  { "uv": [ 14.5, 10.5, 15.5, 11.5 ], "texture": "#texture" }
    }
},
{
    "from": [ 13.5, 6.125, 9.125 ],
    "to": [ 15.5, 6.625, 9.525 ],
    "rotation": { "origin": [ 13.5, 6.625, 9.125 ], "axis": "x", "angle": -45 },
    "faces": {
        "down":  { "uv": [ 14.5, 10.5, 15.5, 11.5 ], "texture": "#texture" },
        "up":    { "uv": [ 14.5, 10.5, 15.5, 11.5 ], "texture": "#texture" },
        "north": { "uv": [ 14.5, 10.5, 15.5, 11.5 ], "texture": "#texture" },
        "south": { "uv": [ 14.5, 10.5, 15.5, 11.5 ], "texture": "#texture" },
        "west":  { "uv": [ 14.5, 10.5, 15.5, 11.5 ], "texture": "#texture" },
        "east":  { "uv": [ 14.5, 10.5, 15.5, 11.5 ], "texture": "#texture" }
    }
}
],
"display": {
    "thirdperson_righthand": {
        "rotation": [ 0, 180, 0 ],
        "translation": [ 3.8, 0, 0 ],
        "scale": [ 3, 3, 3 ]
    }
}
}