{
"__comment": "Designed by Ounceabgm with BDcraft Cubik PRO 1.00 for MC1.8 - http://bdcraft.net",
"textures": {
    "particle": "block/extra/none",
    "texture": "block/extra/people"
},
"elements": [ 
{
    "from": [ 1, 0, 8 ],
    "to": [ 15, 16, 8.5 ],
    "faces": {
        "down":  { "uv": [ 0, 0, 1.5, 2 ], "texture": "#texture" },
        "up":    { "uv": [ 0, 0, 1.5, 2 ], "texture": "#texture" },
        "north": { "uv": [ 0, 0, 1.5, 2 ], "texture": "#texture" },
        "south": { "uv": [ 8, 8, 16, 16 ], "texture": "#texture" },
        "west":  { "uv": [ 0, 0, 1.5, 1.5 ], "texture": "#texture" },
        "east":  { "uv": [ 0, 0, 1.5, 2 ], "texture": "#texture" }
    }
}
],
"display": {
    "head": {
        "rotation": [ 0, 0, 0 ],
        "translation": [ 0, -15, 0 ],
        "scale": [ 3, 3, 3 ]
    }
}
}