{
"__comment": "Designed by Ounceabgm with BDcraft Cubik PRO 1.00 for MC1.8 - http://bdcraft.net",
"textures": {
    "particle": "block/extra/metal_0",
    "texture": "block/extra/metal_0"
},
"elements": [ 
{
    "from": [ 1, 11.8125, 5.5 ],
    "to": [ 2, 14.8125, 6 ],
    "rotation": { "origin": [ 1, 14.8125, 5.5 ], "axis": "x", "angle": 22.5 },
    "faces": {
        "down":  { "uv": [ -3, 4, -2, 5 ], "texture": "#texture" },
        "up":    { "uv": [ 0, 4, 1, 5 ], "texture": "#texture" },
        "north": { "uv": [ 1.5, 1, 2.5, 2 ], "texture": "#texture" },
        "south": { "uv": [ 0, 0, 1, 1 ], "texture": "#texture" },
        "west":  { "uv": [ 4, 0, 5, 1 ], "texture": "#texture" },
        "east":  { "uv": [ 4, 0, 5, 1 ], "texture": "#texture" }
    }
},
{
    "from": [ 1, 11.625, 3.125 ],
    "to": [ 2, 14.625, 3.625 ],
    "rotation": { "origin": [ 1, 14.625, 3.125 ], "axis": "x", "angle": -22.5 },
    "faces": {
        "down":  { "uv": [ -3, 4, -2, 5 ], "texture": "#texture" },
        "up":    { "uv": [ 0, 4, 1, 5 ], "texture": "#texture" },
        "north": { "uv": [ 1.5, 1, 2.5, 2 ], "texture": "#texture" },
        "south": { "uv": [ 0, 0, 1, 1 ], "texture": "#texture" },
        "west":  { "uv": [ 4, 0, 5, 1 ], "texture": "#texture" },
        "east":  { "uv": [ 4, 0, 5, 1 ], "texture": "#texture" }
    }
},
{
    "from": [ 0.5, 11.5, 4 ],
    "to": [ 2.5, 12, 5 ],
    "faces": {
        "down":  { "uv": [ 9.5, 2, 10.5, 3 ], "texture": "#texture" },
        "up":    { "uv": [ 1.5, 7, 2.5, 8 ], "texture": "#texture" },
        "north": { "uv": [ 1.5, 7, 2.5, 8 ], "texture": "#texture" },
        "south": { "uv": [ 2, 7, 3, 8 ], "texture": "#texture" },
        "west":  { "uv": [ 2, 7, 3, 8 ], "texture": "#texture" },
        "east":  { "uv": [ 1.5, 7, 2.5, 8 ], "texture": "#texture" }
    }
},
{
    "from": [ 1, 15, 3.5 ],
    "to": [ 2, 15.5, 5.5 ],
    "faces": {
        "down":  { "uv": [ -3, 4, -2, 5 ], "texture": "#texture" },
        "up":    { "uv": [ 0, 4, 1, 5 ], "texture": "#texture" },
        "north": { "uv": [ 1.5, 1, 2.5, 2 ], "texture": "#texture" },
        "south": { "uv": [ 0, 0, 1, 1 ], "texture": "#texture" },
        "west":  { "uv": [ 4, 0, 5, 1 ], "texture": "#texture" },
        "east":  { "uv": [ 4, 0, 5, 1 ], "texture": "#texture" }
    }
},
{
    "from": [ 1, 14.625, 5.4375 ],
    "to": [ 2, 15.5, 6 ],
    "faces": {
        "down":  { "uv": [ -3, 4, -2, 5 ], "texture": "#texture" },
        "up":    { "uv": [ 0, 4, 1, 5 ], "texture": "#texture" },
        "north": { "uv": [ 1.5, 1, 2.5, 2 ], "texture": "#texture" },
        "south": { "uv": [ 0, 0, 1, 1 ], "texture": "#texture" },
        "west":  { "uv": [ 4, 0, 5, 1 ], "texture": "#texture" },
        "east":  { "uv": [ 4, 0, 5, 1 ], "texture": "#texture" }
    }
},
{
    "from": [ 1, 14.625, 3.125 ],
    "to": [ 2, 15.5, 3.6875 ],
    "faces": {
        "down":  { "uv": [ -3, 4, -2, 5 ], "texture": "#texture" },
        "up":    { "uv": [ 0, 4, 1, 5 ], "texture": "#texture" },
        "north": { "uv": [ 1.5, 1, 2.5, 2 ], "texture": "#texture" },
        "south": { "uv": [ 0, 0, 1, 1 ], "texture": "#texture" },
        "west":  { "uv": [ 4, 0, 5, 1 ], "texture": "#texture" },
        "east":  { "uv": [ 4, 0, 5, 1 ], "texture": "#texture" }
    }
},
{
    "from": [ 0.5, 8.25, 4 ],
    "to": [ 2.5, 8.75, 5 ],
    "faces": {
        "down":  { "uv": [ 1.5, 7, 2.5, 8 ], "texture": "#texture" },
        "up":    { "uv": [ 1.5, 7, 2.5, 8 ], "texture": "#texture" },
        "north": { "uv": [ 1, 6.5, 2, 7.5 ], "texture": "#texture" },
        "south": { "uv": [ 1, 7, 2, 8 ], "texture": "#texture" },
        "west":  { "uv": [ 1.5, 7, 2.5, 8 ], "texture": "#texture" },
        "east":  { "uv": [ 1, 7, 2, 8 ], "texture": "#texture" }
    }
},
{
    "from": [ 2.0625, 9.8125, 4 ],
    "to": [ 2.5625, 11.8125, 5 ],
    "rotation": { "origin": [ 2.0625, 11.8125, 4 ], "axis": "z", "angle": 22.5 },
    "faces": {
        "down":  { "uv": [ -3, 4, -2, 5 ], "texture": "#texture" },
        "up":    { "uv": [ 1.5, 7, 2.5, 8 ], "texture": "#texture" },
        "north": { "uv": [ 1, 7, 2, 8 ], "texture": "#texture" },
        "south": { "uv": [ 1.5, 7, 2.5, 8 ], "texture": "#texture" },
        "west":  { "uv": [ 1.5, 7, 2.5, 8 ], "texture": "#texture" },
        "east":  { "uv": [ 1.5, 7, 2.5, 8 ], "texture": "#texture" }
    }
},
{
    "from": [ 0.4375, 10, 4 ],
    "to": [ 0.9375, 12, 5 ],
    "rotation": { "origin": [ 0.4375, 12, 4 ], "axis": "z", "angle": -22.5 },
    "faces": {
        "down":  { "uv": [ -3, 4, -2, 5 ], "texture": "#texture" },
        "up":    { "uv": [ 2, 7, 3, 8 ], "texture": "#texture" },
        "north": { "uv": [ 2, 7, 3, 8 ], "texture": "#texture" },
        "south": { "uv": [ 2, 7, 3, 8 ], "texture": "#texture" },
        "west":  { "uv": [ 2, 7, 3, 8 ], "texture": "#texture" },
        "east":  { "uv": [ 2, 7, 3, 8 ], "texture": "#texture" }
    }
},
{
    "from": [ 2.8125, 8.3125, 4 ],
    "to": [ 3.3125, 10.3125, 5 ],
    "rotation": { "origin": [ 2.8125, 10.3125, 4 ], "axis": "z", "angle": -22.5 },
    "faces": {
        "down":  { "uv": [ -3, 4, -2, 5 ], "texture": "#texture" },
        "up":    { "uv": [ 1.5, 7, 2.5, 8 ], "texture": "#texture" },
        "north": { "uv": [ 1.5, 7, 2.5, 8 ], "texture": "#texture" },
        "south": { "uv": [ 1.5, 7, 2.5, 8 ], "texture": "#texture" },
        "west":  { "uv": [ 1.5, 7, 2.5, 8 ], "texture": "#texture" },
        "east":  { "uv": [ 2, 7, 3, 8 ], "texture": "#texture" }
    }
},
{
    "from": [ -0.3125, 8.125, 4 ],
    "to": [ 0.1875, 10.125, 5 ],
    "rotation": { "origin": [ -0.3125, 10.125, 4 ], "axis": "z", "angle": 22.5 },
    "faces": {
        "down":  { "uv": [ -3, 4, -2, 5 ], "texture": "#texture" },
        "up":    { "uv": [ 2, 7, 3, 8 ], "texture": "#texture" },
        "north": { "uv": [ 2, 7, 3, 8 ], "texture": "#texture" },
        "south": { "uv": [ 1.5, 7, 2.5, 8 ], "texture": "#texture" },
        "west":  { "uv": [ 2, 7, 3, 8 ], "texture": "#texture" },
        "east":  { "uv": [ 1.5, 7, 2.5, 8 ], "texture": "#texture" }
    }
},
{
    "from": [ 1.3125, 11.5, 5 ],
    "to": [ 1.8125, 12, 5.0625 ],
    "faces": {
        "down":  { "uv": [ -3, 4, -2, 5 ], "texture": "#texture" },
        "up":    { "uv": [ 0, 4, 1, 5 ], "texture": "#texture" },
        "north": { "uv": [ 1.5, 1, 2.5, 2 ], "texture": "#texture" },
        "south": { "uv": [ 0, 0, 1, 1 ], "texture": "#texture" },
        "west":  { "uv": [ 4, 0, 5, 1 ], "texture": "#texture" },
        "east":  { "uv": [ 4, 0, 5, 1 ], "texture": "#texture" }
    }
},
{
    "from": [ 1.3125, 11.5, 3.9375 ],
    "to": [ 1.8125, 12, 4 ],
    "faces": {
        "down":  { "uv": [ -3, 4, -2, 5 ], "texture": "#texture" },
        "up":    { "uv": [ 0, 4, 1, 5 ], "texture": "#texture" },
        "north": { "uv": [ 1.5, 1, 2.5, 2 ], "texture": "#texture" },
        "south": { "uv": [ 0, 0, 1, 1 ], "texture": "#texture" },
        "west":  { "uv": [ 4, 0, 5, 1 ], "texture": "#texture" },
        "east":  { "uv": [ 4, 0, 5, 1 ], "texture": "#texture" }
    }
},
{
    "from": [ 17, 14.625, 5.4375 ],
    "to": [ 18, 15.5, 6 ],
    "faces": {
        "down":  { "uv": [ -3, 4, -2, 5 ], "texture": "#texture" },
        "up":    { "uv": [ 0, 4, 1, 5 ], "texture": "#texture" },
        "north": { "uv": [ 1.5, 1, 2.5, 2 ], "texture": "#texture" },
        "south": { "uv": [ 0, 0, 1, 1 ], "texture": "#texture" },
        "west":  { "uv": [ 4, 0, 5, 1 ], "texture": "#texture" },
        "east":  { "uv": [ 4, 0, 5, 1 ], "texture": "#texture" }
    }
},
{
    "from": [ 17, 12, 5.5 ],
    "to": [ 18, 15, 6 ],
    "rotation": { "origin": [ 17, 15, 5.5 ], "axis": "x", "angle": 22.5 },
    "faces": {
        "down":  { "uv": [ -3, 4, -2, 5 ], "texture": "#texture" },
        "up":    { "uv": [ 0, 4, 1, 5 ], "texture": "#texture" },
        "north": { "uv": [ 1.5, 1, 2.5, 2 ], "texture": "#texture" },
        "south": { "uv": [ 0, 0, 1, 1 ], "texture": "#texture" },
        "west":  { "uv": [ 4, 0, 5, 1 ], "texture": "#texture" },
        "east":  { "uv": [ 4, 0, 5, 1 ], "texture": "#texture" }
    }
},
{
    "from": [ 17, 14.625, 3 ],
    "to": [ 18, 15.5, 3.5625 ],
    "faces": {
        "down":  { "uv": [ -3, 4, -2, 5 ], "texture": "#texture" },
        "up":    { "uv": [ 0, 4, 1, 5 ], "texture": "#texture" },
        "north": { "uv": [ 1.5, 1, 2.5, 2 ], "texture": "#texture" },
        "south": { "uv": [ 0, 0, 1, 1 ], "texture": "#texture" },
        "west":  { "uv": [ 4, 0, 5, 1 ], "texture": "#texture" },
        "east":  { "uv": [ 4, 0, 5, 1 ], "texture": "#texture" }
    }
},
{
    "from": [ 17, 15, 3.5 ],
    "to": [ 18, 15.5, 5.5 ],
    "faces": {
        "down":  { "uv": [ -3, 4, -2, 5 ], "texture": "#texture" },
        "up":    { "uv": [ 0, 4, 1, 5 ], "texture": "#texture" },
        "north": { "uv": [ 1.5, 1, 2.5, 2 ], "texture": "#texture" },
        "south": { "uv": [ 0, 0, 1, 1 ], "texture": "#texture" },
        "west":  { "uv": [ 4, 0, 5, 1 ], "texture": "#texture" },
        "east":  { "uv": [ 4, 0, 5, 1 ], "texture": "#texture" }
    }
},
{
    "from": [ 17, 11.6875, 3 ],
    "to": [ 18, 14.6875, 3.5 ],
    "rotation": { "origin": [ 17, 14.6875, 3 ], "axis": "x", "angle": -22.5 },
    "faces": {
        "down":  { "uv": [ -3, 4, -2, 5 ], "texture": "#texture" },
        "up":    { "uv": [ 0, 4, 1, 5 ], "texture": "#texture" },
        "north": { "uv": [ 1.5, 1, 2.5, 2 ], "texture": "#texture" },
        "south": { "uv": [ 0, 0, 1, 1 ], "texture": "#texture" },
        "west":  { "uv": [ 4, 0, 5, 1 ], "texture": "#texture" },
        "east":  { "uv": [ 4, 0, 5, 1 ], "texture": "#texture" }
    }
},
{
    "from": [ 16.5, 11.5, 4 ],
    "to": [ 18.5, 12, 5 ],
    "faces": {
        "down":  { "uv": [ 9.5, 3, 10.5, 4 ], "texture": "#texture" },
        "up":    { "uv": [ 2, 7, 3, 8 ], "texture": "#texture" },
        "north": { "uv": [ 1.5, 7, 2.5, 8 ], "texture": "#texture" },
        "south": { "uv": [ 2, 7, 3, 8 ], "texture": "#texture" },
        "west":  { "uv": [ 2, 7, 3, 8 ], "texture": "#texture" },
        "east":  { "uv": [ 2, 7, 3, 8 ], "texture": "#texture" }
    }
},
{
    "from": [ 17.25, 11.5, 5 ],
    "to": [ 17.75, 12, 5.0625 ],
    "faces": {
        "down":  { "uv": [ -3, 4, -2, 5 ], "texture": "#texture" },
        "up":    { "uv": [ 0, 4, 1, 5 ], "texture": "#texture" },
        "north": { "uv": [ 1.5, 1, 2.5, 2 ], "texture": "#texture" },
        "south": { "uv": [ 0, 0, 1, 1 ], "texture": "#texture" },
        "west":  { "uv": [ 4, 0, 5, 1 ], "texture": "#texture" },
        "east":  { "uv": [ 4, 0, 5, 1 ], "texture": "#texture" }
    }
},
{
    "from": [ 17.25, 11.5, 3.9375 ],
    "to": [ 17.75, 12, 4 ],
    "faces": {
        "down":  { "uv": [ -3, 4, -2, 5 ], "texture": "#texture" },
        "up":    { "uv": [ 0, 4, 1, 5 ], "texture": "#texture" },
        "north": { "uv": [ 1.5, 1, 2.5, 2 ], "texture": "#texture" },
        "south": { "uv": [ 0, 0, 1, 1 ], "texture": "#texture" },
        "west":  { "uv": [ 4, 0, 5, 1 ], "texture": "#texture" },
        "east":  { "uv": [ 4, 0, 5, 1 ], "texture": "#texture" }
    }
},
{
    "from": [ 18.125, 9.8125, 4 ],
    "to": [ 18.625, 11.8125, 5 ],
    "rotation": { "origin": [ 18.125, 11.8125, 4 ], "axis": "z", "angle": 22.5 },
    "faces": {
        "down":  { "uv": [ -3, 4, -2, 5 ], "texture": "#texture" },
        "up":    { "uv": [ 1.5, 7, 2.5, 8 ], "texture": "#texture" },
        "north": { "uv": [ 1, 7, 2, 8 ], "texture": "#texture" },
        "south": { "uv": [ 1.5, 7, 2.5, 8 ], "texture": "#texture" },
        "west":  { "uv": [ 1.5, 7, 2.5, 8 ], "texture": "#texture" },
        "east":  { "uv": [ 1.5, 7, 2.5, 8 ], "texture": "#texture" }
    }
},
{
    "from": [ 16.5, 10, 4 ],
    "to": [ 17, 12, 5 ],
    "rotation": { "origin": [ 16.5, 12, 4 ], "axis": "z", "angle": -22.5 },
    "faces": {
        "down":  { "uv": [ -3, 4, -2, 5 ], "texture": "#texture" },
        "up":    { "uv": [ 2, 7, 3, 8 ], "texture": "#texture" },
        "north": { "uv": [ 2, 7, 3, 8 ], "texture": "#texture" },
        "south": { "uv": [ 2, 7, 3, 8 ], "texture": "#texture" },
        "west":  { "uv": [ 2, 7, 3, 8 ], "texture": "#texture" },
        "east":  { "uv": [ 2, 7, 3, 8 ], "texture": "#texture" }
    }
},
{
    "from": [ 18.875, 8.3125, 4 ],
    "to": [ 19.375, 10.3125, 5 ],
    "rotation": { "origin": [ 18.875, 10.3125, 4 ], "axis": "z", "angle": -22.5 },
    "faces": {
        "down":  { "uv": [ -3, 4, -2, 5 ], "texture": "#texture" },
        "up":    { "uv": [ 1.5, 7, 2.5, 8 ], "texture": "#texture" },
        "north": { "uv": [ 1.5, 7, 2.5, 8 ], "texture": "#texture" },
        "south": { "uv": [ 1.5, 7, 2.5, 8 ], "texture": "#texture" },
        "west":  { "uv": [ 1.5, 7, 2.5, 8 ], "texture": "#texture" },
        "east":  { "uv": [ 2, 7, 3, 8 ], "texture": "#texture" }
    }
},
{
    "from": [ 15.75, 8.125, 4 ],
    "to": [ 16.25, 10.125, 5 ],
    "rotation": { "origin": [ 15.75, 10.125, 4 ], "axis": "z", "angle": 22.5 },
    "faces": {
        "down":  { "uv": [ -3, 4, -2, 5 ], "texture": "#texture" },
        "up":    { "uv": [ 2, 7, 3, 8 ], "texture": "#texture" },
        "north": { "uv": [ 2, 7, 3, 8 ], "texture": "#texture" },
        "south": { "uv": [ 1.5, 7, 2.5, 8 ], "texture": "#texture" },
        "west":  { "uv": [ 2, 7, 3, 8 ], "texture": "#texture" },
        "east":  { "uv": [ 1.5, 7, 2.5, 8 ], "texture": "#texture" }
    }
},
{
    "from": [ 16.5625, 8.25, 4 ],
    "to": [ 18.5625, 8.75, 5 ],
    "faces": {
        "down":  { "uv": [ 2.5, 7, 3.5, 8 ], "texture": "#texture" },
        "up":    { "uv": [ 3, 7, 4, 8 ], "texture": "#texture" },
        "north": { "uv": [ 2, 7, 3, 8 ], "texture": "#texture" },
        "south": { "uv": [ 2, 7, 3, 8 ], "texture": "#texture" },
        "west":  { "uv": [ 1.5, 7, 2.5, 8 ], "texture": "#texture" },
        "east":  { "uv": [ 1.5, 7, 2.5, 8 ], "texture": "#texture" }
    }
},
{
    "from": [ -7, 14, 4 ],
    "to": [ 32, 15, 5 ],
    "faces": {
        "down":  { "uv": [ 8, 8, 16, 16 ], "rotation": 90, "texture": "#texture" },
        "up":    { "uv": [ 8, 8, 16, 16 ], "rotation": 90, "texture": "#texture" },
        "north": { "uv": [ 8, 8, 16, 16 ], "rotation": 90, "texture": "#texture" },
        "south": { "uv": [ 8, 8, 16, 16 ], "rotation": 90, "texture": "#texture" },
        "west":  { "uv": [ 8, 8, 16, 16 ], "texture": "#texture" },
        "east":  { "uv": [ 8, 8, 16, 16 ], "rotation": 90, "texture": "#texture" }
    }
},
{
    "from": [ 28.5, 15, 4 ],
    "to": [ 29.5, 22, 5 ],
    "faces": {
        "down":  { "uv": [ 8, 8, 16, 16 ], "rotation": 90, "texture": "#texture" },
        "up":    { "uv": [ 8, 8, 16, 16 ], "rotation": 90, "texture": "#texture" },
        "north": { "uv": [ 8, 8, 16, 16 ], "rotation": 180, "texture": "#texture" },
        "south": { "uv": [ 8, 8, 16, 16 ], "rotation": 180, "texture": "#texture" },
        "west":  { "uv": [ 8, 8, 16, 16 ], "rotation": 180, "texture": "#texture" },
        "east":  { "uv": [ 8, 8, 16, 16 ], "texture": "#texture" }
    }
}
],
"display": {
    "head": {
        "rotation": [ 0, 0, 0 ],
        "translation": [ 0, -20, 0 ],
        "scale": [ 2, 2, 2 ]
    }
}
}