{
	"__comment": "Designed by 27box",
	"textures": {
		"particle": "block/white_concrete",
		"texture": "block/polished_granite",
		"spruce_planks": "block/extra/metal_0",
		"clay": "block/clay",
		"dark_oak_sapling": "block/jungle_sapling",
		"texture1": "block/extra/bub"
	},
	"elements": [
		{
			"from": [ 0, 15, 0 ],
			"to": [ 16, 16, 16 ],
			"faces": {
				"down": { "uv": [ 0, 0, 16, 16 ], "texture": "#texture" },
				"up": { "uv": [ 0, 0, 16, 16 ], "texture": "#texture" },
				"north": { "uv": [ 0, 0, 16, 16 ], "texture": "#texture" },
				"south": { "uv": [ 0, 0, 16, 16 ], "texture": "#texture" },
				"west": { "uv": [ 0, 0, 16, 16 ], "texture": "#texture" },
				"east": { "uv": [ 0, 0, 16, 16 ], "texture": "#texture" }
			}
		},
		{
			"from": [ 1, 11, 1 ],
			"to": [ 15, 15, 15 ],
			"faces": {
				"down": { "uv": [ 0, 0, 16, 16 ], "texture": "#texture" },
				"up": { "uv": [ 0, 0, 16, 16 ], "texture": "#texture" },
				"north": { "uv": [ 0, 0, 16, 16 ], "texture": "#texture" },
				"south": { "uv": [ 0, 0, 16, 16 ], "texture": "#texture" },
				"west": { "uv": [ 0, 0, 16, 16 ], "texture": "#texture" },
				"east": { "uv": [ 0, 0, 16, 16 ], "texture": "#texture" }
			}
		},
		{
			"from": [ 16, 15, 0 ],
			"to": [ 32, 16, 16 ],
			"faces": {
				"down": { "uv": [ 0, 0, 16, 16 ], "texture": "#texture" },
				"up": { "uv": [ 0, 0, 16, 16 ], "texture": "#texture" },
				"north": { "uv": [ 0, 0, 16, 16 ], "texture": "#texture" },
				"south": { "uv": [ 0, 0, 16, 16 ], "texture": "#texture" },
				"west": { "uv": [ 0, 0, 16, 16 ], "texture": "#texture" },
				"east": { "uv": [ 0, 0, 16, 16 ], "texture": "#texture" }
			}
		},
		{
			"from": [ 0.5, 0, 0.5 ],
			"to": [ 1.5, 15, 1.5 ],
			"faces": {
				"down": { "uv": [ 0, 0.5, 1, 1.5 ], "texture": "#texture" },
				"up": { "uv": [ 0, 0.5, 1, 1.5 ], "texture": "#texture" },
				"north": { "uv": [ 4, 0, 5, 15 ], "texture": "#texture" },
				"south": { "uv": [ 0, 0, 1, 15 ], "texture": "#texture" },
				"west": { "uv": [ 3, 0, 4, 15 ], "texture": "#texture" },
				"east": { "uv": [ 1, 0, 2, 15 ], "texture": "#texture" }
			}
		},
		{
			"from": [ 0.5, 0, 14.5 ],
			"to": [ 1.5, 15, 15.5 ],
			"faces": {
				"down": { "uv": [ 0, 0.5, 1, 1.5 ], "texture": "#texture" },
				"up": { "uv": [ 0, 0.5, 1, 1.5 ], "texture": "#texture" },
				"north": { "uv": [ 4, 0, 5, 15 ], "texture": "#texture" },
				"south": { "uv": [ 0, 0, 1, 15 ], "texture": "#texture" },
				"west": { "uv": [ 3, 0, 4, 15 ], "texture": "#texture" },
				"east": { "uv": [ 1, 0, 2, 15 ], "texture": "#texture" }
			}
		},
		{
			"from": [ 15.5, 11, 1 ],
			"to": [ 30, 15, 15 ],
			"faces": {
				"down": { "uv": [ 0, 0, 16, 16 ], "texture": "#texture" },
				"up": { "uv": [ 0, 0, 16, 16 ], "texture": "#texture" },
				"north": { "uv": [ 0, 0, 16, 16 ], "texture": "#texture" },
				"south": { "uv": [ 0, 0, 16, 16 ], "texture": "#texture" },
				"west": { "uv": [ 0, 0, 16, 16 ], "texture": "#texture" },
				"east": { "uv": [ 0, 0, 16, 16 ], "texture": "#texture" }
			}
		},
		{
			"from": [ 30.5, 0, 0.5 ],
			"to": [ 31.5, 15, 1.5 ],
			"faces": {
				"down": { "uv": [ 0, 0.5, 1, 1.5 ], "texture": "#texture" },
				"up": { "uv": [ 0, 0.5, 1, 1.5 ], "texture": "#texture" },
				"north": { "uv": [ 4, 0, 5, 15 ], "texture": "#texture" },
				"south": { "uv": [ 0, 0, 1, 15 ], "texture": "#texture" },
				"west": { "uv": [ 3, 0, 4, 15 ], "texture": "#texture" },
				"east": { "uv": [ 1, 0, 2, 15 ], "texture": "#texture" }
			}
		},
		{
			"from": [ 30.5, 0, 14.5 ],
			"to": [ 31.5, 15, 15.5 ],
			"faces": {
				"down": { "uv": [ 0, 0.5, 1, 1.5 ], "texture": "#texture" },
				"up": { "uv": [ 0, 0.5, 1, 1.5 ], "texture": "#texture" },
				"north": { "uv": [ 4, 0, 5, 15 ], "texture": "#texture" },
				"south": { "uv": [ 4, 0, 5, 15 ], "texture": "#texture" },
				"west": { "uv": [ 3, 0, 4, 15 ], "texture": "#texture" },
				"east": { "uv": [ 1, 0, 2, 15 ], "texture": "#texture" }
			}
		},
		{
			"from": [ 7.5, 13.5, 15 ],
			"to": [ 8, 14.5, 15.5 ],
			"faces": {
				"down": { "uv": [ 9, 4, 14.5, 6 ], "texture": "#spruce_planks", "rotation": 90 },
				"up": { "uv": [ 9.5, 3, 15, 6 ], "texture": "#spruce_planks", "rotation": 90 },
				"north": { "uv": [ 11.5, 4, 10, 5 ], "texture": "#spruce_planks", "rotation": 270 },
				"south": { "uv": [ 10, 3, 11.5, 4.5 ], "texture": "#spruce_planks", "rotation": 270 },
				"west": { "uv": [ 10, 3.5, 11, 4.5 ], "texture": "#spruce_planks" },
				"east": { "uv": [ 11.5, 1.5, 10.5, 3 ], "texture": "#spruce_planks" }
			}
		},
		{
			"from": [ 9.5, 13.5, 15 ],
			"to": [ 10, 14.5, 15.5 ],
			"faces": {
				"down": { "uv": [ 9, 4, 14.5, 6 ], "texture": "#spruce_planks", "rotation": 90 },
				"up": { "uv": [ 9.5, 3, 15, 6 ], "texture": "#spruce_planks", "rotation": 90 },
				"north": { "uv": [ 11.5, 4, 10, 5 ], "texture": "#spruce_planks", "rotation": 270 },
				"south": { "uv": [ 10, 3, 11.5, 4.5 ], "texture": "#spruce_planks", "rotation": 270 },
				"west": { "uv": [ 10, 3, 11, 4.5 ], "texture": "#spruce_planks" },
				"east": { "uv": [ 11.5, 1.5, 10.5, 2.5 ], "texture": "#spruce_planks" }
			}
		},
		{
			"from": [ 8, 13.5, 15 ],
			"to": [ 9.5, 14, 15.5 ],
			"faces": {
				"down": { "uv": [ 9, 4, 14.5, 6 ], "texture": "#spruce_planks", "rotation": 90 },
				"up": { "uv": [ 9.5, 3, 15, 6 ], "texture": "#spruce_planks", "rotation": 90 },
				"north": { "uv": [ 11.5, 4, 10, 5 ], "texture": "#spruce_planks", "rotation": 270 },
				"south": { "uv": [ 10, 3, 11.5, 4.5 ], "texture": "#spruce_planks", "rotation": 270 },
				"west": { "uv": [ 6, 1.5, 6.5, 2 ], "texture": "#spruce_planks" },
				"east": { "uv": [ 11.5, 1.5, 11, 2 ], "texture": "#spruce_planks" }
			}
		},
		{
			"from": [ 23, 13.5, 15 ],
			"to": [ 24.5, 14, 15.5 ],
			"faces": {
				"down": { "uv": [ 9, 4, 14.5, 6 ], "texture": "#spruce_planks", "rotation": 90 },
				"up": { "uv": [ 9.5, 3, 15, 6 ], "texture": "#spruce_planks", "rotation": 90 },
				"north": { "uv": [ 11.5, 4, 10, 5 ], "texture": "#spruce_planks", "rotation": 270 },
				"south": { "uv": [ 10, 3, 11.5, 4.5 ], "texture": "#spruce_planks", "rotation": 270 },
				"west": { "uv": [ 6, 1.5, 6.5, 2 ], "texture": "#spruce_planks" },
				"east": { "uv": [ 11.5, 1.5, 11, 2 ], "texture": "#spruce_planks" }
			}
		},
		{
			"from": [ 22.5, 13.5, 15 ],
			"to": [ 23, 14.5, 15.5 ],
			"faces": {
				"down": { "uv": [ 9, 4, 14.5, 6 ], "texture": "#spruce_planks", "rotation": 90 },
				"up": { "uv": [ 9.5, 3, 15, 6 ], "texture": "#spruce_planks", "rotation": 90 },
				"north": { "uv": [ 11.5, 4, 10, 5 ], "texture": "#spruce_planks", "rotation": 270 },
				"south": { "uv": [ 10, 3, 11.5, 4.5 ], "texture": "#spruce_planks", "rotation": 270 },
				"west": { "uv": [ 10, 3, 11, 4.5 ], "texture": "#spruce_planks" },
				"east": { "uv": [ 11.5, 1.5, 10.5, 2.5 ], "texture": "#spruce_planks" }
			}
		},
		{
			"from": [ 24.5, 13.5, 15 ],
			"to": [ 25, 14.5, 15.5 ],
			"faces": {
				"down": { "uv": [ 9, 4, 14.5, 6 ], "texture": "#spruce_planks", "rotation": 90 },
				"up": { "uv": [ 9.5, 3, 15, 6 ], "texture": "#spruce_planks", "rotation": 90 },
				"north": { "uv": [ 11.5, 4, 10, 5 ], "texture": "#spruce_planks", "rotation": 270 },
				"south": { "uv": [ 10, 3, 11.5, 4.5 ], "texture": "#spruce_planks", "rotation": 270 },
				"west": { "uv": [ 10, 3.5, 11, 4.5 ], "texture": "#spruce_planks" },
				"east": { "uv": [ 11.5, 1.5, 10.5, 3 ], "texture": "#spruce_planks" }
			}
		},
		{
			"from": [ 10, 16.0625, 6 ],
			"to": [ 16, 16.125, 15.5 ],
			"rotation": { "origin": [ 10, 16.0625, 6 ], "axis": "y", "angle": -22.5 },
			"faces": {
				"down": { "uv": [ 4.5, 1.5, 12, 10 ], "texture": "#particle" },
				"up": { "uv": [ 6.5, 4, 14, 12.5 ], "texture": "#particle" },
				"north": { "uv": [ 5, 4, 12.5, 4.5 ], "texture": "#particle" },
				"south": { "uv": [ 6.5, 5.5, 14, 6 ], "texture": "#particle" },
				"west": { "uv": [ 3.5, 7, 12, 7.5 ], "texture": "#particle" },
				"east": { "uv": [ 4.5, 5, 13, 5.5 ], "texture": "#particle" }
			}
		},
		{
			"from": [ 4.5, 16, 4.5 ],
			"to": [ 10.5, 16.0625, 14 ],
			"rotation": { "origin": [ 4.5, 16, 4.5 ], "axis": "y", "angle": 22.5 },
			"faces": {
				"down": { "uv": [ 0, 0, 7.5, 8.5 ], "texture": "#particle" },
				"up": { "uv": [ 0, 0, 5, 6.5 ], "texture": "#spruce_planks" },
				"north": { "uv": [ 5, 4, 12.5, 4.5 ], "texture": "#particle" },
				"south": { "uv": [ 6.5, 5.5, 14, 6 ], "texture": "#particle" },
				"west": { "uv": [ 3.5, 7, 12, 7.5 ], "texture": "#particle" },
				"east": { "uv": [ 4.5, 5, 13, 5.5 ], "texture": "#particle" }
			}
		},
		{
			"from": [ 23, 16, 6.5 ],
			"to": [ 25.5, 20.5, 9 ],
			"faces": {
				"down": { "uv": [ 0.5, 2, 4, 5.5 ], "texture": "#clay" },
				"up": { "uv": [ 0.5, 2, 4, 6 ], "texture": "#clay" },
				"north": { "uv": [ 1, 2.5, 4.5, 7 ], "texture": "#clay" },
				"south": { "uv": [ 1.5, 1.5, 4.5, 6 ], "texture": "#clay" },
				"west": { "uv": [ 1, 5, 4.5, 9 ], "texture": "#clay" },
				"east": { "uv": [ 1, 1, 5, 6 ], "texture": "#clay" }
			}
		},
		{
			"from": [ 22.5, 20.5, 9.6875 ],
			"to": [ 28, 25.5, 9.75 ],
			"rotation": { "origin": [ 22.5, 20.5, 9.6875 ], "axis": "y", "angle": 45 },
			"faces": {
				"north": { "uv": [ 2.5, 0, 14, 11 ], "texture": "#dark_oak_sapling" },
				"south": { "uv": [ 2.5, 0, 14, 11 ], "texture": "#dark_oak_sapling" }
			}
		},
		{
			"from": [ 23, 20.5, 6 ],
			"to": [ 28, 25, 6.0625 ],
			"rotation": { "origin": [ 23, 20.5, 6 ], "axis": "y", "angle": -45 },
			"faces": {
				"north": { "uv": [ 3, 0, 13.5, 11 ], "texture": "#dark_oak_sapling" },
				"south": { "uv": [ 3, 0, 13, 11 ], "texture": "#dark_oak_sapling" }
			}
		},
		{
			"from": [ 5.5, 0.0625, 10.5 ],
			"to": [ 10.5, 0.125, 17.5 ],
			"rotation": { "origin": [ 5.5, 0.0625, 10.5 ], "axis": "y", "angle": 22.5 },
			"faces": {
				"down": { "uv": [ 4.5, 1.5, 12, 10 ], "texture": "#particle" },
				"up": { "uv": [ 6.5, 4, 14, 12.5 ], "texture": "#particle" },
				"north": { "uv": [ 5, 4, 12.5, 4.5 ], "texture": "#particle" },
				"south": { "uv": [ 6.5, 5.5, 14, 6 ], "texture": "#particle" },
				"west": { "uv": [ 3.5, 7, 12, 7.5 ], "texture": "#particle" },
				"east": { "uv": [ 4.5, 5, 13, 5.5 ], "texture": "#particle" }
			}
		},
		{
			"from": [ 15, 0.125, 4.5 ],
			"to": [ 19, 0.1875, 9.5 ],
			"rotation": { "origin": [ 15, 0.125, 4.5 ], "axis": "y", "angle": -22.5 },
			"faces": {
				"down": { "uv": [ 4.5, 1.5, 12, 10 ], "texture": "#particle" },
				"up": { "uv": [ 6.5, 4, 14, 12.5 ], "texture": "#particle" },
				"north": { "uv": [ 5, 4, 12.5, 4.5 ], "texture": "#particle" },
				"south": { "uv": [ 6.5, 5.5, 14, 6 ], "texture": "#particle" },
				"west": { "uv": [ 3.5, 7, 12, 7.5 ], "texture": "#particle" },
				"east": { "uv": [ 4.5, 5, 13, 5.5 ], "texture": "#particle" }
			}
		}
	],
	"display": {
		"thirdperson_righthand": {
			"rotation":  [ 180, 180, 0 ],
			"translation":  [ 0, 12, 12 ]
		},
		"gui": {
			"translation":  [ -3.9, -2.782, 0 ],
			"scale":  [ 0.5, 0.5, 0.5 ]
		}
	}
}