{
"__comment": "Designed by Flashtt with BDcraft Cubik PRO 0.96 Beta - http://bdcraft.net",
"textures": {
    "texture": "block/clay"
},
"elements": [ 
{
    "from": [ 5, 5, 0.8125 ],
    "to": [ 6, 15.5, 1.3125 ],
    "rotation": { "origin": [ 5, 15.5, 0.8125 ], "axis": "x", "angle": -22.5 },
    "faces": {
        "down":  { "uv": [ 0, 0, 5, 12 ], "texture": "#texture" },
        "up":    { "uv": [ 0, 0, 5, 12 ], "texture": "#texture" },
        "north": { "uv": [ 0, 0, 5, 12 ], "texture": "#texture" },
        "south": { "uv": [ 0, 0, 5, 12 ], "texture": "#texture" },
        "west":  { "uv": [ 0, 0, 5, 12 ], "texture": "#texture" },
        "east":  { "uv": [ 0, 0, 5, 12 ], "texture": "#texture" }
    }
},
{
    "from": [ 5.125, 5.6875, 4.625 ],
    "to": [ 10.9375, 6.375, 12 ],
    "rotation": { "origin": [ 5.125, 6.375, 4.625 ], "axis": "x", "angle": -22.5 },
    "faces": {
        "down":  { "uv": [ 11, 12, 5, 4.5 ], "rotation": 90, "texture": "#texture" },
        "up":    { "uv": [ 5, 4.5, 11, 12 ], "rotation": 90, "texture": "#texture" },
        "north": { "uv": [ 5, 6.5, 11, 8 ], "texture": "#texture" },
        "south": { "uv": [ 5, 6.5, 11, 8 ], "texture": "#texture" },
        "west":  { "uv": [ 4.5, 6.5, 12, 8 ], "texture": "#texture" },
        "east":  { "uv": [ 4, 6.5, 11.5, 8 ], "texture": "#texture" }
    }
},
{
    "from": [ 10, 5, 0.8125 ],
    "to": [ 11, 15.5, 1.3125 ],
    "rotation": { "origin": [ 10, 15.5, 0.8125 ], "axis": "x", "angle": -22.5 },
    "faces": {
        "down":  { "uv": [ 0, 0, 5, 12 ], "texture": "#texture" },
        "up":    { "uv": [ 0, 0, 5, 12 ], "texture": "#texture" },
        "north": { "uv": [ 0, 4, 5, 16 ], "texture": "#texture" },
        "south": { "uv": [ 0, 4, 5, 16 ], "texture": "#texture" },
        "west":  { "uv": [ 0, 0, 5, 12 ], "texture": "#texture" },
        "east":  { "uv": [ 0, 0, 5, 12 ], "texture": "#texture" }
    }
},
{
    "from": [ 6.5, 5, 0.8125 ],
    "to": [ 7, 15.5, 1.3125 ],
    "rotation": { "origin": [ 6.5, 15.5, 0.8125 ], "axis": "x", "angle": -22.5 },
    "faces": {
        "down":  { "uv": [ 0, 0, 5, 12 ], "texture": "#texture" },
        "up":    { "uv": [ 0, 0, 5, 12 ], "texture": "#texture" },
        "north": { "uv": [ 5.5, 0, 10.5, 12 ], "texture": "#texture" },
        "south": { "uv": [ 5.5, 0, 10.5, 12 ], "texture": "#texture" },
        "west":  { "uv": [ 0, 0, 5, 12 ], "texture": "#texture" },
        "east":  { "uv": [ 0, 0, 5, 12 ], "texture": "#texture" }
    }
},
{
    "from": [ 9, 5, 0.8125 ],
    "to": [ 9.5, 15.5, 1.3125 ],
    "rotation": { "origin": [ 9, 15.5, 0.8125 ], "axis": "x", "angle": -22.5 },
    "faces": {
        "down":  { "uv": [ 0, 0, 5, 12 ], "texture": "#texture" },
        "up":    { "uv": [ 0, 0, 5, 12 ], "texture": "#texture" },
        "north": { "uv": [ 5.5, 0, 10.5, 12 ], "texture": "#texture" },
        "south": { "uv": [ 5.5, 0, 10.5, 12 ], "texture": "#texture" },
        "west":  { "uv": [ 0, 0, 5, 12 ], "texture": "#texture" },
        "east":  { "uv": [ 0, 0, 5, 12 ], "texture": "#texture" }
    }
},
{
    "from": [ 7.5, 5, 0.8125 ],
    "to": [ 8.5, 15.5, 1.3125 ],
    "rotation": { "origin": [ 7.5, 15.5, 0.8125 ], "axis": "x", "angle": -22.5 },
    "faces": {
        "down":  { "uv": [ 0, 0, 5, 12 ], "texture": "#texture" },
        "up":    { "uv": [ 0, 0, 5, 12 ], "texture": "#texture" },
        "north": { "uv": [ 5.5, 4, 10.5, 16 ], "texture": "#texture" },
        "south": { "uv": [ 5.5, 4, 10.5, 16 ], "texture": "#texture" },
        "west":  { "uv": [ 0, 0, 5, 12 ], "texture": "#texture" },
        "east":  { "uv": [ 0, 0, 5, 12 ], "texture": "#texture" }
    }
},
{
    "from": [ 5, 14.0625, 0.75 ],
    "to": [ 11, 15.5, 1.4375 ],
    "rotation": { "origin": [ 5, 15.5, 0.75 ], "axis": "x", "angle": -22.5 },
    "faces": {
        "down":  { "uv": [ 11, 1.5, 5, 0.5 ], "texture": "#texture" },
        "up":    { "uv": [ 5, 0.5, 11, 1.5 ], "texture": "#texture" },
        "north": { "uv": [ 5, 0, 11, 8.5 ], "texture": "#texture" },
        "south": { "uv": [ 5, 0, 11, 8.5 ], "texture": "#texture" },
        "west":  { "uv": [ 0.5, 0, 1.5, 8.5 ], "texture": "#texture" },
        "east":  { "uv": [ 14.5, 0, 15.5, 8.5 ], "texture": "#texture" }
    }
},
{
    "from": [ 10.5, 3.5, 10 ],
    "to": [ 11, 11.5, 10.5 ],
    "rotation": { "origin": [ 10.5, 11.5, 10 ], "axis": "x", "angle": -22.5 },
    "faces": {
        "down":  { "uv": [ 0, 0, 3, 6 ], "texture": "#texture" },
        "up":    { "uv": [ 0, 0, 3, 6 ], "texture": "#texture" },
        "north": { "uv": [ 0, 0, 3, 6 ], "texture": "#texture" },
        "south": { "uv": [ 0, 0, 3, 6 ], "texture": "#texture" },
        "west":  { "uv": [ 0, 0, 3, 6 ], "texture": "#texture" },
        "east":  { "uv": [ 0, 0, 3, 6 ], "texture": "#texture" }
    }
},
{
    "from": [ 10.5, 1.0625, 4.75 ],
    "to": [ 11, 6.0625, 5.25 ],
    "rotation": { "origin": [ 10.5, 6.0625, 4.75 ], "axis": "x", "angle": -22.5 },
    "faces": {
        "down":  { "uv": [ 0, 0, 3, 6 ], "texture": "#texture" },
        "up":    { "uv": [ 0, 0, 3, 6 ], "texture": "#texture" },
        "north": { "uv": [ 0, 0, 3, 6 ], "texture": "#texture" },
        "south": { "uv": [ 0, 0, 3, 6 ], "texture": "#texture" },
        "west":  { "uv": [ 0, 0, 3, 6 ], "texture": "#texture" },
        "east":  { "uv": [ 0, 0, 3, 6 ], "texture": "#texture" }
    }
},
{
    "from": [ 4.75, 8.6875, 3.75 ],
    "to": [ 5.75, 9.1875, 11.25 ],
    "rotation": { "origin": [ 4.75, 9.1875, 3.75 ], "axis": "x", "angle": -22.5 },
    "faces": {
        "down":  { "uv": [ 0, 0, 3, 6 ], "texture": "#texture" },
        "up":    { "uv": [ 0, 0, 3, 6 ], "texture": "#texture" },
        "north": { "uv": [ 0, 0, 3, 6 ], "texture": "#texture" },
        "south": { "uv": [ 0, 0, 3, 6 ], "texture": "#texture" },
        "west":  { "uv": [ 0, 0, 3, 6 ], "texture": "#texture" },
        "east":  { "uv": [ 0, 0, 3, 6 ], "texture": "#texture" }
    }
},
{
    "from": [ 10.5, 3.25, 12.4375 ],
    "to": [ 11, 3.75, 15.9375 ],
    "rotation": { "origin": [ 10.5, 3.75, 12.4375 ], "axis": "x", "angle": -45 },
    "faces": {
        "down":  { "uv": [ 11.5, 2, 11, 1.5 ], "texture": "#texture" },
        "up":    { "uv": [ 4.5, 1.5, 5, 2 ], "texture": "#texture" },
        "north": { "uv": [ 11, 8, 11.5, 14 ], "texture": "#texture" },
        "south": { "uv": [ 4.5, 8, 5, 14 ], "texture": "#texture" },
        "west":  { "uv": [ 1.5, 8, 2, 14 ], "texture": "#texture" },
        "east":  { "uv": [ 14, 8, 14.5, 14 ], "texture": "#texture" }
    }
},
{
    "from": [ 10.5, 1.25, 7.5625 ],
    "to": [ 11, 1.75, 13.0625 ],
    "rotation": { "origin": [ 10.5, 1.75, 7.5625 ], "axis": "x", "angle": -22.5 },
    "faces": {
        "down":  { "uv": [ 11.5, 2, 11, 1.5 ], "texture": "#texture" },
        "up":    { "uv": [ 4.5, 1.5, 5, 2 ], "texture": "#texture" },
        "north": { "uv": [ 11, 8, 11.5, 14 ], "texture": "#texture" },
        "south": { "uv": [ 4.5, 8, 5, 14 ], "texture": "#texture" },
        "west":  { "uv": [ 1.5, 8, 2, 14 ], "texture": "#texture" },
        "east":  { "uv": [ 14, 8, 14.5, 14 ], "texture": "#texture" }
    }
},
{
    "from": [ 10.5, 1.3125, 5.25 ],
    "to": [ 11, 1.8125, 7.75 ],
    "faces": {
        "down":  { "uv": [ 11.5, 2, 11, 1.5 ], "texture": "#texture" },
        "up":    { "uv": [ 4.5, 1.5, 5, 2 ], "texture": "#texture" },
        "north": { "uv": [ 11, 8, 11.5, 14 ], "texture": "#texture" },
        "south": { "uv": [ 4.5, 8, 5, 14 ], "texture": "#texture" },
        "west":  { "uv": [ 1.5, 8, 2, 14 ], "texture": "#texture" },
        "east":  { "uv": [ 14, 8, 14.5, 14 ], "texture": "#texture" }
    }
},
{
    "from": [ 10.5, 2, 3.625 ],
    "to": [ 11, 2.5, 5.625 ],
    "rotation": { "origin": [ 10.5, 2.5, 3.625 ], "axis": "x", "angle": 22.5 },
    "faces": {
        "down":  { "uv": [ 11.5, 2, 11, 1.5 ], "texture": "#texture" },
        "up":    { "uv": [ 4.5, 1.5, 5, 2 ], "texture": "#texture" },
        "north": { "uv": [ 11, 8, 11.5, 14 ], "texture": "#texture" },
        "south": { "uv": [ 4.5, 8, 5, 14 ], "texture": "#texture" },
        "west":  { "uv": [ 1.5, 8, 2, 14 ], "texture": "#texture" },
        "east":  { "uv": [ 14, 8, 14.5, 14 ], "texture": "#texture" }
    }
},
{
    "from": [ 5, 3.5, 10 ],
    "to": [ 5.5, 11.5, 10.5 ],
    "rotation": { "origin": [ 5, 11.5, 10 ], "axis": "x", "angle": -22.5 },
    "faces": {
        "down":  { "uv": [ 0, 0, 3, 6 ], "texture": "#texture" },
        "up":    { "uv": [ 0, 0, 3, 6 ], "texture": "#texture" },
        "north": { "uv": [ 0, 0, 3, 6 ], "texture": "#texture" },
        "south": { "uv": [ 0, 0, 3, 6 ], "texture": "#texture" },
        "west":  { "uv": [ 0, 0, 3, 6 ], "texture": "#texture" },
        "east":  { "uv": [ 0, 0, 3, 6 ], "texture": "#texture" }
    }
},
{
    "from": [ 5, 1.0625, 4.75 ],
    "to": [ 5.5, 6.0625, 5.25 ],
    "rotation": { "origin": [ 5, 6.0625, 4.75 ], "axis": "x", "angle": -22.5 },
    "faces": {
        "down":  { "uv": [ 0, 0, 3, 6 ], "texture": "#texture" },
        "up":    { "uv": [ 0, 0, 3, 6 ], "texture": "#texture" },
        "north": { "uv": [ 0, 0, 3, 6 ], "texture": "#texture" },
        "south": { "uv": [ 0, 0, 3, 6 ], "texture": "#texture" },
        "west":  { "uv": [ 0, 0, 3, 6 ], "texture": "#texture" },
        "east":  { "uv": [ 0, 0, 3, 6 ], "texture": "#texture" }
    }
},
{
    "from": [ 5, 3.25, 12.4375 ],
    "to": [ 5.5, 3.75, 15.9375 ],
    "rotation": { "origin": [ 5, 3.75, 12.4375 ], "axis": "x", "angle": -45 },
    "faces": {
        "down":  { "uv": [ 11.5, 2, 11, 1.5 ], "texture": "#texture" },
        "up":    { "uv": [ 4.5, 1.5, 5, 2 ], "texture": "#texture" },
        "north": { "uv": [ 11, 8, 11.5, 14 ], "texture": "#texture" },
        "south": { "uv": [ 4.5, 8, 5, 14 ], "texture": "#texture" },
        "west":  { "uv": [ 1.5, 8, 2, 14 ], "texture": "#texture" },
        "east":  { "uv": [ 14, 8, 14.5, 14 ], "texture": "#texture" }
    }
},
{
    "from": [ 5, 1.25, 7.5625 ],
    "to": [ 5.5, 1.75, 13.0625 ],
    "rotation": { "origin": [ 5, 1.75, 7.5625 ], "axis": "x", "angle": -22.5 },
    "faces": {
        "down":  { "uv": [ 11.5, 2, 11, 1.5 ], "texture": "#texture" },
        "up":    { "uv": [ 4.5, 1.5, 5, 2 ], "texture": "#texture" },
        "north": { "uv": [ 11, 8, 11.5, 14 ], "texture": "#texture" },
        "south": { "uv": [ 4.5, 8, 5, 14 ], "texture": "#texture" },
        "west":  { "uv": [ 1.5, 8, 2, 14 ], "texture": "#texture" },
        "east":  { "uv": [ 14, 8, 14.5, 14 ], "texture": "#texture" }
    }
},
{
    "from": [ 5, 1.3125, 5.25 ],
    "to": [ 5.5, 1.8125, 7.75 ],
    "faces": {
        "down":  { "uv": [ 11.5, 2, 11, 1.5 ], "texture": "#texture" },
        "up":    { "uv": [ 4.5, 1.5, 5, 2 ], "texture": "#texture" },
        "north": { "uv": [ 11, 8, 11.5, 14 ], "texture": "#texture" },
        "south": { "uv": [ 4.5, 8, 5, 14 ], "texture": "#texture" },
        "west":  { "uv": [ 1.5, 8, 2, 14 ], "texture": "#texture" },
        "east":  { "uv": [ 14, 8, 14.5, 14 ], "texture": "#texture" }
    }
},
{
    "from": [ 5, 2, 3.625 ],
    "to": [ 5.5, 2.5, 5.625 ],
    "rotation": { "origin": [ 5, 2.5, 3.625 ], "axis": "x", "angle": 22.5 },
    "faces": {
        "down":  { "uv": [ 11.5, 2, 11, 1.5 ], "texture": "#texture" },
        "up":    { "uv": [ 4.5, 1.5, 5, 2 ], "texture": "#texture" },
        "north": { "uv": [ 11, 8, 11.5, 14 ], "texture": "#texture" },
        "south": { "uv": [ 4.5, 8, 5, 14 ], "texture": "#texture" },
        "west":  { "uv": [ 1.5, 8, 2, 14 ], "texture": "#texture" },
        "east":  { "uv": [ 14, 8, 14.5, 14 ], "texture": "#texture" }
    }
},
{
    "from": [ 10.3125, 8.6875, 4 ],
    "to": [ 11.3125, 9.1875, 11.5 ],
    "rotation": { "origin": [ 10.3125, 9.1875, 4 ], "axis": "x", "angle": -22.5 },
    "faces": {
        "down":  { "uv": [ 0, 0, 3, 6 ], "texture": "#texture" },
        "up":    { "uv": [ 0, 0, 3, 6 ], "texture": "#texture" },
        "north": { "uv": [ 0, 0, 3, 6 ], "texture": "#texture" },
        "south": { "uv": [ 0, 0, 3, 6 ], "texture": "#texture" },
        "west":  { "uv": [ 0, 0, 3, 6 ], "texture": "#texture" },
        "east":  { "uv": [ 0, 0, 3, 6 ], "texture": "#texture" }
    }
}
],
"display": {
    "thirdperson_righthand": {
        "rotation": [ 0, 180, 0 ],
        "translation": [ -6, -8, 0 ],
        "scale": [ 1.8, 1.8, 1.8 ]
    }
}
}