{
"__comment": "Designed by 27box",
"textures": {
    "texture": "block/extra/crayon8"
},
"elements": [ 
{
    "from": [ 0, 0, -0.5 ],
    "to": [ 32, 30.5, -0.4375 ],
    "faces": {
        "down":  { "uv": [ 16, 0, 0, 0 ], "texture": "#texture" },
        "up":    { "uv": [ 0, 0, 16, 0 ], "texture": "#texture" },
        "north": { "uv": [ 0, 0, 16, 16 ], "texture": "#texture" },
        "south": { "uv": [ 0, 0, 16, 16 ], "texture": "#texture" },
        "west":  { "uv": [ 0, 0, 0, 16 ], "texture": "#texture" },
        "east":  { "uv": [ 16, 0, 16, 16 ], "texture": "#texture" }
    }
}
],
"display": {
    "thirdperson_righthand": {
        "rotation": [ 0, 180, 0 ],
        "translation": [ 0, 0, 0 ],
        "scale": [ 1.6, 1.6, 1.6 ]
    }
}
}