{
    "textures": {
        "texture": "block/extra/creeper"
    },
    "elements": [
        {
            "name": "L",
            "from": [ 4.0, 0.0, 2.0 ], 
            "to": [ 12.0, 6.0, 6.0 ], 
            "faces": {
                "north": { "texture": "#texture", "uv": [ 0.0, 6.5, 2.0, 8.0 ] },
                "east": { "texture": "#texture", "uv": [ 0.0, 5.0, 1.0, 6.5 ] },
                "south": { "texture": "#texture", "uv": [ 2.0, 6.5, 4.0, 8.0 ] },
                "west": { "texture": "#texture", "uv": [ 2.0, 5.0, 3.0, 6.5 ] },
                "up": { "texture": "#texture", "uv": [ 2.0, 4.0, 0.0, 5.0 ] },
                "down": { "texture": "#texture", "uv": [ 2.0, 4.0, 4.0, 5.0 ] }
            }
        },
        {
            "name": "body",
            "from": [ 4.0, 6.0, 6.0 ], 
            "to": [ 12.0, 18.0, 10.0 ], 
            "faces": {
                "north": { "texture": "#texture", "uv": [ 5.0, 5.0, 7.0, 8.0 ] },
                "east": { "texture": "#texture", "uv": [ 7.0, 5.0, 8.0, 8.0 ] },
                "south": { "texture": "#texture", "uv": [ 7.0, 5.0, 9.0, 8.0 ] },
                "west": { "texture": "#texture", "uv": [ 4.0, 5.0, 5.0, 8.0 ] },
                "up": { "texture": "#texture", "uv": [ 5.0, 4.0, 7.0, 5.0 ] },
                "down": { "texture": "#texture", "uv": [ 7.0, 5.0, 9.0, 4.0 ] }
            }
        },
        {
            "name": "L",
            "from": [ 4.0, 0.0, 10.0 ], 
            "to": [ 12.0, 6.0, 14.0 ], 
            "faces": {
                "north": { "texture": "#texture", "uv": [ 0.0, 6.5, 2.0, 8.0 ] },
                "east": { "texture": "#texture", "uv": [ 0.0, 5.0, 1.0, 6.5 ] },
                "south": { "texture": "#texture", "uv": [ 2.0, 6.5, 4.0, 8.0 ] },
                "west": { "texture": "#texture", "uv": [ 2.0, 5.0, 3.0, 6.5 ] },
                "up": { "texture": "#texture", "uv": [ 2.0, 4.0, 0.0, 5.0 ] },
                "down": { "texture": "#texture", "uv": [ 2.0, 4.0, 4.0, 5.0 ] }
            }
        }
    ],
	"display": {
		"thirdperson_righthand": {
			"rotation": [ 0, 0, 0 ],
			"translation": [ 0, 0, 0 ],
			"scale": [ 1, 1, 1 ]
		},
		"thirdperson_lefthand": {
			"rotation": [ 0, 0, 0 ],
			"translation": [ 0, 0, 0 ],
			"scale": [ 1, 1, 1 ]
		},
		"ground": {
			"rotation": [ 0, 0, 0 ],
			"translation": [ 0, 0, 0 ],
			"scale": [ 1, 1, 1 ]
		},
		"firstperson_righthand": {
			"rotation": [ 0, 0, 0 ],
			"translation": [ 0, 0, 0 ],
			"scale": [ 1, 1, 1 ]
		},
		"firstperson_lefthand": {
			"rotation": [ 0, 0, 0 ],
			"translation": [ 0, 0, 0 ],
			"scale": [ 1, 1, 1 ]
		},
		"gui": {
			"rotation": [ 0, 0, 0 ],
			"translation": [ 0, 0, 0 ],
			"scale": [ 1, 1, 1 ]
		},
		"head": {
			"rotation": [ 0, 0, 0 ],
			"translation": [ 0, -30, 0 ],
			"scale": [ 1.6, 1.6, 1.6 ]
		}
	}
}