{
    "textures": {
        "texture": "block/extra/creeper"
    },
    "elements": [
        {
            "name": "head",
            "from": [ 4.0, 0.0, 4.0 ], 
            "to": [ 12.0, 8.0, 12.0 ], 
            "faces": {
				"down":	 { "uv": [ 4, 2, 6, 0 ], "texture": "#texture" },
				"up":	 { "uv": [ 2, 0, 4, 2 ], "texture": "#texture" },
				"south": { "uv": [ 6, 2, 8, 4 ], "texture": "#texture" },
				"north": { "uv": [ 2, 2, 4, 4 ], "texture": "#texture" },
				"west":	 { "uv": [ 6, 2, 4, 4 ], "texture": "#texture" },
				"east":	 { "uv": [ 2, 2, 0, 4 ], "texture": "#texture" }
			}
        }
    ],
	"display": {
		"thirdperson_righthand": {
			"rotation": [ 0, 0, 0 ],
			"translation": [ 0, 0, 0 ],
			"scale": [ 1, 1, 1 ]
		},
		"thirdperson_lefthand": {
			"rotation": [ 0, 0, 0 ],
			"translation": [ 0, 0, 0 ],
			"scale": [ 1, 1, 1 ]
		},
		"ground": {
			"rotation": [ 0, 0, 0 ],
			"translation": [ 0, 0, 0 ],
			"scale": [ 1, 1, 1 ]
		},
		"firstperson_righthand": {
			"rotation": [ 0, 0, 0 ],
			"translation": [ 0, 0, 0 ],
			"scale": [ 1, 1, 1 ]
		},
		"firstperson_lefthand": {
			"rotation": [ 0, 0, 0 ],
			"translation": [ 0, 0, 0 ],
			"scale": [ 1, 1, 1 ]
		},
		"gui": {
			"rotation": [ 0, 0, 0 ],
			"translation": [ 0, 0, 0 ],
			"scale": [ 1, 1, 1 ]
		},
		"head": {
			"rotation": [ 0, 0, 0 ],
			"translation": [ 0, -27, 0 ],
			"scale": [ 1.6, 1.6, 1.6 ]
		}
	}
}