{
    "__comment": "Model generated using MrCrayfish's Model Creator (http://mrcrayfish.com/modelcreator/)",
    "textures": {
        "0": "block/extra/metal_0",
        "1": "block/extra/red_poisonwater_flow"
    },
    "elements": [
        {
            "name": "Cube",
            "from": [ 6.0, 5.0, 0.0 ], 
            "to": [ 10.0, 6.0, 5.0 ], 
            "faces": {
                "north": { "texture": "#0", "uv": [ 0.0, 0.0, 8.0, 4.0 ], "rotation": 180 },
                "east": { "texture": "#0", "uv": [ 0.0, 0.0, 8.0, 4.0 ], "rotation": 180 },
                "south": { "texture": "#0", "uv": [ 0.0, 0.0, 8.0, 4.0 ], "rotation": 180 },
                "west": { "texture": "#0", "uv": [ 0.0, 0.0, 8.0, 4.0 ], "rotation": 180 },
                "up": { "texture": "#0", "uv": [ 0.0, 0.0, 8.0, 4.0 ] },
                "down": { "texture": "#0", "uv": [ 0.0, 0.0, 8.0, 3.0 ], "rotation": 180 }
            }
        },
        {
            "name": "Cube",
            "from": [ 6.0, 6.0, 0.0 ], 
            "to": [ 7.0, 8.0, 5.0 ], 
            "faces": {
                "north": { "texture": "#0", "uv": [ 0.0, 4.0, 1.0, 6.0 ], "rotation": 180 },
                "east": { "texture": "#0", "uv": [ 0.0, 0.0, 7.0, 4.0 ], "rotation": 90 },
                "south": { "texture": "#0", "uv": [ 0.0, 4.0, 1.0, 6.0 ], "rotation": 180 },
                "west": { "texture": "#0", "uv": [ 0.0, 4.0, 5.0, 6.0 ], "rotation": 180 },
                "up": { "texture": "#0", "uv": [ 0.0, 3.0, 1.0, 8.0 ] },
                "down": { "texture": "#0", "uv": [ 0.0, 0.0, 1.0, 5.0 ] }
            }
        },
        {
            "name": "Cube",
            "from": [ 9.0, 6.0, 0.0 ], 
            "to": [ 10.0, 8.0, 5.0 ], 
            "faces": {
                "north": { "texture": "#0", "uv": [ 0.0, 4.0, 1.0, 6.0 ], "rotation": 180 },
                "east": { "texture": "#0", "uv": [ 0.0, 4.0, 5.0, 6.0 ], "rotation": 180 },
                "south": { "texture": "#0", "uv": [ 0.0, 4.0, 1.0, 6.0 ], "rotation": 180 },
                "west": { "texture": "#0", "uv": [ 0.0, 0.0, 8.0, 4.0 ], "rotation": 270 },
                "up": { "texture": "#0", "uv": [ 0.0, 3.0, 1.0, 8.0 ] },
                "down": { "texture": "#0", "uv": [ 0.0, 0.0, 1.0, 5.0 ] }
            }
        },
        {
            "name": "Cube",
            "from": [ 7.0, 6.0, 0.0 ], 
            "to": [ 9.0, 7.0, 5.0 ], 
            "faces": {
                "north": { "texture": "#1", "uv": [ 0.0, 0.0, 2.0, 1.0 ] },
                "east": { "texture": "#1", "uv": [ 0.0, 0.0, 5.0, 1.0 ] },
                "south": { "texture": "#1", "uv": [ 0.0, 0.0, 2.0, 1.0 ] },
                "west": { "texture": "#1", "uv": [ 0.0, 0.0, 5.0, 1.0 ] },
                "up": { "texture": "#1", "uv": [ 0.0, 0.0, 2.0, 5.0 ] },
                "down": { "texture": "#1", "uv": [ 0.0, 0.0, 2.0, 5.0 ] }
            }
        },
        {
            "name": "Cube",
            "from": [ 7.0, 0.0, 5.0 ], 
            "to": [ 9.0, 7.0, 6.0 ], 
            "faces": {
                "north": { "texture": "#1", "uv": [ 0.0, 0.0, 2.0, 7.0 ] },
                "east": { "texture": "#1", "uv": [ 0.0, 0.0, 1.0, 7.0 ] },
                "south": { "texture": "#1", "uv": [ 0.0, 0.0, 2.0, 7.0 ] },
                "west": { "texture": "#1", "uv": [ 0.0, 0.0, 1.0, 7.0 ] },
                "up": { "texture": "#1", "uv": [ 0.0, 5.0, 2.0, 6.0 ] },
                "down": { "texture": "#1", "uv": [ 0.0, 0.0, 2.0, 1.0 ] }
            }
        }
    ]
}