{
"__comment": "Designed by 27box",
"textures": {
    "particle": "block/black_concrete",
    "texture": "block/extra/enb",
    "phone": "block/extra/phone",
    "loaqr": "block/extra/loaqr"
},
"elements": [ 
{
    "from": [ 5, 3, 8 ],
    "to": [ 10, 16, 8.5 ],
    "faces": {
        "down":  { "uv": [ 9.5, 0, 10, 16 ], "rotation": 90, "texture": "#texture" },
        "up":    { "uv": [ 9.5, 0, 10, 16 ], "texture": "#texture" },
        "north": { "uv": [ 9.5, 0, 10, 16 ], "texture": "#texture" },
        "south": { "uv": [ 9.5, 0, 10, 16 ], "rotation": 90, "texture": "#texture" },
        "west":  { "uv": [ 9.5, 0, 10, 16 ], "rotation": 90, "texture": "#texture" },
        "east":  { "uv": [ 9.5, 0, 10, 16 ], "texture": "#texture" }
    }
},
{
    "from": [ 6, 9.5, 7.9375 ],
    "to": [ 9, 15, 8 ],
    "faces": {
        "down":  { "uv": [ 0, 0, 16, 16 ], "rotation": 90, "texture": "#particle" },
        "up":    { "uv": [ 0, 0, 16, 16 ], "texture": "#particle" },
        "north": { "uv": [ 0, 0, 16, 16 ], "texture": "#particle" },
        "south": { "uv": [ 0, 0, 16, 16 ], "rotation": 90, "texture": "#particle" },
        "west":  { "uv": [ 0, 0, 16, 16 ], "rotation": 90, "texture": "#particle" },
        "east":  { "uv": [ 0, 0, 16, 16 ], "texture": "#particle" }
    }
},
{
    "from": [ 6.8125, 7, 7.875 ],
    "to": [ 8.3125, 8.5, 8.375 ],
    "faces": {
        "down":  { "uv": [ 0, 0, 0.5, 16 ], "rotation": 90, "texture": "#texture" },
        "up":    { "uv": [ 0, 0, 0.5, 16 ], "texture": "#texture" },
        "north": { "uv": [ 13, 0, 13.5, 0.5 ], "rotation": 180, "texture": "#phone" },
        "south": { "uv": [ 0, 9.5, 0.5, 11 ], "rotation": 90, "texture": "#texture" },
        "west":  { "uv": [ 0, 10, 0.5, 11.5 ], "rotation": 90, "texture": "#texture" },
        "east":  { "uv": [ 0, 8.5, 0.5, 10.5 ], "texture": "#texture" }
    }
},
{
    "from": [ 6.8125, 4.5, 7.875 ],
    "to": [ 8.3125, 6, 8.375 ],
    "faces": {
        "down":  { "uv": [ 0, 0, 0.5, 16 ], "rotation": 90, "texture": "#texture" },
        "up":    { "uv": [ 0, 0, 0.5, 16 ], "texture": "#texture" },
        "north": { "uv": [ 13, 0, 13.5, 0.5 ], "texture": "#phone" },
        "south": { "uv": [ 0, 0, 0.5, 16 ], "rotation": 90, "texture": "#texture" },
        "west":  { "uv": [ 0, 0, 0.5, 16 ], "rotation": 90, "texture": "#texture" },
        "east":  { "uv": [ 0, 0, 0.5, 16 ], "texture": "#texture" }
    }
},
{
    "from": [ 7, 12.625, 7.875 ],
    "to": [ 8, 14.125, 7.9375 ],
    "faces": {
        "north": { "uv": [ 10, 0, 16, 7.5 ], "texture": "#loaqr" }
    }
},
{
    "from": [ 7, 10.5625, 7.875 ],
    "to": [ 8, 12.0625, 7.9375 ],
    "faces": {
        "north": { "uv": [ 1.5, 10.5, 2, 11 ], "texture": "#phone" }
    }
}
],
"display": {
    "head": {
        "rotation": [ 0, 0, 0 ],
        "translation": [ 20, -4.7, 12.4 ],
        "scale": [ 1.6, 1.6, 1.5 ]
    }
}
}