{
"__comment": "Designed by 27box",
"textures": {
    "particle": "block/extra/none",
    "texture": "block/extra/elamp2"
},
"elements": [ 
{
    "from": [ -1.5, 7, -1.5 ],
    "to": [ 17.5, 8, 17.5 ],
    "faces": {
        "down":  { "uv": [ 0, 0, 16, 16 ], "rotation": 90, "texture": "#texture" },
        "up":    { "uv": [ 0, 0, 16, 16 ], "rotation": 90, "texture": "#particle" },
        "north": { "uv": [ 0, 0, 16, 16 ], "rotation": 90, "texture": "#particle" },
        "south": { "uv": [ 0, 0, 16, 16 ], "rotation": 90, "texture": "#particle" },
        "west":  { "uv": [ 0, 0, 16, 16 ], "texture": "#particle" },
        "east":  { "uv": [ 0, 0, 16, 16 ], "texture": "#particle" }
    }
}
],
"display": {
    "head": {
        "rotation": [ 180, 0, 0 ],
        "translation": [ 0, 6, 0 ],
        "scale": [ 4, 1, 4 ]
    }
}
}