{
	"textures": {
		"texture": "block/extra/filter",
		"none": "block/extra/none"
	},
	"elements": [
		{
			"name": "Cube",
			"from": [ -8.0, 12.0, -8.0 ], 
			"to": [ 24.0, 12.0, 24.0 ], 
			"faces": {
				"north": { "texture": "#texture", "uv": [ 0.0, 0.0, 16.0, 16.0 ] },
				"east": { "texture": "#texture", "uv": [ 0.0, 0.0, 16.0, 16.0 ] },
				"south": { "texture": "#none", "uv": [ 0.0, 0.0, 16.0, 16.0 ] },
				"west": { "texture": "#none", "uv": [ 0.0, 0.0, 16.0, 16.0 ] },
				"up": { "texture": "#texture", "uv": [ 0.0, 0.0, 0.0, 0.0 ] },
				"down": { "texture": "#none", "uv": [ 0.0, 0.0, 0.0, 0.0 ] }
			}
		}
	],
	"display": {
		"head": {
			"rotation": [ 0, 0, 0 ],
			"translation": [ 0, -32, 0 ],
			"scale": [ 3, 1, 3 ]
		}
	}
}