{
    "textures": {
    "texture": "block/extra/fishingrod"
    },
    "elements": [
        {
            "name": "rod",
            "from": [ 3.0, 0.0, 7.9 ], 
            "to": [ 13.0, 0.3, 8.2 ], 
            "rotation": { "origin": [ 3.0, 1.0, 8.0 ], "axis": "z", "angle": 45.0 },
            "faces": {
                "north": { "texture": "#texture", "uv": [ 15, 14, 16, 15 ] },
                "east": { "texture": "#texture", "uv": [ 15, 14, 16, 15 ] },
                "south": { "texture": "#texture", "uv": [ 15, 14, 16, 15 ] },
                "west": { "texture": "#texture", "uv": [ 15, 14, 16, 15 ] },
                "up": { "texture": "#texture", "uv": [ 15, 14, 16, 15 ] },
                "down": { "texture": "#texture", "uv": [ 15, 14, 16, 15 ] }
            }
        },
        {
            "name": "line",
            "from": [ 10.5, -6.0, 8.0 ], 
            "to": [ 10.6, 7.5, 8.1 ], 
            "faces": {
                "north": { "texture": "#texture", "uv": [ 15, 15, 16, 16 ] },
                "east": { "texture": "#texture", "uv": [ 15, 15, 16, 16 ] },
                "south": { "texture": "#texture", "uv": [ 15, 15, 16, 16 ] },
                "west": { "texture": "#texture", "uv": [ 15, 15, 16, 16 ] },
                "up": { "texture": "#texture", "uv": [ 15, 15, 16, 16 ] },
                "down": { "texture": "#texture", "uv": [ 15, 15, 16, 16 ] }
            }
        },
        {
            "name": "Cube",
            "from": [ 10.4, -6.0, 7.9 ], 
            "to": [ 10.700000000000001, -5.7, 8.200000000000001 ], 
            "faces": {
                "north": { "texture": "#texture", "uv": [ 0, 0, 3, 3 ] },
                "east": { "texture": "#texture", "uv": [ 0, 0, 3, 3 ] },
                "south": { "texture": "#texture", "uv": [ 0, 0, 3, 3 ] },
                "west": { "texture": "#texture", "uv": [ 0, 0, 3, 3 ] },
                "up": { "texture": "#texture", "uv": [ 15, 15, 16, 16 ] },
                "down": { "texture": "#texture", "uv": [ 15, 15, 16, 16 ] }
            }
        }
    ],
"display": {
		"thirdperson_righthand": {
			"rotation":  [ 0, 90, 90 ],
			"translation":  [ 0, 8, 20 ],
			"scale":  [ 3, 3, 3 ]
		},
		"thirdperson_lefthand": {
			"rotation":  [ 0, 0, 0 ],
			"translation":  [ -1, -2, -3 ],
			"scale":  [ 2, 2, 2 ]
		},
		"firstperson_righthand": {
			"rotation":  [ 0, 180, 0 ],
			"translation":  [ -2, 5, 0 ],
			"scale":  [ 0.5, 0.5, 0.5 ]
		},
		"firstperson_lefthand": {
			"rotation":  [ 0, 180, 0 ],
			"translation":  [ 2, 5, 0 ],
			"scale":  [ 0.5, 0.5, 0.5 ]
		},
		"gui": {
			"rotation":  [ 0, 135, 0 ],
			"translation":  [ 0, -1, 0 ],
			"scale":  [ 1.0, 1.0, 1.0 ]
		},
		"head": {
			"rotation":  [ 0, 0, 0 ],
			"translation":  [ -3.8, -3, -4 ],
			"scale":  [ 1.8, 1.8, 1.8 ]
		},
		"ground": {
			"rotation":  [ 0, 0, 0 ],
			"scale":  [ 0.8, 0.8, 0.8 ]
		}
	}
}