{
"__comment": "Designed by Ounceabgm with BDcraft Cubik PRO 1.00 for MC1.8 - http://bdcraft.net",
"textures": {
    "particle": "block/blue_terracotta",
    "texture": "block/acacia_planks"
},
"elements": [ 
{
    "from": [ 7.5, -5, -8 ],
    "to": [ 14, 3, -1 ],
    "rotation": { "origin": [ 7.5, 3, -8 ], "axis": "z", "angle": -45 },
    "faces": {
        "down":  { "uv": [ 14.5, 12.5, 4.5, 4 ], "texture": "#texture" },
        "up":    { "uv": [ 1.5, 4, 11.5, 12.5 ], "texture": "#texture" },
        "north": { "uv": [ 4.5, 4, 14.5, 12 ], "texture": "#texture" },
        "south": { "uv": [ 1.5, 4, 11.5, 12 ], "texture": "#texture" },
        "west":  { "uv": [ 4, 4, 12.5, 12 ], "texture": "#texture" },
        "east":  { "uv": [ 3.5, 4, 12, 12 ], "texture": "#texture" }
    }
},
{
    "from": [ 15.5, -2.5, 12.5 ],
    "to": [ 20, 2, 17 ],
    "rotation": { "origin": [ 15.5, 2, 12.5 ], "axis": "z", "angle": -22.5 },
    "faces": {
        "down":  { "uv": [ 0, 0, 8, 8 ], "texture": "#texture" },
        "up":    { "uv": [ 3.5, 3.5, 11.5, 11.5 ], "rotation": 270, "texture": "#texture" },
        "north": { "uv": [ 0, 0, 8, 8 ], "texture": "#texture" },
        "south": { "uv": [ 0, 0, 8, 8 ], "texture": "#texture" },
        "west":  { "uv": [ 0, 0, 8, 8 ], "texture": "#texture" },
        "east":  { "uv": [ 0, 0, 8, 8 ], "texture": "#texture" }
    }
},
{
    "from": [ 15.5, -0.5, 0.5 ],
    "to": [ 17, 2, 2 ],
    "rotation": { "origin": [ 15.5, 2, 0.5 ], "axis": "x", "angle": 22.5 },
    "faces": {
        "down":  { "uv": [ 0, 0, 8, 8 ], "texture": "#texture" },
        "up":    { "uv": [ 0, 0, 8, 8 ], "texture": "#texture" },
        "north": { "uv": [ 0, 0, 8, 8 ], "texture": "#texture" },
        "south": { "uv": [ 0, 0, 8, 8 ], "texture": "#texture" },
        "west":  { "uv": [ 0, 0, 8, 8 ], "texture": "#texture" },
        "east":  { "uv": [ 0, 0, 8, 8 ], "texture": "#texture" }
    }
},
{
    "from": [ -5, -1, 8.5 ],
    "to": [ -0.5, 1, 13.5 ],
    "rotation": { "origin": [ -5, -1, 8.5 ], "axis": "y", "angle": 45 },
    "faces": {
        "down":  { "uv": [ 0, 0, 8, 8 ], "texture": "#texture" },
        "up":    { "uv": [ 0, 0, 8, 8 ], "texture": "#texture" },
        "north": { "uv": [ 0, 0, 8, 8 ], "texture": "#texture" },
        "south": { "uv": [ 0, 0, 8, 8 ], "texture": "#texture" },
        "west":  { "uv": [ 0, 0, 8, 8 ], "texture": "#texture" },
        "east":  { "uv": [ 0, 0, 8, 8 ], "texture": "#texture" }
    }
},
{
    "from": [ -12, -1, 20 ],
    "to": [ -11, 0.5, 21.5 ],
    "rotation": { "origin": [ -12, 0.5, 20 ], "axis": "z", "angle": 22.5 },
    "faces": {
        "down":  { "uv": [ 0, 0, 8, 8 ], "texture": "#texture" },
        "up":    { "uv": [ 0, 0, 8, 8 ], "texture": "#texture" },
        "north": { "uv": [ 0, 0, 8, 8 ], "texture": "#texture" },
        "south": { "uv": [ 0, 0, 8, 8 ], "texture": "#texture" },
        "west":  { "uv": [ 0, 0, 8, 8 ], "texture": "#texture" },
        "east":  { "uv": [ 0, 0, 8, 8 ], "texture": "#texture" }
    }
},
{
    "from": [ -5, -1, -1 ],
    "to": [ -3.5, 0, 0 ],
    "faces": {
        "down":  { "uv": [ 0, 0, 8, 8 ], "texture": "#particle" },
        "up":    { "uv": [ 0, 0, 8, 8 ], "texture": "#particle" },
        "north": { "uv": [ 0, 0, 8, 8 ], "texture": "#particle" },
        "south": { "uv": [ 0, 0, 8, 8 ], "texture": "#particle" },
        "west":  { "uv": [ 0, 0, 8, 8 ], "texture": "#particle" },
        "east":  { "uv": [ 0, 0, 8, 8 ], "texture": "#particle" }
    }
},
{
    "from": [ -11.5, -2.5, 2.5 ],
    "to": [ -10, 0.5, 4.5 ],
    "faces": {
        "down":  { "uv": [ 0, 0, 8, 8 ], "texture": "#texture" },
        "up":    { "uv": [ 0, 0, 8, 8 ], "texture": "#texture" },
        "north": { "uv": [ 0, 0, 8, 8 ], "texture": "#texture" },
        "south": { "uv": [ 0, 0, 8, 8 ], "texture": "#texture" },
        "west":  { "uv": [ 0, 0, 8, 8 ], "texture": "#texture" },
        "east":  { "uv": [ 0, 0, 8, 8 ], "texture": "#texture" }
    }
},
{
    "from": [ 25.5, -4, -3.5 ],
    "to": [ 27.5, 0, -1 ],
    "rotation": { "origin": [ 25.5, 0, -3.5 ], "axis": "z", "angle": 22.5 },
    "faces": {
        "down":  { "uv": [ 0, 0, 8, 8 ], "texture": "#texture" },
        "up":    { "uv": [ 0, 0, 8, 8 ], "texture": "#texture" },
        "north": { "uv": [ 0, 0, 8, 8 ], "texture": "#texture" },
        "south": { "uv": [ 0, 0, 8, 8 ], "texture": "#texture" },
        "west":  { "uv": [ 0, 0, 8, 8 ], "texture": "#texture" },
        "east":  { "uv": [ 0, 0, 8, 8 ], "texture": "#texture" }
    }
},
{
    "from": [ 2.5, -0.5, 17.5 ],
    "to": [ 7, 1.5, 21 ],
    "rotation": { "origin": [ 2.5, 1.5, 17.5 ], "axis": "x", "angle": 22.5 },
    "faces": {
        "down":  { "uv": [ 0, 0, 8, 8 ], "texture": "#particle" },
        "up":    { "uv": [ 0, 0, 8, 8 ], "texture": "#particle" },
        "north": { "uv": [ 0, 0, 8, 8 ], "texture": "#particle" },
        "south": { "uv": [ 0, 0, 8, 8 ], "texture": "#particle" },
        "west":  { "uv": [ 0, 0, 8, 8 ], "texture": "#particle" },
        "east":  { "uv": [ 0, 0, 8, 8 ], "texture": "#particle" }
    }
},
{
    "from": [ 9, -3, 22.5 ],
    "to": [ 10.5, -0.5, 26.5 ],
    "rotation": { "origin": [ 9, -0.5, 22.5 ], "axis": "x", "angle": -22.5 },
    "faces": {
        "down":  { "uv": [ 0, 0, 8, 8 ], "texture": "#texture" },
        "up":    { "uv": [ 0, 0, 8, 8 ], "texture": "#texture" },
        "north": { "uv": [ 0, 0, 8, 8 ], "texture": "#texture" },
        "south": { "uv": [ 0, 0, 8, 8 ], "texture": "#texture" },
        "west":  { "uv": [ 0, 0, 8, 8 ], "texture": "#texture" },
        "east":  { "uv": [ 0, 0, 8, 8 ], "texture": "#texture" }
    }
},
{
    "from": [ 11, -1, -12.5 ],
    "to": [ 13.5, 1, -10.5 ],
    "faces": {
        "down":  { "uv": [ 0, 0, 16, 16 ], "texture": "#particle" },
        "up":    { "uv": [ 0, 0, 16, 16 ], "texture": "#particle" },
        "north": { "uv": [ 0, 0, 16, 16 ], "texture": "#particle" },
        "south": { "uv": [ 0, 0, 16, 16 ], "texture": "#particle" },
        "west":  { "uv": [ 0, 0, 16, 16 ], "texture": "#particle" },
        "east":  { "uv": [ 0, 0, 16, 16 ], "texture": "#particle" }
    }
},
{
    "from": [ -6, -1.5, 22 ],
    "to": [ -5, -0.5, 23 ],
    "faces": {
        "down":  { "uv": [ 16, 16, 16, 16 ], "texture": "#particle" },
        "up":    { "uv": [ 0, 16, 0, 16 ], "texture": "#particle" },
        "north": { "uv": [ 16, 16, 16, 16 ], "texture": "#particle" },
        "south": { "uv": [ 0, 16, 0, 16 ], "texture": "#particle" },
        "west":  { "uv": [ 16, 16, 16, 16 ], "texture": "#particle" },
        "east":  { "uv": [ 0, 16, 0, 16 ], "texture": "#particle" }
    }
},
{
    "from": [ 20.5, -3, 19 ],
    "to": [ 22.5, -0.5, 21.5 ],
    "rotation": { "origin": [ 20.5, -0.5, 19 ], "axis": "z", "angle": 22.5 },
    "faces": {
        "down":  { "uv": [ 8, 8, 16, 16 ], "texture": "#particle" },
        "up":    { "uv": [ 8, 8, 16, 16 ], "texture": "#particle" },
        "north": { "uv": [ 8, 8, 16, 16 ], "texture": "#particle" },
        "south": { "uv": [ 8, 8, 16, 16 ], "texture": "#particle" },
        "west":  { "uv": [ 8, 8, 16, 16 ], "texture": "#particle" },
        "east":  { "uv": [ 8, 8, 16, 16 ], "texture": "#particle" }
    }
},
{
    "from": [ 26.5, -1.5, 7 ],
    "to": [ 28, 0.5, 8 ],
    "rotation": { "origin": [ 26.5, 0.5, 7 ], "axis": "z", "angle": -22.5 },
    "faces": {
        "down":  { "uv": [ 8, 8, 16, 16 ], "texture": "#particle" },
        "up":    { "uv": [ 8, 8, 16, 16 ], "texture": "#particle" },
        "north": { "uv": [ 8, 8, 16, 16 ], "texture": "#particle" },
        "south": { "uv": [ 8, 8, 16, 16 ], "texture": "#particle" },
        "west":  { "uv": [ 8, 8, 16, 16 ], "texture": "#particle" },
        "east":  { "uv": [ 8, 8, 16, 16 ], "texture": "#particle" }
    }
},
{
    "from": [ -7, -0.5, -13 ],
    "to": [ -4, 2, -9.5 ],
    "rotation": { "origin": [ -7, 2, -13 ], "axis": "z", "angle": -22.5 },
    "faces": {
        "down":  { "uv": [ 8, 8, 16, 16 ], "texture": "#particle" },
        "up":    { "uv": [ 8, 8, 16, 16 ], "texture": "#particle" },
        "north": { "uv": [ 8, 8, 16, 16 ], "texture": "#particle" },
        "south": { "uv": [ 8, 8, 16, 16 ], "texture": "#particle" },
        "west":  { "uv": [ 8, 8, 16, 16 ], "texture": "#particle" },
        "east":  { "uv": [ 8, 8, 16, 16 ], "texture": "#particle" }
    }
}
],
"display": {
    "thirdperson_righthand": {
        "rotation": [ 0, 0, 0 ],
        "translation": [ 0, 1, 0 ],
        "scale": [ 2, 2, 2 ]
    }
}
}