{
    "__comment": "designed by jellywayne",
    "textures": {
        "0": "block/bone_block_side"
    },
    "elements": [
        {
            "name": "center",
            "from": [ 4.0, 8.0, 11.0 ], 
            "to": [ 13.0, 10.0, 16.0 ], 
            "faces": {
                "north": { "texture": "#0", "uv": [ 0.0, 0.0, 10.0, 2.0 ] },
                "east": { "texture": "#0", "uv": [ 0.0, 0.0, 5.0, 2.0 ] },
                "south": { "texture": "#0", "uv": [ 0.0, 0.0, 10.0, 2.0 ] },
                "west": { "texture": "#0", "uv": [ 0.0, 0.0, 5.0, 2.0 ] },
                "up": { "texture": "#0", "uv": [ 0.0, 0.0, 10.0, 5.0 ] },
                "down": { "texture": "#0", "uv": [ 0.0, 0.0, 10.0, 5.0 ] }
            }
        },
        {
            "name": "thumbB",
            "from": [ 1.0, 8.0, 9.0 ], 
            "to": [ 4.0, 10.5, 15.0 ], 
            "faces": {
                "north": { "texture": "#0", "uv": [ 0.0, 0.0, 3.0, 2.5 ] },
                "east": { "texture": "#0", "uv": [ 0.0, 0.0, 6.0, 2.5 ] },
                "south": { "texture": "#0", "uv": [ 0.0, 0.0, 3.0, 2.5 ] },
                "west": { "texture": "#0", "uv": [ 0.0, 0.0, 6.0, 2.5 ] },
                "up": { "texture": "#0", "uv": [ 0.0, 0.0, 3.0, 6.0 ] },
                "down": { "texture": "#0", "uv": [ 0.0, 0.0, 3.0, 6.0 ] }
            }
        },
        {
            "name": "thumbS",
            "from": [ 0.0, 8.0, 3.0 ], 
            "to": [ 2.0, 10.0, 9.0 ], 
            "faces": {
                "north": { "texture": "#0", "uv": [ 0.0, 0.0, 2.0, 2.0 ] },
                "east": { "texture": "#0", "uv": [ 0.0, 0.0, 6.0, 2.0 ] },
                "south": { "texture": "#0", "uv": [ 0.0, 0.0, 2.0, 2.0 ] },
                "west": { "texture": "#0", "uv": [ 0.0, 0.0, 6.0, 2.0 ] },
                "up": { "texture": "#0", "uv": [ 0.0, 0.0, 2.0, 6.0 ] },
                "down": { "texture": "#0", "uv": [ 0.0, 0.0, 2.0, 6.0 ] }
            }
        },
        {
            "name": "two",
            "from": [ 4.0, 9.0, 1.0 ], 
            "to": [ 6.0, 10.5, 6.0 ], 
            "faces": {
                "north": { "texture": "#0", "uv": [ 0.0, 0.0, 2.0, 1.5 ] },
                "east": { "texture": "#0", "uv": [ 0.0, 0.0, 5.0, 1.5 ] },
                "south": { "texture": "#0", "uv": [ 0.0, 0.0, 2.0, 1.5 ] },
                "west": { "texture": "#0", "uv": [ 0.0, 0.0, 5.0, 1.5 ] },
                "up": { "texture": "#0", "uv": [ 0.0, 0.0, 2.0, 5.0 ] },
                "down": { "texture": "#0", "uv": [ 0.0, 0.0, 2.0, 5.0 ] }
            }
        },
        {
            "name": "three",
            "from": [ 7.0, 9.0, -1.0 ], 
            "to": [ 9.0, 10.5, 6.0 ], 
            "faces": {
                "north": { "texture": "#0", "uv": [ 0.0, 0.0, 2.0, 1.5 ] },
                "east": { "texture": "#0", "uv": [ 0.0, 0.0, 7.0, 1.5 ] },
                "south": { "texture": "#0", "uv": [ 0.0, 0.0, 2.0, 1.5 ] },
                "west": { "texture": "#0", "uv": [ 0.0, 0.0, 7.0, 1.5 ] },
                "up": { "texture": "#0", "uv": [ 0.0, 0.0, 2.0, 7.0 ] },
                "down": { "texture": "#0", "uv": [ 0.0, 0.0, 2.0, 7.0 ] }
            }
        },
        {
            "name": "four",
            "from": [ 10.0, 9.0, 0.0 ], 
            "to": [ 12.0, 10.5, 6.0 ], 
            "faces": {
                "north": { "texture": "#0", "uv": [ 0.0, 0.0, 2.0, 1.5 ] },
                "east": { "texture": "#0", "uv": [ 0.0, 0.0, 6.0, 1.5 ] },
                "south": { "texture": "#0", "uv": [ 0.0, 0.0, 2.0, 1.5 ] },
                "west": { "texture": "#0", "uv": [ 0.0, 0.0, 6.0, 1.5 ] },
                "up": { "texture": "#0", "uv": [ 0.0, 0.0, 2.0, 6.0 ] },
                "down": { "texture": "#0", "uv": [ 0.0, 0.0, 2.0, 6.0 ] }
            }
        },
        {
            "name": "five",
            "from": [ 13.0, 9.0, 3.0 ], 
            "to": [ 15.0, 10.5, 6.0 ], 
            "faces": {
                "north": { "texture": "#0", "uv": [ 0.0, 0.0, 2.0, 1.5 ] },
                "east": { "texture": "#0", "uv": [ 0.0, 0.0, 3.0, 1.5 ] },
                "south": { "texture": "#0", "uv": [ 0.0, 0.0, 2.0, 1.5 ] },
                "west": { "texture": "#0", "uv": [ 0.0, 0.0, 3.0, 1.5 ] },
                "up": { "texture": "#0", "uv": [ 0.0, 0.0, 2.0, 3.0 ] },
                "down": { "texture": "#0", "uv": [ 0.0, 0.0, 2.0, 3.0 ] }
            }
        },
        {
            "name": "centerup",
            "from": [ 4.0, 9.0, 6.0 ], 
            "to": [ 14.0, 11.0, 11.0 ], 
            "faces": {
                "north": { "texture": "#0", "uv": [ 0.0, 0.0, 10.0, 2.0 ] },
                "east": { "texture": "#0", "uv": [ 0.0, 0.0, 5.0, 2.0 ] },
                "south": { "texture": "#0", "uv": [ 0.0, 0.0, 10.0, 2.0 ] },
                "west": { "texture": "#0", "uv": [ 0.0, 0.0, 5.0, 2.0 ] },
                "up": { "texture": "#0", "uv": [ 0.0, 0.0, 10.0, 5.0 ] },
                "down": { "texture": "#0", "uv": [ 0.0, 0.0, 10.0, 5.0 ] }
            }
        },
        {
            "name": "twotop",
            "from": [ 4.0, 8.0, -3.0 ], 
            "to": [ 6.0, 9.5, 2.0 ], 
            "faces": {
                "north": { "texture": "#0", "uv": [ 0.0, 0.0, 2.0, 1.5 ] },
                "east": { "texture": "#0", "uv": [ 0.0, 0.0, 5.0, 1.5 ] },
                "south": { "texture": "#0", "uv": [ 0.0, 0.0, 2.0, 1.5 ] },
                "west": { "texture": "#0", "uv": [ 0.0, 0.0, 5.0, 1.5 ] },
                "up": { "texture": "#0", "uv": [ 0.0, 0.0, 2.0, 5.0 ] },
                "down": { "texture": "#0", "uv": [ 0.0, 0.0, 2.0, 5.0 ] }
            }
        },
        {
            "name": "threetop",
            "from": [ 7.0, 8.0, -6.0 ], 
            "to": [ 9.0, 9.5, 1.0 ], 
            "faces": {
                "north": { "texture": "#0", "uv": [ 0.0, 0.0, 2.0, 1.5 ] },
                "east": { "texture": "#0", "uv": [ 0.0, 0.0, 7.0, 1.5 ] },
                "south": { "texture": "#0", "uv": [ 0.0, 0.0, 2.0, 1.5 ] },
                "west": { "texture": "#0", "uv": [ 0.0, 0.0, 7.0, 1.5 ] },
                "up": { "texture": "#0", "uv": [ 0.0, 0.0, 2.0, 7.0 ] },
                "down": { "texture": "#0", "uv": [ 0.0, 0.0, 2.0, 7.0 ] }
            }
        },
        {
            "name": "fourtop",
            "from": [ 10.0, 8.0, -5.0 ], 
            "to": [ 12.0, 9.5, 1.0 ], 
            "faces": {
                "north": { "texture": "#0", "uv": [ 0.0, 0.0, 2.0, 1.5 ] },
                "east": { "texture": "#0", "uv": [ 0.0, 0.0, 6.0, 1.5 ] },
                "south": { "texture": "#0", "uv": [ 0.0, 0.0, 2.0, 1.5 ] },
                "west": { "texture": "#0", "uv": [ 0.0, 0.0, 6.0, 1.5 ] },
                "up": { "texture": "#0", "uv": [ 0.0, 0.0, 2.0, 6.0 ] },
                "down": { "texture": "#0", "uv": [ 0.0, 0.0, 2.0, 6.0 ] }
            }
        },
        {
            "name": "fivetop",
            "from": [ 13.0, 8.0, -2.0 ], 
            "to": [ 15.0, 9.5, 3.0 ], 
            "faces": {
                "north": { "texture": "#0", "uv": [ 0.0, 0.0, 2.0, 1.5 ] },
                "east": { "texture": "#0", "uv": [ 0.0, 0.0, 5.0, 1.5 ] },
                "south": { "texture": "#0", "uv": [ 0.0, 0.0, 2.0, 1.5 ] },
                "west": { "texture": "#0", "uv": [ 0.0, 0.0, 5.0, 1.5 ] },
                "up": { "texture": "#0", "uv": [ 0.0, 0.0, 2.0, 5.0 ] },
                "down": { "texture": "#0", "uv": [ 0.0, 0.0, 2.0, 5.0 ] }
            }
        }
    ],
	"display": {
        "ground": {
            "rotation": [ 0, 0, 0 ],
            "translation": [ 0, 2, 0],
            "scale":[ 1.0, 1.0, 1.0 ]
        },
        "head": {
            "rotation": [ 90, 0, 180 ],
            "translation": [ 0, -16, 0],
            "scale":[ 5, 5, 5]
        },
        "thirdperson_righthand": {
            "rotation": [ 180, 0, 0 ],
            "translation": [ -4, 0, 0 ],
            "scale": [ 1.0, 1.0, 1.0 ]
        },
        "thirdperson_lefthand": {
            "rotation": [ 0, 0, 90 ],
            "translation": [ -4, 0, 3 ],
            "scale": [ 1.0, 1.0, 1.0 ]
        },
        "firstperson_righthand": {
            "rotation": [ 0, -90, -20 ],
            "translation": [ 1.13, 3.2, 1.13],
            "scale": [ 0.68, 0.68, 0.68 ]
        },
        "gui": {
            "rotation": [ 0, 0, -45 ],
            "translation": [ 0, 0, 0],
            "scale": [ 1.0, 1.0, 1.0 ]
        }
    }
}