{
    "__comment": "designed by jellywayne",
    "textures": {
        "0": "block/bone_block_side"
    },
    "elements": [
        {
            "name": "Cube",
            "from": [ 5.0, 0.0, -16.0 ], 
            "to": [ 10.0, 5.0, 32.0 ], 
            "faces": {
                "north": { "texture": "#0", "uv": [ 0.0, 0.0, 5.0, 16.0 ] },
                "east": { "texture": "#0", "uv": [ 0.0, 0.0, 16.0, 5.0 ] },
                "south": { "texture": "#0", "uv": [ 0.0, 0.0, 5.0, 5.0 ] },
                "west": { "texture": "#0", "uv": [ 0.0, 0.0, 16.0, 5.0 ] },
                "up": { "texture": "#0", "uv": [ 0.0, 0.0, 5.0, 16.0 ] },
                "down": { "texture": "#0", "uv": [ 0.0, 0.0, 5.0, 16.0 ] }
            }
        },
        {
            "name": "Cube",
            "from": [ 4.0, -9.0, 24.0 ], 
            "to": [ 11.0, -3.0, 29.0 ], 
            "rotation": { "origin": [ 8.0, 8.0, 8.0 ], "axis": "x", "angle": -22.5 },
            "faces": {
                "north": { "texture": "#0", "uv": [ 0.0, 0.0, 7.0, 6.0 ] },
                "east": { "texture": "#0", "uv": [ 0.0, 0.0, 16.0, 5.0 ] },
                "south": { "texture": "#0", "uv": [ 0.0, 0.0, 7.0, 6.0 ] },
                "west": { "texture": "#0", "uv": [ 0.0, 0.0, 16.0, 5.0 ] },
                "up": { "texture": "#0", "uv": [ 0.0, 0.0, 7.0, 5.0 ] },
                "down": { "texture": "#0", "uv": [ 0.0, 0.0, 7.0, 5.0 ] }
            }
        }
    ],
	"display": {
        "ground": {
            "rotation": [ 0, 0, 0 ],
            "translation": [ 0, 2, 0],
            "scale":[ 1.0, 1.0, 1.0 ]
        },
        "head": {
            "rotation": [ 90, 0, 180 ],
            "translation": [ 0, -16, 0],
            "scale":[ 5, 5, 5]
        },
        "thirdperson_righthand": {
            "rotation": [ 90, 0, 0 ],
            "translation": [ -4, -18, 8 ],
            "scale": [ 1.0, 1.0, 1.0 ]
        },
        "thirdperson_lefthand": {
            "rotation": [ -90, 0, 0 ],
            "translation": [ -6, 0, -1 ],
            "scale": [ 1.0, 1.0, 1.0 ]
        },
        "firstperson_righthand": {
            "rotation": [ 0, -90, -20 ],
            "translation": [ 1.13, 3.2, 1.13],
            "scale": [ 0.68, 0.68, 0.68 ]
        },
        "gui": {
            "rotation": [ 0, 0, -45 ],
            "translation": [ 0, 0, 0],
            "scale": [ 1.0, 1.0, 1.0 ]
        }
    }
}