{
"__comment": "Design by 27box",
"textures": {
    "particle": "block/black_stained_glass",
    "texture": "block/black_stained_glass",
    "none": "block/extra/none"
},
"elements": [ 
{
    "__comment": "Legs*",
    "from": [ 8, -5.5625, 6 ],
    "to": [ 12, 11.4375, 10 ],
    "faces": {
        "down":  { "uv": [ 2, 4, 3, 5 ], "texture": "#texture" },
        "up":    { "uv": [ 1, 4, 2, 5 ], "texture": "#none" },
        "north": { "uv": [ 1.5, 3.5, 2.5, 4.5 ], "texture": "#texture" },
        "south": { "uv": [ 2.5, 3.5, 1.5, 4.5 ], "texture": "#texture" },
        "west":  { "uv": [ 2, 4, 3, 5 ], "texture": "#texture" },
        "east":  { "uv": [ 1.5, 4, 2.5, 5 ], "texture": "#texture" }
    }
},
{
    "__comment": "Arm",
    "from": [ -0.0625, 8, 5.875 ],
    "to": [ 3.9375, 23.5, 9.875 ],
    "faces": {
        "down":  { "uv": [ 13, 5, 12, 4 ], "texture": "#texture" },
        "up":    { "uv": [ 11, 4, 12, 5 ], "texture": "#texture" },
        "north": { "uv": [ 14, 5, 13, 6 ], "texture": "#texture" },
        "south": { "uv": [ 13, 5, 14, 6 ], "texture": "#texture" },
        "west":  { "uv": [ 10, 5, 11, 6 ], "texture": "#texture" },
        "east":  { "uv": [ 12, 5, 13, 6 ], "texture": "#texture" }
    }
},
{
    "__comment": "Body",
    "from": [ 4, 11.5, 6 ],
    "to": [ 12, 23.5, 10 ],
    "faces": {
        "down":  { "uv": [ 5, 5, 6, 4 ], "texture": "#texture" },
        "up":    { "uv": [ 5, 4, 6, 5 ], "texture": "#texture" },
        "north": { "uv": [ 8, 5, 9, 6 ], "texture": "#texture" },
        "south": { "uv": [ 5, 5, 6, 6 ], "texture": "#texture" },
        "west":  { "uv": [ 4, 5, 5, 6 ], "texture": "#texture" },
        "east":  { "uv": [ 7, 5, 8, 6 ], "texture": "#texture" }
    }
},
{
    "__comment": "Head",
    "from": [ 4, 23.5625, 4 ],
    "to": [ 12, 31.5625, 12 ],
    "faces": {
        "down":  { "uv": [ 2, 3, 3.5, 2 ], "texture": "#texture" },
        "up":    { "uv": [ 2, 2, 3.5, 3.5 ], "texture": "#texture" },
        "north": { "uv": [ 3, 1.5, 4, 3 ], "texture": "#texture" },
        "south": { "uv": [ 2, 2.5, 3, 4 ], "texture": "#texture" },
        "west":  { "uv": [ 5, 1, 4, 2 ], "texture": "#texture" },
        "east":  { "uv": [ 2, 2, 1, 3 ], "texture": "#texture" }
    }
},
{
    "__comment": "Arm*",
    "from": [ 12.0625, 8, 5.8125 ],
    "to": [ 16.0625, 23.5, 9.8125 ],
    "faces": {
        "down":  { "uv": [ 12, 5, 13, 4 ], "texture": "#texture" },
        "up":    { "uv": [ 12, 4, 11, 5 ], "texture": "#texture" },
        "north": { "uv": [ 13, 5, 14, 6 ], "texture": "#texture" },
        "south": { "uv": [ 14, 5, 13, 6.5 ], "texture": "#texture" },
        "west":  { "uv": [ 13, 5, 12, 6 ], "texture": "#texture" },
        "east":  { "uv": [ 10, 5, 11, 6 ], "texture": "#texture" }
    }
},
{
    "__comment": "Legs*",
    "from": [ 3.9375, -5.5625, 6 ],
    "to": [ 7.9375, 11.4375, 10 ],
    "faces": {
        "down":  { "uv": [ 2, 4, 3, 5 ], "texture": "#texture" },
        "up":    { "uv": [ 1, 4, 2, 5 ], "texture": "#none" },
        "north": { "uv": [ 1.5, 3.5, 2.5, 4.5 ], "texture": "#texture" },
        "south": { "uv": [ 2.5, 3.5, 1.5, 4.5 ], "texture": "#texture" },
        "west":  { "uv": [ 2, 4, 3, 5 ], "texture": "#texture" },
        "east":  { "uv": [ 1.5, 4, 2.5, 5 ], "texture": "#texture" }
    }
}
],
"display": {
    "head": {
        "rotation": [ 0, 0, 0 ],
        "translation": [ 0, -16, 0 ],
        "scale": [ 2, 2, 2 ]
    }
}
}