{
    "textures": {
        "texture": "block/extra/herobrine"
    },
    "elements": [
        {
            "name": "LL",
            "from": [ 8.0, 0.5, 6.0 ], 
            "to": [ 12.0, 12.0, 10.0 ], 
            "rotation": { "origin": [ 10.0, 11.5, 8.0 ], "axis": "z", "angle": 22.5 },
            "faces": {
                "north": { "texture": "#texture", "uv": [ 0.0, 5.0, 1.0, 8.0 ] },
                "east": { "texture": "#texture", "uv": [ 0.0, 5.0, 1.0, 8.0 ] },
                "south": { "texture": "#texture", "uv": [ 2.0, 5.0, 1.0, 8.0 ] },
                "west": { "texture": "#texture", "uv": [ 0.0, 5.0, 1.0, 8.0 ] },
                "up": { "texture": "#texture", "uv": [ 1.0, 4.0, 2.0, 5.0 ] },
                "down": { "texture": "#texture", "uv": [ 2.0, 4.0, 3.0, 5.0 ] }
            }
        },
        {
            "name": "RH",
            "from": [ 0.0, 11.5, 6.0 ], 
            "to": [ 4.0, 23.5, 10.0 ], 
            "rotation": { "origin": [ 2.0, 23.5, 8.0 ], "axis": "z", "angle": -22.5 },
            "faces": {
                "north": { "texture": "#texture", "uv": [ 14.0, 5.0, 13.0, 8.0 ] },
                "east": { "texture": "#texture", "uv": [ 12.0, 5.0, 13.0, 8.0 ] },
                "south": { "texture": "#texture", "uv": [ 13.0, 5.0, 14.0, 8.0 ] },
                "west": { "texture": "#texture", "uv": [ 10.0, 5.0, 11.0, 8.0 ] },
                "up": { "texture": "#texture", "uv": [ 11.0, 4.0, 12.0, 5.0 ] },
                "down": { "texture": "#texture", "uv": [ 13.0, 5.0, 12.0, 4.0 ] }
            }
        },
        {
            "name": "body",
            "from": [ 4.0, 11.5, 6.0 ], 
            "to": [ 12.0, 23.5, 10.0 ], 
            "faces": {
                "north": { "texture": "#texture", "uv": [ 8.0, 5.0, 10.0, 8.0 ] },
                "east": { "texture": "#texture", "uv": [ 7.0, 5.0, 8.0, 8.0 ] },
                "south": { "texture": "#texture", "uv": [ 5.0, 5.0, 7.0, 8.0 ] },
                "west": { "texture": "#texture", "uv": [ 4.0, 5.0, 5.0, 8.0 ] },
                "up": { "texture": "#texture", "uv": [ 5.0, 4.0, 7.0, 5.0 ] },
                "down": { "texture": "#texture", "uv": [ 7.0, 5.0, 9.0, 4.0 ] }
            }
        },
        {
            "name": "head",
            "from": [ 4.0, 23.5, 4.0 ], 
            "to": [ 12.0, 31.5, 12.0 ], 
            "faces": {
                "north": { "texture": "#texture", "uv": [ 6.0, 2.0, 8.0, 4.0 ] },
                "east": { "texture": "#texture", "uv": [ 2.0, 2.0, 0.0, 4.0 ] },
                "south": { "texture": "#texture", "uv": [ 2.0, 2.0, 4.0, 4.0 ] },
                "west": { "texture": "#texture", "uv": [ 6.0, 2.0, 4.0, 4.0 ] },
                "up": { "texture": "#texture", "uv": [ 2.0, 0.0, 4.0, 2.0 ] },
                "down": { "texture": "#texture", "uv": [ 4.0, 2.0, 6.0, 0.0 ] }
            }
        },
        {
            "name": "hat",
            "from": [ 3.5, 23.0, 3.5 ], 
            "to": [ 12.5, 32.0, 12.5 ], 
            "faces": {
                "north": { "texture": "#texture", "uv": [ 14.0, 2.0, 16.0, 4.0 ] },
                "east": { "texture": "#texture", "uv": [ 12.0, 2.0, 14.0, 4.0 ] },
                "south": { "texture": "#texture", "uv": [ 10.0, 2.0, 12.0, 4.0 ] },
                "west": { "texture": "#texture", "uv": [ 8.0, 2.0, 10.0, 4.0 ] },
                "up": { "texture": "#texture", "uv": [ 10.0, 0.0, 12.0, 2.0 ] },
                "down": { "texture": "#texture", "uv": [ 12.0, 2.0, 14.0, 0.0 ] }
            }
        },
        {
            "name": "RL",
            "from": [ 4.0, 0.0, 6.0 ], 
            "to": [ 8.0, 11.5, 10.0 ], 
            "faces": {
                "north": { "texture": "#texture", "uv": [ 1.0, 5.0, 0.0, 8.0 ] },
                "east": { "texture": "#texture", "uv": [ 0.0, 5.0, 1.0, 8.0 ] },
                "south": { "texture": "#texture", "uv": [ 1.0, 5.0, 2.0, 8.0 ] },
                "west": { "texture": "#texture", "uv": [ 0.0, 5.0, 1.0, 8.0 ] },
                "up": { "texture": "#texture", "uv": [ 1.0, 4.0, 2.0, 5.0 ] },
                "down": { "texture": "#texture", "uv": [ 2.0, 4.0, 3.0, 5.0 ] }
            }
        },
        {
            "name": "LH",
            "from": [ 12.0, 11.5, 6.0 ],
			"to": [ 16.0, 23.5, 10.0 ],
            "rotation": { "origin": [ 14.0, 22.5, 8.0 ], "axis": "z", "angle": 45.0 },
            "faces": {
                "north": { "texture": "#texture", "uv": [ 13.0, 5.0, 14.0, 8.0 ] },
                "east": { "texture": "#texture", "uv": [ 10.0, 5.0, 11.0, 8.0 ] },
                "south": { "texture": "#texture", "uv": [ 14.0, 5.0, 13.0, 8.0 ] },
                "west": { "texture": "#texture", "uv": [ 13.0, 5.0, 12.0, 8.0 ] },
                "up": { "texture": "#texture", "uv": [ 12.0, 4.0, 11.0, 5.0 ] },
                "down": { "texture": "#texture", "uv": [ 12.0, 5.0, 13.0, 4.0 ] }
            }
        }
    ],
	"display": {
		"thirdperson_righthand": {
			"rotation": [ -90, 180, 0 ],
			"translation": [ 1, 0, 3.5 ],
			"scale": [ 1, 1, 1 ]
		},
		"firstperson_righthand": {
			"rotation": [ 14, 295, -4 ],
			"translation": [ -0.76, 3.59, 0 ],
			"scale": [ 0.2, 0.2, 0.2 ]
		},
		"gui": {
			"rotation": [ 28, 27, 0 ],
			"translation": [ 0, -4, 0 ],
			"scale": [ 0.5, 0.5, 0.5 ]
		},
		"head": {
			"rotation": [ 90, 180, 0 ],
			"translation": [ 0, -36, -16 ],
			"scale": [ 1.6, 1.6, 1.6 ]
		}
	}
}