{
"__comment": "Designed by 27box",
"textures": {
    "particle": "block/extra/grave",
    "texture": "block/extra/castle",
    "ghosttree": "block/extra/ghosttree",
    "none": "block/extra/none"
},
"elements": [ 
{
    "from": [ 0, 0, 8 ],
    "to": [ 32, 31.5, 8.5 ],
    "faces": {
        "down":  { "uv": [ 0, 0, 1, 1.5 ], "texture": "#none" },
        "up":    { "uv": [ 0, 0, 1, 1 ], "texture": "#none" },
        "north": { "uv": [ 0, 0, 1, 1.5 ], "texture": "#ghosttree" },
        "south": { "uv": [ 0, 0, 16, 16 ], "texture": "#ghosttree" },
        "west":  { "uv": [ 0, 0, 1, 1.5 ], "texture": "#ghosttree" },
        "east":  { "uv": [ 0, 0, 1, 1.5 ], "texture": "#ghosttree" }
    }
}
],
"display": {
    "head": {
        "rotation": [ 0, 180, 0 ],
        "translation": [ 15, 17, 0 ],
        "scale": [ 4, 4, 4 ]
    }
}
}