{
"__comment": "Designed by 27box",
"textures": {
    "particle": "block/extra/grave",
    "texture": "block/extra/castle",
    "ghosttree": "block/extra/ghosttree",
    "none": "block/extra/none"
},
"elements": [ 
{
    "from": [ -6, -8.5, 8 ],
    "to": [ 29, 32, 8.5 ],
    "faces": {
        "down":  { "uv": [ 0, 0, 3, 2.5 ], "texture": "#none" },
        "up":    { "uv": [ 0, 0, 2.5, 3.5 ], "texture": "#none" },
        "north": { "uv": [ 0, 0, 3, 3 ], "texture": "#texture" },
        "south": { "uv": [ 1.5, 0, 14.5, 16 ], "texture": "#texture" },
        "west":  { "uv": [ 0, 0, 3.5, 3.5 ], "texture": "#texture" },
        "east":  { "uv": [ 0, 0, 4, 3 ], "texture": "#texture" }
    }
}
],
"display": {
    "head": {
        "rotation": [ 0, 180, 0 ],
        "translation": [ 15, 17, 0 ],
        "scale": [ 4, 4, 4 ]
    }
}
}