{
	"textures": {
		"texture": "block/extra/illuminati"
	},
	"elements": [
		{
			"name": "Cube",
			"from": [ 0.0, 0.0, 8.0 ], 
			"to": [ 16.0, 16.0, 8.0 ], 
			"faces": {
				"north": { "texture": "#texture", "uv": [ 0.0, 0.0, 16.0, 16.0 ] },
				"east": { "texture": "#texture", "uv": [ 0.0, 0.0, 0.0, 16.0 ] },
				"south": { "texture": "#texture", "uv": [ 0.0, 0.0, 0.0, 0.0 ] },
				"west": { "texture": "#texture", "uv": [ 0.0, 0.0, 0.0, 16.0 ] },
				"up": { "texture": "#texture", "uv": [ 0.0, 0.0, 16.0, 0.0 ] },
				"down": { "texture": "#texture", "uv": [ 0.0, 0.0, 16.0, 0.0 ] }
			}
		}
	],
	"display": {
		"thirdperson_righthand": {
			"rotation": [ 0, 0, 0 ],
			"translation": [ 0, 0, 0 ],
			"scale": [ 1, 1, 1 ]
		},
		"thirdperson_lefthand": {
			"rotation": [ 0, 0, 0 ],
			"translation": [ 0, 0, 0 ],
			"scale": [ 1, 1, 1 ]
		},
		"ground": {
			"rotation": [ 0, 0, 0 ],
			"translation": [ 0, 0, 0 ],
			"scale": [ 1, 1, 1 ]
		},
		"firstperson_righthand": {
			"rotation": [ 0, 0, 0 ],
			"translation": [ 0, 0, 0 ],
			"scale": [ 1, 1, 1 ]
		},
		"firstperson_lefthand": {
			"rotation": [ 0, 0, 0 ],
			"translation": [ 0, 0, 0 ],
			"scale": [ 1, 1, 1 ]
		},
		"gui": {
			"rotation": [ 0, 0, 0 ],
			"translation": [ 0, 0, 0 ],
			"scale": [ 1, 1, 1 ]
		},
		"head": {
			"rotation": [ 0, 0, 0 ],
			"translation": [ 0, 0, 0 ],
			"scale": [ 4, 4, 4 ]
		}
	}
}