{
	"__comment": "Designed by 27box",
	"textures": {
		"texture": "block/extra/phone"
	},
	"elements": [
		{
			"from": [ 5, 5, 8.5 ],
			"to": [ 11, 16, 9 ],
			"faces": {
				"down": { "uv": [ 4.5, 1, 3.5, 0 ], "texture": "#texture" },
				"up": { "uv": [ 3.5, 0.5, 4.5, 1.5 ], "texture": "#texture" },
				"north": { "uv": [ 0, 0, 5, 10 ], "texture": "#texture" },
				"south": { "uv": [ 3.5, 0.5, 4.5, 1.5 ], "texture": "#texture" },
				"west": { "uv": [ 3.5, 0.5, 4.5, 1.5 ], "texture": "#texture" },
				"east": { "uv": [ 3.5, 0.5, 4.5, 1.5 ], "texture": "#texture" }
			}
		}
	],
	"display": {
		"thirdperson_righthand": {
			"rotation":  [ 0, 180, 0 ],
			"translation":  [ -2.086, 0.6956, 0.7 ],
			"scale":  [ 0.5, 0.5, 0.5 ]
		},
		"thirdperson_lefthand": {
			"rotation":  [ 0, 180, 0 ],
			"translation":  [ -2.086, 0.6956, 0.7 ],
			"scale":  [ 0.5, 0.5, 0.5 ]
		},
		"firstperson_righthand": {
			"rotation":  [ 0, 175, 0 ],
			"translation":  [ 1.5, -0.5, 0 ]
		},
		"firstperson_lefthand": {
			"rotation":  [ 0, 147, 0 ],
			"translation":  [ -1, 0, 0 ]
		},
		"gui": {
			"rotation":  [ 0, 180, 9 ],
			"translation":  [ 0, -2.5, 0 ]
		},
		"ground": {
			"rotation":  [ 90, 0, 0 ],
			"scale":  [ 0.5, 0.5, 0.5 ]
		}
	}
}