{
    "__comment": "designed by jellywayne",
    "textures": {
        "0": "block/extra/jumpradio"
    },
    "elements": [
        {
            "name": "Cube",
            "from": [ 0.0, 0.0, 4.0 ], 
            "to": [ 16.0, 8.0, 12.0 ], 
            "faces": {
                "north": { "texture": "#0", "uv": [ 0.0, 10.666, 16.0, 13.333 ] },
                "east": { "texture": "#0", "uv": [ 0.0, 10.666, 8.0, 13.333 ] },
                "south": { "texture": "#0", "uv": [ 0.0, 13.333, 16.0, 16.0 ] },
                "west": { "texture": "#0", "uv": [ 0.0, 10.666, 8.0, 13.333 ] },
                "up": { "texture": "#0", "uv": [ 0.0, 10.666, 16.0, 13.333 ] },
                "down": { "texture": "#0", "uv": [ 0.0, 10.666, 16.0, 13.333 ] }
            }
        },
        {
            "name": "Cube",
            "from": [ 0.0, 8.0, 7.0 ], 
            "to": [ 1.0, 12.0, 9.0 ], 
            "faces": {
                "north": { "texture": "#0", "uv": [ 0.0, 10.666, 1.0, 12.0 ] },
                "east": { "texture": "#0", "uv": [ 0.0, 10.666, 2.0, 12.0 ] },
                "south": { "texture": "#0", "uv": [ 0.0, 10.666, 1.0, 12.0 ] },
                "west": { "texture": "#0", "uv": [ 0.0, 10.666, 2.0, 12.0 ] },
                "up": { "texture": "#0", "uv": [ 0.0, 10.666, 1.0, 11.333 ] },
                "down": { "texture": "#0", "uv": [ 0.0, 10.666, 1.0, 11.333 ] }
            }
        },
        {
            "name": "Cube",
            "from": [ 1.0, 11.0, 7.0 ], 
            "to": [ 15.0, 13.0, 9.0 ], 
            "faces": {
                "north": { "texture": "#0", "uv": [ 0.0, 10.666, 14.0, 11.333 ] },
                "east": { "texture": "#0", "uv": [ 0.0, 10.666, 2.0, 11.333 ] },
                "south": { "texture": "#0", "uv": [ 0.0, 10.666, 14.0, 11.333 ] },
                "west": { "texture": "#0", "uv": [ 0.0, 10.666, 2.0, 11.333 ] },
                "up": { "texture": "#0", "uv": [ 0.0, 10.666, 14.0, 11.333 ] },
                "down": { "texture": "#0", "uv": [ 0.0, 10.666, 14.0, 11.333 ] }
            }
        },
        {
            "name": "Cube",
            "from": [ 15.0, 8.0, 7.0 ], 
            "to": [ 16.0, 12.0, 9.0 ], 
            "faces": {
                "north": { "texture": "#0", "uv": [ 0.0, 10.666, 1.0, 12.0 ] },
                "east": { "texture": "#0", "uv": [ 0.0, 10.666, 2.0, 12.0 ] },
                "south": { "texture": "#0", "uv": [ 0.0, 10.666, 1.0, 12.0 ] },
                "west": { "texture": "#0", "uv": [ 0.0, 10.666, 2.0, 12.0 ] },
                "up": { "texture": "#0", "uv": [ 0.0, 10.666, 1.0, 11.333 ] },
                "down": { "texture": "#0", "uv": [ 0.0, 10.666, 1.0, 11.333 ] }
            }
        },
        {
            "name": "Cube",
            "from": [ 1.0, 10.0, 3.0 ], 
            "to": [ 19.0, 11.0, 4.0 ], 
            "rotation": { "origin": [ 8.0, 8.0, 8.0 ], "axis": "z", "angle": 22.5 },
            "faces": {
                "north": { "texture": "#0", "uv": [ 0.0, 10.666, 16.0, 11.0 ] },
                "east": { "texture": "#0", "uv": [ 0.0, 10.666, 1.0, 11.0 ] },
                "south": { "texture": "#0", "uv": [ 0.0, 10.666, 16.0, 11.0 ] },
                "west": { "texture": "#0", "uv": [ 0.0, 10.666, -1.0, 11.0 ] },
                "up": { "texture": "#0", "uv": [ 0.0, 10.666, 16.0, 11.0 ] },
                "down": { "texture": "#0", "uv": [ 0.0, 10.666, 16.0, 11.0 ] }
            }
        },
        {
            "name": "Cube2",
            "from": [ 0.0, 0.0, 4.0 ], 
            "to": [ 16.0, 8.0, 12.0 ], 
            "rotation": { "origin": [ -8.0, 8.0, 8.0 ], "axis": "z", "angle": 22.5 },
            "faces": {
                "north": { "texture": "#0", "uv": [ 0.0, 0.0, 16.0, 2.666 ] },
                "east": { "texture": "#0", "uv": [ 0.0, 0.0, 8.0, 2.666 ] },
                "south": { "texture": "#0", "uv": [ 0.0, 2.666, 16.0, 5.333 ] },
                "west": { "texture": "#0", "uv": [ 0.0, 0.0, 8.0, 2.666 ] },
                "up": { "texture": "#0", "uv": [ 0.0, 0.0, 16.0, 2.666 ] },
                "down": { "texture": "#0", "uv": [ 0.0, 0.0, 16.0, 2.666 ] }
            }
        },
        {
            "name": "Cube2",
            "from": [ 0.0, 8.0, 7.0 ], 
            "to": [ 1.0, 12.0, 9.0 ], 
            "rotation": { "origin": [ -8.0, 8.0, 8.0 ], "axis": "z", "angle": 22.5 },
            "faces": {
                "north": { "texture": "#0", "uv": [ 0.0, 0.0, 1.0, 1.333 ] },
                "east": { "texture": "#0", "uv": [ 0.0, 0.0, 2.0, 1.333 ] },
                "south": { "texture": "#0", "uv": [ 0.0, 0.0, 1.0, 1.333 ] },
                "west": { "texture": "#0", "uv": [ 0.0, 0.0, 2.0, 1.333 ] },
                "up": { "texture": "#0", "uv": [ 0.0, 0.0, 1.0, 0.666 ] },
                "down": { "texture": "#0", "uv": [ 0.0, 0.0, 1.0, 0.666 ] }
            }
        },
        {
            "name": "Cube2",
            "from": [ 1.0, 11.0, 7.0 ], 
            "to": [ 15.0, 13.0, 9.0 ], 
            "rotation": { "origin": [ -8.0, 8.0, 8.0 ], "axis": "z", "angle": 22.5 },
            "faces": {
                "north": { "texture": "#0", "uv": [ 0.0, 0.0, 14.0, 0.666 ] },
                "east": { "texture": "#0", "uv": [ 0.0, 0.0, 2.0, 0.666 ] },
                "south": { "texture": "#0", "uv": [ 0.0, 0.0, 14.0, 0.666 ] },
                "west": { "texture": "#0", "uv": [ 0.0, 0.0, 2.0, 0.666 ] },
                "up": { "texture": "#0", "uv": [ 0.0, 0.0, 14.0, 0.666 ] },
                "down": { "texture": "#0", "uv": [ 0.0, 0.0, 14.0, 0.666 ] }
            }
        },
        {
            "name": "Cube2",
            "from": [ 15.0, 8.0, 7.0 ], 
            "to": [ 16.0, 12.0, 9.0 ], 
            "rotation": { "origin": [ -8.0, 8.0, 8.0 ], "axis": "z", "angle": 22.5 },
            "faces": {
                "north": { "texture": "#0", "uv": [ 0.0, 0.0, 1.0, 1.333 ] },
                "east": { "texture": "#0", "uv": [ 0.0, 0.0, 2.0, 1.333 ] },
                "south": { "texture": "#0", "uv": [ 0.0, 0.0, 1.0, 1.333 ] },
                "west": { "texture": "#0", "uv": [ 0.0, 0.0, 2.0, 1.333 ] },
                "up": { "texture": "#0", "uv": [ 0.0, 0.0, 1.0, 0.666 ] },
                "down": { "texture": "#0", "uv": [ 0.0, 0.0, 1.0, 0.666 ] }
            }
        },
        {
            "name": "Cube2",
            "from": [ 1.0, 10.0, 3.0 ], 
            "to": [ 19.0, 11.0, 4.0 ], 
            "rotation": { "origin": [ 0.0, 8.0, 8.0 ], "axis": "z", "angle": 45.0 },
            "faces": {
                "north": { "texture": "#0", "uv": [ 0.0, 0.0, 16.0, 0.333 ] },
                "east": { "texture": "#0", "uv": [ 0.0, 0.0, 1.0, 0.333 ] },
                "south": { "texture": "#0", "uv": [ 0.0, 0.0, 16.0, 0.333 ] },
                "west": { "texture": "#0", "uv": [ 0.0, 0.0, -1.0, 0.333 ] },
                "up": { "texture": "#0", "uv": [ 0.0, 0.0, 16.0, 0.333 ] },
                "down": { "texture": "#0", "uv": [ 0.0, 0.0, 16.0, 0.333 ] }
            }
        },
		{
            "name": "Cube1",
            "from": [ 0.0, 0.0, 4.0 ], 
            "to": [ 16.0, 8.0, 12.0 ], 
            "rotation": { "origin": [ 16.0, 8.0, 8.0 ], "axis": "z", "angle": -22.5 },
            "faces": {
                "north": { "texture": "#0", "uv": [ 0.0, 5.333, 16.0, 8.0 ] },
                "east": { "texture": "#0", "uv": [ 0.0, 5.333, 8.0, 8.0 ] },
                "south": { "texture": "#0", "uv": [ 0.0, 8.0, 16.0, 10.666 ] },
                "west": { "texture": "#0", "uv": [ 0.0, 5.333, 8.0, 8.0 ] },
                "up": { "texture": "#0", "uv": [ 0.0, 5.333, 16.0, 8.0 ] },
                "down": { "texture": "#0", "uv": [ 0.0, 5.333, 16.0, 8.0 ] }
            }
        },
        {
            "name": "Cube1",
            "from": [ 0.0, 8.0, 7.0 ], 
            "to": [ 1.0, 12.0, 9.0 ], 
            "rotation": { "origin": [ 16.0, 8.0, 8.0 ], "axis": "z", "angle": -22.5 },
            "faces": {
                "north": { "texture": "#0", "uv": [ 0.0, 5.333, 1.0, 6.666 ] },
                "east": { "texture": "#0", "uv": [ 0.0, 5.333, 2.0, 6.666 ] },
                "south": { "texture": "#0", "uv": [ 0.0, 5.333, 1.0, 6.666 ] },
                "west": { "texture": "#0", "uv": [ 0.0, 5.333, 2.0, 6.666 ] },
                "up": { "texture": "#0", "uv": [ 0.0, 5.333, 1.0, 6.0 ] },
                "down": { "texture": "#0", "uv": [ 0.0, 5.333, 1.0, 6.0 ] }
            }
        },
        {
            "name": "Cube1",
            "from": [ 1.0, 11.0, 7.0 ], 
            "to": [ 15.0, 13.0, 9.0 ], 
            "rotation": { "origin": [ 16.0, 8.0, 8.0 ], "axis": "z", "angle": -22.5 },
            "faces": {
                "north": { "texture": "#0", "uv": [ 0.0, 5.333, 14.0, 6.0 ] },
                "east": { "texture": "#0", "uv": [ 0.0, 5.333, 2.0, 6.0 ] },
                "south": { "texture": "#0", "uv": [ 0.0, 5.333, 14.0, 6.0 ] },
                "west": { "texture": "#0", "uv": [ 0.0, 5.333, 2.0, 6.0 ] },
                "up": { "texture": "#0", "uv": [ 0.0, 5.333, 14.0, 6.0 ] },
                "down": { "texture": "#0", "uv": [ 0.0, 5.333, 14.0, 6.0 ] }
            }
        },
        {
            "name": "Cube1",
            "from": [ 15.0, 8.0, 7.0 ], 
            "to": [ 16.0, 12.0, 9.0 ], 
            "rotation": { "origin": [ 16.0, 8.0, 8.0 ], "axis": "z", "angle": -22.5 },
            "faces": {
                "north": { "texture": "#0", "uv": [ 0.0, 5.333, 1.0, 6.666 ] },
                "east": { "texture": "#0", "uv": [ 0.0, 5.333, 2.0, 6.666 ] },
                "south": { "texture": "#0", "uv": [ 0.0, 5.333, 1.0, 6.666 ] },
                "west": { "texture": "#0", "uv": [ 0.0, 5.333, 2.0, 6.666 ] },
                "up": { "texture": "#0", "uv": [ 0.0, 5.333, 1.0, 6.0 ] },
                "down": { "texture": "#0", "uv": [ 0.0, 5.333, 1.0, 6.0 ] }
            }
        },
        {
            "name": "Cube1",
            "from": [ 1.0, 13.0, 3.0 ], 
            "to": [ 19.0, 14.0, 4.0 ], 
            "faces": {
                "north": { "texture": "#0", "uv": [ 0.0, 5.333, 16.0, 5.666 ] },
                "east": { "texture": "#0", "uv": [ 0.0, 5.333, 1.0, 5.666 ] },
                "south": { "texture": "#0", "uv": [ 0.0, 5.333, 16.0, 5.666 ] },
                "west": { "texture": "#0", "uv": [ 0.0, 5.333, -1.0, 5.666 ] },
                "up": { "texture": "#0", "uv": [ 0.0, 5.333, 16.0, 5.666 ] },
                "down": { "texture": "#0", "uv": [ 0.0, 5.333, 16.0, 5.666 ] }
            }
        }
    ],
	"display": {
        "thirdperson_righthand": {
            "rotation": [ -90, 180, 0 ],
            "translation": [ -6, 0, 8 ],
            "scale": [ 1.0, 1.0, 1.0 ]
        }
    }
}