{
"__comment": "Designed by Flashtt with BDcraft Cubik PRO 0.96 Beta - http://bdcraft.net",
"textures": {
    "particle": "block/coal_ore",
    "texture": "block/end_stone_bricks",
    "brick": "block/bricks",
    "emerald_block": "block/emerald_block",
    "diamond_block": "block/diamond_block",
    "clay": "block/clay",
    "lapis_ore": "block/extra/stone1",
    "metal_0": "block/extra/metal_0",
    "planks_jungle": "block/acacia_planks",
    "ghost_0": "block/extra/stone2"
},
"elements": [ 
{
    "from": [ 2, 0, 4.5 ],
    "to": [ 14, 5.5, 11.5 ],
    "faces": {
        "down":  { "uv": [ 0, 0, 11.5, 16 ], "rotation": 90, "texture": "#texture" },
        "up":    { "uv": [ 0, 0, 11.5, 16 ], "rotation": 90, "texture": "#texture" },
        "north": { "uv": [ 0, 0, 16, 16 ], "texture": "#texture" },
        "south": { "uv": [ 0, 0, 7.5, 4 ], "rotation": 180, "texture": "#texture" },
        "west":  { "uv": [ 0, 0, 16, 16 ], "texture": "#texture" },
        "east":  { "uv": [ 0, 0, 16, 16 ], "texture": "#texture" }
    }
},
{
    "from": [ 1.5, 0, 4.5 ],
    "to": [ 2, 15, 12 ],
    "faces": {
        "down":  { "uv": [ 14.5, 12, 14, 4.5 ], "texture": "#texture" },
        "up":    { "uv": [ 1.5, 4.5, 2, 12 ], "texture": "#texture" },
        "north": { "uv": [ 14, 1, 14.5, 16 ], "texture": "#texture" },
        "south": { "uv": [ 1.5, 1, 2, 16 ], "texture": "#texture" },
        "west":  { "uv": [ 0, 0, 12, 16 ], "texture": "#texture" },
        "east":  { "uv": [ 0, 0, 12, 16 ], "texture": "#texture" }
    }
},
{
    "from": [ 14, 0, 4.5 ],
    "to": [ 14.5, 15, 12 ],
    "faces": {
        "down":  { "uv": [ 2, 12, 1.5, 4.5 ], "texture": "#texture" },
        "up":    { "uv": [ 14, 4.5, 14.5, 12 ], "texture": "#texture" },
        "north": { "uv": [ 1.5, 1, 2, 16 ], "texture": "#texture" },
        "south": { "uv": [ 14, 1, 14.5, 16 ], "texture": "#texture" },
        "west":  { "uv": [ 0, 0, 12.5, 16 ], "texture": "#texture" },
        "east":  { "uv": [ 0, 0, 12.5, 16 ], "texture": "#texture" }
    }
},
{
    "from": [ 2.5, 0.5, 11.5 ],
    "to": [ 7.5, 5, 12 ],
    "faces": {
        "down":  { "uv": [ 13.5, 12, 8.5, 11.5 ], "texture": "#planks_jungle" },
        "up":    { "uv": [ 2.5, 11.5, 7.5, 12 ], "texture": "#planks_jungle" },
        "north": { "uv": [ 5.5, 0, 10.5, 4.5 ], "rotation": 90, "texture": "#planks_jungle" },
        "south": { "uv": [ 5.5, 0, 10.5, 4.5 ], "rotation": 90, "texture": "#planks_jungle" },
        "west":  { "uv": [ 11.5, 11, 12, 15.5 ], "texture": "#planks_jungle" },
        "east":  { "uv": [ 4, 11, 4.5, 15.5 ], "texture": "#planks_jungle" }
    }
},
{
    "from": [ 8.5, 0.5, 11.5 ],
    "to": [ 13.5, 5, 12 ],
    "faces": {
        "down":  { "uv": [ 7.5, 12, 2.5, 11.5 ], "texture": "#planks_jungle" },
        "up":    { "uv": [ 8.5, 11.5, 13.5, 12 ], "texture": "#planks_jungle" },
        "north": { "uv": [ 5.5, 8.5, 10.5, 13 ], "rotation": 90, "texture": "#planks_jungle" },
        "south": { "uv": [ 5.5, 6.5, 10.5, 11 ], "rotation": 90, "texture": "#planks_jungle" },
        "west":  { "uv": [ 11.5, 11, 12, 15.5 ], "texture": "#planks_jungle" },
        "east":  { "uv": [ 4, 11, 4.5, 15.5 ], "texture": "#planks_jungle" }
    }
},
{
    "from": [ 2, 10, 5 ],
    "to": [ 14, 10.5, 11.5 ],
    "faces": {
        "down":  { "uv": [ 0, 0, 11.5, 16 ], "rotation": 90, "texture": "#texture" },
        "up":    { "uv": [ 0, 0, 11.5, 16 ], "rotation": 90, "texture": "#texture" },
        "north": { "uv": [ 4.5, 4.5, 6, 12 ], "rotation": 90, "texture": "#texture" },
        "south": { "uv": [ 4.5, 4.5, 6, 12 ], "rotation": 90, "texture": "#texture" },
        "west":  { "uv": [ 5, 5.5, 11.5, 6 ], "texture": "#texture" },
        "east":  { "uv": [ 4.5, 5.5, 11, 6 ], "texture": "#texture" }
    }
},
{
    "from": [ 1, 15, 4.5 ],
    "to": [ 15, 15.5, 12.5 ],
    "faces": {
        "down":  { "uv": [ 0, 0, 11.5, 16 ], "rotation": 90, "texture": "#texture" },
        "up":    { "uv": [ 0, 0, 11.5, 16 ], "rotation": 90, "texture": "#texture" },
        "north": { "uv": [ 5.5, 1, 6, 13.5 ], "rotation": 90, "texture": "#texture" },
        "south": { "uv": [ 5, 1, 5.5, 13.5 ], "rotation": 90, "texture": "#texture" },
        "west":  { "uv": [ 0, 0.5, 11.5, 1.5 ], "texture": "#texture" },
        "east":  { "uv": [ 4, 0.5, 15.5, 1.5 ], "texture": "#texture" }
    }
},
{
    "from": [ 13, 5.5, 6 ],
    "to": [ 14.0625, 9.5, 9.625 ],
    "faces": {
        "down":  { "uv": [ 13, 6, 14, 7.5 ], "texture": "#brick" },
        "up":    { "uv": [ 13, 6, 14, 7.5 ], "texture": "#brick" },
        "north": { "uv": [ 3, 8, 7.5, 10 ], "texture": "#brick" },
        "south": { "uv": [ 7, 6.5, 8.5, 10 ], "texture": "#brick" },
        "west":  { "uv": [ 6, 6.5, 9.5, 10 ], "texture": "#brick" },
        "east":  { "uv": [ 6.375, 6.5, 9.375, 10 ], "texture": "#brick" }
    }
},
{
    "from": [ 2, 5.5, 4.5 ],
    "to": [ 14, 15, 5 ],
    "faces": {
        "down":  { "uv": [ 14, 5, 2, 4.5 ], "texture": "#texture" },
        "up":    { "uv": [ 2, 4.5, 14, 5 ], "texture": "#texture" },
        "north": { "uv": [ 0, 0, 16, 16 ], "texture": "#texture" },
        "south": { "uv": [ 8, 0, 11.5, 4 ], "texture": "#texture" },
        "west":  { "uv": [ 4.5, 1, 5, 10.5 ], "texture": "#texture" },
        "east":  { "uv": [ 11, 1, 11.5, 10.5 ], "texture": "#texture" }
    }
},
{
    "from": [ 12.5, 5.5, 6 ],
    "to": [ 13, 9, 9.5 ],
    "faces": {
        "down":  { "uv": [ 3.5, 9.5, 3, 6 ], "texture": "#lapis_ore" },
        "up":    { "uv": [ 12.5, 6, 13, 9.5 ], "texture": "#lapis_ore" },
        "north": { "uv": [ 3, 7, 3.5, 10.5 ], "texture": "#lapis_ore" },
        "south": { "uv": [ 12.5, 7, 13, 10.5 ], "texture": "#lapis_ore" },
        "west":  { "uv": [ 6, 7, 9.5, 10.5 ], "texture": "#lapis_ore" },
        "east":  { "uv": [ 6.5, 7, 10, 10.5 ], "texture": "#lapis_ore" }
    }
},
{
    "from": [ 10.5, 5.5, 6 ],
    "to": [ 11.5, 9.5, 9.4375 ],
    "faces": {
        "down":  { "uv": [ 5.5, 9.4375, 4.5, 6 ], "texture": "#lapis_ore" },
        "up":    { "uv": [ 10.5, 6, 11.5, 9.4375 ], "texture": "#lapis_ore" },
        "north": { "uv": [ 2, 0, 3, 4 ], "texture": "#lapis_ore" },
        "south": { "uv": [ 2, 0, 3, 4 ], "texture": "#lapis_ore" },
        "west":  { "uv": [ 12.5, 0, 15.9375, 4 ], "texture": "#lapis_ore" },
        "east":  { "uv": [ 12.5, 0, 15.9375, 4 ], "texture": "#lapis_ore" }
    }
},
{
    "from": [ 12, 5.5, 6 ],
    "to": [ 12.5, 8.5, 9 ],
    "faces": {
        "down":  { "uv": [ 12, 6, 14, 12 ], "texture": "#clay" },
        "up":    { "uv": [ 12, 6, 14, 12 ], "texture": "#clay" },
        "north": { "uv": [ 2, 7, 4, 12.5 ], "rotation": 90, "texture": "#clay" },
        "south": { "uv": [ 2, 7, 4, 12.5 ], "texture": "#clay" },
        "west":  { "uv": [ 0.5, 0.5, 4.5, 7.5 ], "texture": "#clay" },
        "east":  { "uv": [ 1, 2, 4, 8 ], "texture": "#clay" }
    }
},
{
    "from": [ 11.5, 5.5, 6 ],
    "to": [ 12, 9, 9.4375 ],
    "faces": {
        "down":  { "uv": [ 4.5, 9.4375, 4, 6 ], "texture": "#texture" },
        "up":    { "uv": [ 11.5, 6, 12, 9.4375 ], "texture": "#texture" },
        "north": { "uv": [ 4, 7, 4.5, 10.5 ], "texture": "#texture" },
        "south": { "uv": [ 11.5, 7, 12, 10.5 ], "texture": "#texture" },
        "west":  { "uv": [ 6, 7, 9.4375, 10.5 ], "texture": "#texture" },
        "east":  { "uv": [ 6.5625, 7, 10, 10.5 ], "texture": "#texture" }
    }
},
{
    "from": [ 9.5, 5.5, 6 ],
    "to": [ 10.5, 9, 9.75 ],
    "faces": {
        "down":  { "uv": [ 4, 2, 5, 5.75 ], "texture": "#diamond_block" },
        "up":    { "uv": [ 4, 2, 5, 5.75 ], "texture": "#diamond_block" },
        "north": { "uv": [ 3.5, 3, 4.5, 6.5 ], "texture": "#diamond_block" },
        "south": { "uv": [ 3.5, 3, 4.5, 6.5 ], "texture": "#diamond_block" },
        "west":  { "uv": [ 2, 2.5, 5.75, 6 ], "texture": "#diamond_block" },
        "east":  { "uv": [ 2, 2.5, 5.75, 6 ], "texture": "#diamond_block" }
    }
},
{
    "from": [ 9, 5.5, 6 ],
    "to": [ 9.5, 9, 9.375 ],
    "faces": {
        "down":  { "uv": [ 7, 9.375, 6.5, 6 ], "texture": "#lapis_ore" },
        "up":    { "uv": [ 9, 6, 9.5, 9.375 ], "texture": "#lapis_ore" },
        "north": { "uv": [ 6.5, 7, 7, 10.5 ], "texture": "#lapis_ore" },
        "south": { "uv": [ 9, 7, 9.5, 10.5 ], "texture": "#lapis_ore" },
        "west":  { "uv": [ 6, 7, 9.375, 10.5 ], "texture": "#lapis_ore" },
        "east":  { "uv": [ 6.625, 7, 10, 10.5 ], "texture": "#lapis_ore" }
    }
},
{
    "from": [ 8.25, 5.5, 6 ],
    "to": [ 8.9375, 9, 9.5 ],
    "faces": {
        "down":  { "uv": [ 6, 6.5, 9, 7.5 ], "texture": "#particle" },
        "up":    { "uv": [ 6, 6.5, 9, 7.5 ], "texture": "#particle" },
        "north": { "uv": [ 7.0625, 7, 9.5625, 7.5 ], "texture": "#particle" },
        "south": { "uv": [ 7.0625, 7, 9.5625, 7.5 ], "texture": "#particle" },
        "west":  { "uv": [ 6, 7, 10, 8 ], "texture": "#particle" },
        "east":  { "uv": [ 6, 7, 10, 8 ], "texture": "#particle" }
    }
},
{
    "from": [ 7.5, 5.5, 6 ],
    "to": [ 8.25, 9.5, 9.3125 ],
    "faces": {
        "down":  { "uv": [ 8.5, 9.3125, 7.75, 6 ], "texture": "#lapis_ore" },
        "up":    { "uv": [ 7.5, 6, 8.25, 9.3125 ], "texture": "#lapis_ore" },
        "north": { "uv": [ 2.5, 6, 3.5, 10.5 ], "texture": "#lapis_ore" },
        "south": { "uv": [ 10, 5.5, 11, 10 ], "texture": "#lapis_ore" },
        "west":  { "uv": [ 6, 6.5, 10.5, 13 ], "texture": "#lapis_ore" },
        "east":  { "uv": [ 6, 6.5, 10.5, 13 ], "texture": "#lapis_ore" }
    }
},
{
    "from": [ 7.0625, 5.375, 6 ],
    "to": [ 7.5625, 8.875, 9.5 ],
    "rotation": { "origin": [ 7.0625, 8.875, 6 ], "axis": "z", "angle": -22.5 },
    "faces": {
        "down":  { "uv": [ 5.5, 6, 5, 2.5 ], "texture": "#diamond_block" },
        "up":    { "uv": [ 4.5, 3.5, 5, 7 ], "texture": "#diamond_block" },
        "north": { "uv": [ 11.5, 11, 12, 15 ], "texture": "#diamond_block" },
        "south": { "uv": [ 5, 2.5, 5.5, 6.5 ], "texture": "#diamond_block" },
        "west":  { "uv": [ 3, 10, 6.5, 14 ], "texture": "#diamond_block" },
        "east":  { "uv": [ 3, 3, 6.5, 7 ], "texture": "#diamond_block" }
    }
},
{
    "from": [ 3, 5.5, 6 ],
    "to": [ 3.6875, 9, 8.625 ],
    "faces": {
        "down":  { "uv": [ 1.5, 5.5, 4.5, 7 ], "texture": "#brick" },
        "up":    { "uv": [ 1.5, 5.5, 4.5, 7 ], "texture": "#brick" },
        "north": { "uv": [ 10.5, 6.5, 12, 7 ], "texture": "#brick" },
        "south": { "uv": [ 10.5, 6.5, 12, 7 ], "texture": "#brick" },
        "west":  { "uv": [ 7, 6, 11, 7.5 ], "texture": "#brick" },
        "east":  { "uv": [ 7, 6, 11, 7.5 ], "texture": "#brick" }
    }
},
{
    "from": [ 2, 5.5, 6 ],
    "to": [ 3, 9.5, 9.5 ],
    "faces": {
        "down":  { "uv": [ 14, 9.5, 13, 6 ], "texture": "#emerald_block" },
        "up":    { "uv": [ 2, 6, 3, 9.5 ], "texture": "#emerald_block" },
        "north": { "uv": [ 13, 6.5, 14, 10.5 ], "texture": "#emerald_block" },
        "south": { "uv": [ 2, 6.5, 3, 10.5 ], "texture": "#emerald_block" },
        "west":  { "uv": [ 6, 6.5, 9.5, 10.5 ], "texture": "#emerald_block" },
        "east":  { "uv": [ 6.5, 6.5, 10, 10.5 ], "texture": "#emerald_block" }
    }
},
{
    "from": [ 13.5, 10.4375, 6 ],
    "to": [ 14, 13.9375, 9.8125 ],
    "faces": {
        "down":  { "uv": [ 2.5, 9.8125, 2, 6 ], "texture": "#particle" },
        "up":    { "uv": [ 13.5, 6, 14, 9.8125 ], "texture": "#particle" },
        "north": { "uv": [ 2, 2.0625, 2.5, 5.5625 ], "texture": "#particle" },
        "south": { "uv": [ 13.5, 2.0625, 14, 5.5625 ], "texture": "#particle" },
        "west":  { "uv": [ 6, 2.0625, 9.8125, 5.5625 ], "texture": "#particle" },
        "east":  { "uv": [ 6.1875, 2.0625, 10, 5.5625 ], "texture": "#particle" }
    }
},
{
    "from": [ 12.75, 10.375, 6 ],
    "to": [ 13.5, 14.5, 9.625 ],
    "faces": {
        "down":  { "uv": [ 3.25, 9.625, 2.5, 6 ], "texture": "#texture" },
        "up":    { "uv": [ 12.75, 6, 13.5, 9.625 ], "texture": "#texture" },
        "north": { "uv": [ 2.5, 1.5, 3.25, 5.625 ], "texture": "#texture" },
        "south": { "uv": [ 12.75, 1.5, 13.5, 5.625 ], "texture": "#texture" },
        "west":  { "uv": [ 6, 1.5, 9.625, 5.625 ], "texture": "#texture" },
        "east":  { "uv": [ 6.375, 1.5, 10, 5.625 ], "texture": "#texture" }
    }
},
{
    "from": [ 12, 10.375, 6 ],
    "to": [ 12.75, 14.3125, 9.3125 ],
    "faces": {
        "down":  { "uv": [ 11, 0.5, 14.5, 1.5 ], "texture": "#emerald_block" },
        "up":    { "uv": [ 11, 0.5, 14.5, 1.5 ], "texture": "#emerald_block" },
        "north": { "uv": [ 11, 0.5, 14.5, 2 ], "texture": "#emerald_block" },
        "south": { "uv": [ 11, 0.5, 14.5, 2 ], "texture": "#emerald_block" },
        "west":  { "uv": [ 10.5, 0.5, 14.5, 2 ], "texture": "#emerald_block" },
        "east":  { "uv": [ 10.5, 0.5, 14.5, 2 ], "texture": "#emerald_block" }
    }
},
{
    "from": [ 10.5, 10.5, 6 ],
    "to": [ 11.5, 13.5, 9.4375 ],
    "faces": {
        "down":  { "uv": [ 5.5, 9.4375, 4.5, 6 ], "texture": "#diamond_block" },
        "up":    { "uv": [ 10.5, 6, 11.5, 9.4375 ], "texture": "#diamond_block" },
        "north": { "uv": [ 4.5, 2.5, 5.5, 5.5 ], "texture": "#diamond_block" },
        "south": { "uv": [ 10.5, 2.5, 11.5, 5.5 ], "texture": "#diamond_block" },
        "west":  { "uv": [ 6, 2.5, 9.4375, 5.5 ], "texture": "#diamond_block" },
        "east":  { "uv": [ 6.5625, 2.5, 10, 5.5 ], "texture": "#diamond_block" }
    }
},
{
    "from": [ 11.5, 10.5, 6 ],
    "to": [ 12, 13, 8.6875 ],
    "faces": {
        "down":  { "uv": [ 4.5, 8.6875, 4, 6 ], "texture": "#texture" },
        "up":    { "uv": [ 11.5, 6, 12, 8.6875 ], "texture": "#texture" },
        "north": { "uv": [ 4, 3, 4.5, 5.5 ], "texture": "#texture" },
        "south": { "uv": [ 11.5, 3, 12, 5.5 ], "texture": "#texture" },
        "west":  { "uv": [ 5, 3, 7.6875, 5.5 ], "texture": "#texture" },
        "east":  { "uv": [ 5, 3, 7.6875, 5.5 ], "texture": "#texture" }
    }
},
{
    "from": [ 10, 10.5, 6 ],
    "to": [ 10.5, 14, 9.625 ],
    "faces": {
        "down":  { "uv": [ 6, 9.625, 5.5, 6 ], "texture": "#clay" },
        "up":    { "uv": [ 10, 6, 10.5, 9.625 ], "texture": "#clay" },
        "north": { "uv": [ 5.5, 2, 6, 5.5 ], "texture": "#clay" },
        "south": { "uv": [ 10, 2, 10.5, 5.5 ], "texture": "#clay" },
        "west":  { "uv": [ 6, 2, 9.5, 7 ], "texture": "#clay" },
        "east":  { "uv": [ 6.375, 2, 9.875, 7.5 ], "texture": "#clay" }
    }
},
{
    "from": [ 4, 10.5, 6 ],
    "to": [ 8, 11, 9 ],
    "rotation": { "origin": [ 4, 10.5, 6 ], "axis": "y", "angle": -22.5 },
    "faces": {
        "down":  { "uv": [ 5.5, 1, 10, 2.5 ], "texture": "#particle" },
        "up":    { "uv": [ 5.5, 1, 10, 2.5 ], "texture": "#particle" },
        "north": { "uv": [ 6, 3.5, 7.5, 10.5 ], "rotation": 90, "texture": "#particle" },
        "south": { "uv": [ 6, 3.5, 7.5, 10.5 ], "rotation": 90, "texture": "#particle" },
        "west":  { "uv": [ 5.5, 12.5, 8.5, 13 ], "texture": "#particle" },
        "east":  { "uv": [ 5.5, 12.5, 8.5, 13 ], "texture": "#particle" }
    }
},
{
    "from": [ 3.625, 11, 6.75 ],
    "to": [ 7.125, 12, 9.75 ],
    "faces": {
        "down":  { "uv": [ 5.5, 2, 10.5, 8.5 ], "texture": "#clay" },
        "up":    { "uv": [ 5.5, 2, 10.5, 8.5 ], "texture": "#clay" },
        "north": { "uv": [ 7, 0.5, 9.5, 4 ], "texture": "#clay" },
        "south": { "uv": [ 6.5, 12, 9, 15.5 ], "texture": "#clay" },
        "west":  { "uv": [ 6.75, 4, 9.75, 6.5 ], "texture": "#clay" },
        "east":  { "uv": [ 6.25, 4, 9.25, 6 ], "texture": "#clay" }
    }
},
{
    "from": [ 2.875, 12, 7.5 ],
    "to": [ 6.875, 12.5, 10.4375 ],
    "rotation": { "origin": [ 2.875, 12, 7.5 ], "axis": "y", "angle": 22.5 },
    "faces": {
        "down":  { "uv": [ 13.125, 10.4375, 9.125, 7.5 ], "texture": "#emerald_block" },
        "up":    { "uv": [ 2.875, 7.5, 6.875, 10.4375 ], "texture": "#emerald_block" },
        "north": { "uv": [ 9.125, 3.5, 13.125, 4 ], "texture": "#emerald_block" },
        "south": { "uv": [ 2.875, 3.5, 6.875, 4 ], "texture": "#emerald_block" },
        "west":  { "uv": [ 7.5, 3.5, 10.4375, 4 ], "texture": "#emerald_block" },
        "east":  { "uv": [ 5.5625, 3.5, 8.5, 4 ], "texture": "#emerald_block" }
    }
},
{
    "from": [ 7.1875, 9.5, 6 ],
    "to": [ 7.6875, 13, 9.625 ],
    "rotation": { "origin": [ 7.1875, 13, 6 ], "axis": "z", "angle": 45 },
    "faces": {
        "down":  { "uv": [ 9.5, 6, 11, 11.5 ], "texture": "#lapis_ore" },
        "up":    { "uv": [ 9.5, 6, 11, 11.5 ], "texture": "#lapis_ore" },
        "north": { "uv": [ 6, 2, 7.5, 6.5 ], "texture": "#lapis_ore" },
        "south": { "uv": [ 9.5, 2, 10.5, 7 ], "texture": "#lapis_ore" },
        "west":  { "uv": [ 6, 2, 10, 8.5 ], "texture": "#lapis_ore" },
        "east":  { "uv": [ 6.375, 2, 11.375, 9.5 ], "texture": "#lapis_ore" }
    }
},
{
    "from": [ 6.3125, 2.5, 12 ],
    "to": [ 7.3125, 3.5, 12.5 ],
    "rotation": { "origin": [ 6.3125, 3.5, 12 ], "axis": "z", "angle": -45 },
    "faces": {
        "down":  { "uv": [ 16, 5, 16, 4 ], "texture": "#diamond_block" },
        "up":    { "uv": [ 0, 4, 0, 5 ], "texture": "#diamond_block" },
        "north": { "uv": [ 7.5, 15, 8.5, 16 ], "texture": "#diamond_block" },
        "south": { "uv": [ 7.5, 15, 8.5, 16 ], "texture": "#diamond_block" },
        "west":  { "uv": [ 7, 14.5, 8.5, 16 ], "texture": "#diamond_block" },
        "east":  { "uv": [ 7, 14.5, 8.5, 16 ], "texture": "#diamond_block" }
    }
},
{
    "from": [ 9.75, 2.5, 12 ],
    "to": [ 10.75, 3.5, 12.5 ],
    "rotation": { "origin": [ 9.75, 3.5, 12 ], "axis": "z", "angle": -45 },
    "faces": {
        "down":  { "uv": [ 16, 5, 16, 4 ], "texture": "#diamond_block" },
        "up":    { "uv": [ 0, 4, 0, 5 ], "texture": "#diamond_block" },
        "north": { "uv": [ 7.5, 15, 8.5, 16 ], "rotation": 90, "texture": "#diamond_block" },
        "south": { "uv": [ 7.5, 15, 8.5, 16 ], "rotation": 90, "texture": "#diamond_block" },
        "west":  { "uv": [ 4, 0, 5, 1 ], "texture": "#diamond_block" },
        "east":  { "uv": [ 7, 14.5, 8.5, 16 ], "texture": "#diamond_block" }
    }
},
{
    "from": [ 9, 15.1875, 8.5 ],
    "to": [ 12, 19.1875, 9 ],
    "rotation": { "origin": [ 9, 19.1875, 8.5 ], "axis": "x", "angle": -22.5 },
    "faces": {
        "down":  { "uv": [ 3, 14.5, 0, 14 ], "texture": "#metal_0" },
        "up":    { "uv": [ 0, 12.5, 3, 13 ], "texture": "#metal_0" },
        "north": { "uv": [ 11.5, 0, 12.5, 1.5 ], "texture": "#metal_0" },
        "south": { "uv": [ 0, 13.5, 3, 14 ], "texture": "#metal_0" },
        "west":  { "uv": [ 0.5, 15.5, 1, 16 ], "texture": "#metal_0" },
        "east":  { "uv": [ 2, 10, 2.5, 10.5 ], "texture": "#metal_0" }
    }
},
{
    "from": [ 9.25, 15.625, 9 ],
    "to": [ 11.75, 19.125, 9.0625 ],
    "rotation": { "origin": [ 9.25, 19.125, 9 ], "axis": "x", "angle": -22.5 },
    "faces": {
        "down":  { "uv": [ 6.6875, 4.0625, 4.1875, 4 ], "texture": "#ghost_0" },
        "up":    { "uv": [ 9.3125, 4, 11.8125, 4.0625 ], "texture": "#ghost_0" },
        "north": { "uv": [ 1, 0, 8, 10.5 ], "texture": "#ghost_0" },
        "south": { "uv": [ 1, 0, 8, 10.5 ], "texture": "#ghost_0" },
        "west":  { "uv": [ 4, 0, 4.0625, 0.375 ], "texture": "#ghost_0" },
        "east":  { "uv": [ 11.9375, 0, 12, 0.375 ], "texture": "#ghost_0" }
    }
},
{
    "from": [ 10, 15.5, 9.375 ],
    "to": [ 11, 17.5, 9.5625 ],
    "rotation": { "origin": [ 10, 17.5, 9.375 ], "axis": "x", "angle": 22.5 },
    "faces": {
        "down":  { "uv": [ 16, 4.1875, 16, 4 ], "texture": "#texture" },
        "up":    { "uv": [ 0, 4, 0, 4.1875 ], "texture": "#texture" },
        "north": { "uv": [ 16, 0, 16, 2 ], "texture": "#texture" },
        "south": { "uv": [ 0, 0, 0, 2 ], "texture": "#texture" },
        "west":  { "uv": [ 4, 0, 4.1875, 2 ], "texture": "#texture" },
        "east":  { "uv": [ 11.8125, 0, 12, 2 ], "texture": "#texture" }
    }
}
],
"display": {
    "thirdperson_righthand": {
        "rotation": [ 0, 180, 0 ],
        "translation": [ -6, 0, 0 ],
        "scale": [ 3, 2.5, 2.5]
    }
}
}