{
"textures": {
    "texture": "block/extra/magic"
},
"elements": [ 
{
    "from": [ -10, 9.99, -10 ],
    "to": [ 30, 10.01, 30	],
    "faces": {
        "down":  { "uv": [ 0, 0, 1, 1 ], "texture": "#texture" },
        "up":    { "uv": [ 0, 0, 16, 16 ], "texture": "#texture" },
        "north": { "uv": [ 0, 0, 1, 1 ], "rotation": 0, "texture": "#texture" },
        "south": { "uv": [ 0, 0, 1, 1 ], "rotation": 0, "texture": "#texture" },
        "west":  { "uv": [ 0, 0, 1, 1 ], "rotation": 0, "texture": "#texture" },
        "east":  { "uv": [ 0, 0, 1, 1 ], "rotation": 0, "texture": "#texture" }
    }
}
],
"display": {
		"thirdperson_righthand": {
			"rotation":  [ 0, 0, 0 ],
			"translation":  [ 1, -2, -3 ],
			"scale":  [ 0.8, 0.8, 0.8 ]
		},
		"thirdperson_lefthand": {
			"rotation":  [ 0, 0, 0 ],
			"translation":  [ -1, -2, -3 ],
			"scale":  [ 0.6, 0.6, 0.6 ]
		},
		"firstperson_righthand": {
			"rotation":  [ 0, 180, 0 ],
			"translation":  [ -2, 5, 0 ],
			"scale":  [ 0.5, 0.5, 0.5 ]
		},
		"firstperson_lefthand": {
			"rotation":  [ 0, 180, 0 ],
			"translation":  [ 2, 5, 0 ],
			"scale":  [ 0.5, 0.5, 0.5 ]
		},
		"gui": {
			"rotation":  [ 0, 135, 0 ],
			"translation":  [ 0, -1, 0 ],
			"scale":  [ 1.0, 1.0, 1.0 ]
		},
		"head": {
			"rotation":  [ 0, 0, 0 ],
			"translation":  [ -10, -45, -6 ],
			"scale":  [ 6, 1, 6 ]
		},
		"ground": {
			"rotation":  [ 0, 0, 0 ],
			"scale":  [ 0.8, 0.8, 0.8 ]
		}
	}
}