{
    "__comment": "Model generated using MrCrayfish's Model Creator (http://mrcrayfish.com/modelcreator/)",
    "textures": {
        "0": "block/dark_oak_planks",
        "1": "block/extra/mirror"
    },
    "elements": [
        {
            "name": "Cube",
            "from": [ 0.0, 1.0, 0.0 ], 
            "to": [ 1.0, 32.0, 1.0 ], 
            "faces": {
                "north": { "texture": "#0", "uv": [ 0.0, 0.0, 1.0, 31.0 ] },
                "east": { "texture": "#0", "uv": [ 0.0, 0.0, 1.0, 31.0 ] },
                "south": { "texture": "#0", "uv": [ 0.0, 0.0, 1.0, 31.0 ] },
                "west": { "texture": "#0", "uv": [ 0.0, 0.0, 1.0, 31.0 ] },
                "up": { "texture": "#0", "uv": [ 0.0, 0.0, 1.0, 1.0 ] },
                "down": { "texture": "#0", "uv": [ 0.0, 0.0, 1.0, 1.0 ] }
            }
        },
        {
            "name": "Cube",
            "from": [ 15.0, 1.0, 0.0 ], 
            "to": [ 16.0, 32.0, 1.0 ], 
            "faces": {
                "north": { "texture": "#0", "uv": [ 0.0, 0.0, 1.0, 31.0 ] },
                "east": { "texture": "#0", "uv": [ 0.0, 0.0, 1.0, 31.0 ] },
                "south": { "texture": "#0", "uv": [ 0.0, 0.0, 1.0, 31.0 ] },
                "west": { "texture": "#0", "uv": [ 0.0, 0.0, 1.0, 31.0 ] },
                "up": { "texture": "#0", "uv": [ 0.0, 0.0, 1.0, 1.0 ] },
                "down": { "texture": "#0", "uv": [ 0.0, 0.0, 1.0, 1.0 ] }
            }
        },
        {
            "name": "Cube",
            "from": [ 1.0, 1.0, 0.0 ], 
            "to": [ 15.0, 2.0, 1.0 ], 
            "faces": {
                "north": { "texture": "#0", "uv": [ 0.0, 0.0, 14.0, 1.0 ] },
                "east": { "texture": "#0", "uv": [ 0.0, 0.0, 1.0, 1.0 ] },
                "south": { "texture": "#0", "uv": [ 0.0, 0.0, 14.0, 1.0 ] },
                "west": { "texture": "#0", "uv": [ 0.0, 0.0, 1.0, 1.0 ] },
                "up": { "texture": "#0", "uv": [ 0.0, 0.0, 14.0, 1.0 ] },
                "down": { "texture": "#0", "uv": [ 0.0, 0.0, 14.0, 1.0 ] }
            }
        },
        {
            "name": "Cube",
            "from": [ 1.0, 31.0, 0.0 ], 
            "to": [ 15.0, 32.0, 1.0 ], 
            "faces": {
                "north": { "texture": "#0", "uv": [ 0.0, 0.0, 14.0, 1.0 ] },
                "east": { "texture": "#0", "uv": [ 0.0, 0.0, 1.0, 1.0 ] },
                "south": { "texture": "#0", "uv": [ 0.0, 0.0, 14.0, 1.0 ] },
                "west": { "texture": "#0", "uv": [ 0.0, 0.0, 1.0, 1.0 ] },
                "up": { "texture": "#0", "uv": [ 0.0, 0.0, 14.0, 1.0 ] },
                "down": { "texture": "#0", "uv": [ 0.0, 0.0, 14.0, 1.0 ] }
            }
        },
        {
            "name": "Cube",
            "from": [ 1.0, 2.0, 0.0 ], 
            "to": [ 15.0, 31.0, 0.5 ], 
            "faces": {
                "north": { "texture": "#0", "uv": [ 0.0, 0.0, 14.0, 29.0 ] },
                "east": { "texture": "#0", "uv": [ 0.0, 0.0, 0.5, 29.0 ] },
                "south": { "texture": "#1", "uv": [ 0.0, 0.0, 16.0, 16.0 ] },
                "west": { "texture": "#0", "uv": [ 0.0, 0.0, 0.5, 29.0 ] },
                "up": { "texture": "#0", "uv": [ 0.0, 0.0, 14.0, 0.5 ] },
                "down": { "texture": "#0", "uv": [ 0.0, 0.0, 14.0, 0.5 ] }
            }
        }
    ]
}