{
"__comment": "Designed by Ounceabgm with BDcraft Cubik PRO 1.00 for MC1.8 - http://bdcraft.net",
"textures": {
    "particle": "block/extra/none",
    "texture": "block/extra/mobile"
},
"elements": [ 
{
    "from": [ -7.75, 0, 0.5 ],
    "to": [ 31.75, 16, 0.5625 ],
    "faces": {
        "north": { "uv": [ 0, 0, 16, 16 ], "texture": "#particle" },
        "south": { "uv": [ 0, 0, 16, 16 ], "texture": "#texture" }
    }
}
],
"display": {
		"thirdperson_righthand": {
			"rotation":  [ 75, 0, 0 ],
			"translation":  [ 0, 2.2, 2.2 ],
			"scale":  [ 2.2, 2, 1 ]
		},
		"thirdperson_lefthand": {
			"rotation":  [ 75, 0, 0 ],
			"scale":  [ 2, 1, 1 ]
		}
	}
}