{
    "__comment": "Model generated using MrCrayfish's Model Creator (http://mrcrayfish.com/modelcreator/)",
    "textures": {
        "0": "block/black_concrete_powder",
        "1": "block/red_concrete_powder"
    },
    "elements": [
        {
            "name": "Cube",
            "from": [ 1.0, 0.0, 3.0 ], 
            "to": [ 3.0, 1.0, 13.0 ], 
            "faces": {
                "north": { "texture": "#0", "uv": [ 0.0, 0.0, 2.0, 1.0 ] },
                "east": { "texture": "#0", "uv": [ 0.0, 0.0, 10.0, 1.0 ] },
                "south": { "texture": "#0", "uv": [ 0.0, 0.0, 2.0, 1.0 ] },
                "west": { "texture": "#0", "uv": [ 0.0, 0.0, 10.0, 1.0 ] },
                "up": { "texture": "#0", "uv": [ 0.0, 0.0, 1.0, 9.0 ] },
                "down": { "texture": "#0", "uv": [ 0.0, 0.0, 2.0, 10.0 ] }
            }
        },
        {
            "name": "Cube",
            "from": [ 1.5, 1.0, 6.0 ], 
            "to": [ 2.5, 4.0, 10.0 ], 
            "faces": {
                "north": { "texture": "#0", "uv": [ 0.0, 0.0, 1.0, 3.0 ] },
                "east": { "texture": "#0", "uv": [ 0.0, 0.0, 4.0, 3.0 ] },
                "south": { "texture": "#0", "uv": [ 0.0, 0.0, 1.0, 3.0 ] },
                "west": { "texture": "#0", "uv": [ 0.0, 0.0, 4.0, 3.0 ] },
                "up": { "texture": "#0", "uv": [ 0.0, 0.0, 1.0, 9.0 ] },
                "down": { "texture": "#0", "uv": [ 0.0, 0.0, 1.0, 4.0 ] }
            }
        },
        {
            "name": "Cube2",
            "from": [ 13.0, 0.0, 3.0 ], 
            "to": [ 15.0, 1.0, 13.0 ], 
            "faces": {
                "north": { "texture": "#0", "uv": [ 0.0, 0.0, 2.0, 1.0 ] },
                "east": { "texture": "#0", "uv": [ 0.0, 0.0, 10.0, 1.0 ] },
                "south": { "texture": "#0", "uv": [ 0.0, 0.0, 2.0, 1.0 ] },
                "west": { "texture": "#0", "uv": [ 0.0, 0.0, 10.0, 1.0 ] },
                "up": { "texture": "#0", "uv": [ 0.0, 0.0, 1.0, 9.0 ] },
                "down": { "texture": "#0", "uv": [ 0.0, 0.0, 2.0, 10.0 ] }
            }
        },
        {
            "name": "Cube2",
            "from": [ 13.5, 1.0, 6.0 ], 
            "to": [ 14.5, 4.0, 10.0 ], 
            "faces": {
                "north": { "texture": "#0", "uv": [ 0.0, 0.0, 1.0, 3.0 ] },
                "east": { "texture": "#0", "uv": [ 0.0, 0.0, 4.0, 3.0 ] },
                "south": { "texture": "#0", "uv": [ 0.0, 0.0, 1.0, 3.0 ] },
                "west": { "texture": "#0", "uv": [ 0.0, 0.0, 4.0, 3.0 ] },
                "up": { "texture": "#0", "uv": [ 0.0, 0.0, 1.0, 9.0 ] },
                "down": { "texture": "#0", "uv": [ 0.0, 0.0, 1.0, 4.0 ] }
            }
        },
        {
            "name": "Cube",
            "from": [ 1.0, 3.0, 7.0 ], 
            "to": [ 3.0, 8.0, 12.0 ], 
            "rotation": { "origin": [ 8.0, 8.0, 8.0 ], "axis": "x", "angle": -45.0 },
            "faces": {
                "north": { "texture": "#1", "uv": [ 0.0, 0.0, 2.0, 5.0 ] },
                "east": { "texture": "#1", "uv": [ 0.0, 0.0, 5.0, 5.0 ] },
                "south": { "texture": "#1", "uv": [ 0.0, 5.0, 1.0, 0.0 ] },
                "west": { "texture": "#1", "uv": [ 0.0, 0.0, 5.0, 5.0 ] },
                "up": { "texture": "#1", "uv": [ 0.0, 0.0, 2.0, 5.0 ] },
                "down": { "texture": "#1", "uv": [ 0.0, 0.0, 2.0, 5.0 ] }
            }
        },
        {
            "name": "Cube",
            "from": [ 1.0, 4.0, 3.0 ], 
            "to": [ 3.0, 13.0, 11.0 ], 
            "faces": {
                "north": { "texture": "#1", "uv": [ 0.0, 0.0, 2.0, 9.0 ] },
                "east": { "texture": "#1", "uv": [ 0.0, 0.0, 8.0, 9.0 ] },
                "south": { "texture": "#1", "uv": [ 0.0, 5.0, 1.0, 0.0 ] },
                "west": { "texture": "#1", "uv": [ 0.0, 0.0, 8.0, 9.0 ] },
                "up": { "texture": "#1", "uv": [ 0.0, 0.0, 2.0, 8.0 ] },
                "down": { "texture": "#1", "uv": [ 0.0, 0.0, 2.0, 8.0 ] }
            }
        },
        {
            "name": "Cube2",
            "from": [ 13.0, 3.0, 7.0 ], 
            "to": [ 15.0, 8.0, 12.0 ], 
            "rotation": { "origin": [ 8.0, 8.0, 8.0 ], "axis": "x", "angle": -45.0 },
            "faces": {
                "north": { "texture": "#1", "uv": [ 0.0, 0.0, 2.0, 5.0 ] },
                "east": { "texture": "#1", "uv": [ 0.0, 0.0, 5.0, 5.0 ] },
                "south": { "texture": "#1", "uv": [ 0.0, 5.0, 1.0, 0.0 ] },
                "west": { "texture": "#1", "uv": [ 0.0, 0.0, 5.0, 5.0 ] },
                "up": { "texture": "#1", "uv": [ 0.0, 0.0, 2.0, 5.0 ] },
                "down": { "texture": "#1", "uv": [ 0.0, 0.0, 2.0, 5.0 ] }
            }
        },
        {
            "name": "Cube2",
            "from": [ 13.0, 4.0, 3.0 ], 
            "to": [ 15.0, 13.0, 11.0 ], 
            "faces": {
                "north": { "texture": "#1", "uv": [ 0.0, 0.0, 2.0, 9.0 ] },
                "east": { "texture": "#1", "uv": [ 0.0, 0.0, 8.0, 9.0 ] },
                "south": { "texture": "#1", "uv": [ 0.0, 5.0, 1.0, 0.0 ] },
                "west": { "texture": "#1", "uv": [ 0.0, 0.0, 8.0, 9.0 ] },
                "up": { "texture": "#1", "uv": [ 0.0, 0.0, 2.0, 8.0 ] },
                "down": { "texture": "#1", "uv": [ 0.0, 0.0, 2.0, 8.0 ] }
            }
        },
        {
            "name": "Cube",
            "from": [ 1.0, 13.0, 3.0 ], 
            "to": [ 3.0, 14.0, 13.0 ], 
            "faces": {
                "north": { "texture": "#0", "uv": [ 0.0, 0.0, 2.0, 1.0 ] },
                "east": { "texture": "#0", "uv": [ 0.0, 0.0, 10.0, 1.0 ] },
                "south": { "texture": "#0", "uv": [ 0.0, 0.0, 2.0, 1.0 ] },
                "west": { "texture": "#0", "uv": [ 0.0, 0.0, 10.0, 1.0 ] },
                "up": { "texture": "#0", "uv": [ 0.0, 0.0, 1.0, 9.0 ] },
                "down": { "texture": "#0", "uv": [ 0.0, 0.0, 2.0, 10.0 ] }
            }
        },
        {
            "name": "Cube2",
            "from": [ 13.0, 13.0, 3.0 ], 
            "to": [ 15.0, 14.0, 13.0 ], 
            "faces": {
                "north": { "texture": "#0", "uv": [ 0.0, 0.0, 2.0, 1.0 ] },
                "east": { "texture": "#0", "uv": [ 0.0, 0.0, 10.0, 1.0 ] },
                "south": { "texture": "#0", "uv": [ 0.0, 0.0, 2.0, 1.0 ] },
                "west": { "texture": "#0", "uv": [ 0.0, 0.0, 10.0, 1.0 ] },
                "up": { "texture": "#0", "uv": [ 0.0, 0.0, 1.0, 9.0 ] },
                "down": { "texture": "#0", "uv": [ 0.0, 0.0, 2.0, 10.0 ] }
            }
        },
        {
            "name": "Cube",
            "from": [ 1.0, 14.0, 3.0 ], 
            "to": [ 3.0, 14.1, 11.0 ], 
            "faces": {
                "north": { "texture": "#1", "uv": [ 0.0, 0.0, 2.0, 0.1 ] },
                "east": { "texture": "#1", "uv": [ 0.0, 0.0, 8.0, 0.1 ] },
                "south": { "texture": "#1", "uv": [ 0.0, 5.0, 1.0, 0.0 ] },
                "west": { "texture": "#1", "uv": [ 0.0, 0.0, 8.0, 0.1 ] },
                "up": { "texture": "#1", "uv": [ 0.0, 0.0, 2.0, 8.0 ] },
                "down": { "texture": "#1", "uv": [ 0.0, 0.0, 2.0, 8.0 ] }
            }
        },
        {
            "name": "Cube2",
            "from": [ 13.0, 14.0, 3.0 ], 
            "to": [ 15.0, 14.1, 11.0 ], 
            "faces": {
                "north": { "texture": "#1", "uv": [ 0.0, 0.0, 2.0, 0.1 ] },
                "east": { "texture": "#1", "uv": [ 0.0, 0.0, 8.0, 0.1 ] },
                "south": { "texture": "#1", "uv": [ 0.0, 5.0, 1.0, 0.0 ] },
                "west": { "texture": "#1", "uv": [ 0.0, 0.0, 8.0, 0.1 ] },
                "up": { "texture": "#1", "uv": [ 0.0, 0.0, 2.0, 8.0 ] },
                "down": { "texture": "#1", "uv": [ 0.0, 0.0, 2.0, 8.0 ] }
            }
        },
        {
            "name": "Cube3",
            "from": [ 3.0, 6.0, 6.0 ], 
            "to": [ 13.0, 6.5, 14.0 ], 
            "faces": {
                "north": { "texture": "#0", "uv": [ 0.0, 0.0, 10.0, 0.5 ] },
                "east": { "texture": "#0", "uv": [ 0.0, 0.0, 8.0, 0.5 ] },
                "south": { "texture": "#0", "uv": [ 0.0, 0.0, 10.0, 0.5 ] },
                "west": { "texture": "#0", "uv": [ 0.0, 0.0, 8.0, 0.5 ] },
                "up": { "texture": "#0", "uv": [ 0.0, 0.0, 10.0, 8.0 ] },
                "down": { "texture": "#0", "uv": [ 0.0, 0.0, 10.0, 8.0 ] }
            }
        },
        {
            "name": "Cube3",
            "from": [ 3.0, 6.5, 6.0 ], 
            "to": [ 13.0, 9.0, 14.0 ], 
            "faces": {
                "north": { "texture": "#1", "uv": [ 0.0, 0.0, 10.0, 2.5 ] },
                "east": { "texture": "#1", "uv": [ 0.0, 0.0, 8.0, 2.5 ] },
                "south": { "texture": "#1", "uv": [ 0.0, 0.0, 8.0, 2.5 ] },
                "west": { "texture": "#1", "uv": [ 0.0, 0.0, 8.0, 2.5 ] },
                "up": { "texture": "#1", "uv": [ 0.0, 0.0, 10.0, 8.0 ] },
                "down": { "texture": "#1", "uv": [ 0.0, 0.0, 10.0, 8.0 ] }
            }
        },
        {
            "name": "Cube3",
            "from": [ 3.0, 9.0, 4.0 ], 
            "to": [ 13.0, 23.0, 6.0 ], 
            "rotation": { "origin": [ 8.0, 8.0, 8.0 ], "axis": "x", "angle": -22.5 },
            "faces": {
                "north": { "texture": "#1", "uv": [ 0.0, 0.0, 10.0, 14.0 ] },
                "east": { "texture": "#1", "uv": [ 0.0, 0.0, 2.0, 14.0 ] },
                "south": { "texture": "#1", "uv": [ 0.0, 0.0, 10.0, 14.0 ] },
                "west": { "texture": "#1", "uv": [ 0.0, 0.0, 2.0, 14.0 ] },
                "up": { "texture": "#1", "uv": [ 0.0, 0.0, 10.0, 2.0 ] },
                "down": { "texture": "#1", "uv": [ 0.0, 0.0, 10.0, 2.0 ] }
            }
        },
        {
            "name": "Cube",
            "from": [ 3.0, 9.0, 3.5 ], 
            "to": [ 13.0, 23.0, 4.0 ], 
            "rotation": { "origin": [ 8.0, 8.0, 8.0 ], "axis": "x", "angle": -22.5 },
            "faces": {
                "north": { "texture": "#0", "uv": [ 0.0, 0.0, 10.0, 14.0 ] },
                "east": { "texture": "#0", "uv": [ 0.0, 0.0, 0.5, 14.0 ] },
                "south": { "texture": "#0", "uv": [ 0.0, 0.0, 10.0, 14.0 ] },
                "west": { "texture": "#0", "uv": [ 0.0, 0.0, 0.5, 14.0 ] },
                "up": { "texture": "#0", "uv": [ 0.0, 0.0, 10.0, 0.5 ] },
                "down": { "texture": "#0", "uv": [ 0.0, 0.0, 10.0, 0.5 ] }
            }
        }
    ],
"display": {
	"thirdperson_righthand": {
        "rotation": [ 0, 0, 0 ],
        "translation": [ 0, 0, 0 ],
        "scale": [ 1, 1, 1 ]
	},
    "head": {
        "rotation": [ 0, 0, 0 ],
        "translation": [ 0, -40, 0 ],
        "scale": [ 2, 2, 2 ]
    },
    "gui": {
        "rotation": [ 0, -82, 0 ],
        "translation": [ -0.8, 0, 0 ],
        "scale": [ 0.5, 0.5, 0.5 ]
    }
}
}