{
"__comment": "Designed by 27box",
"textures": {
    "particle": "block/extra/banknote",
    "texture": "block/extra/opc",
    "metal_0": "block/black_concrete",
    "diorite": "block/diorite",
    "phone": "block/extra/phone"
},
"elements": [ 
{
    "from": [ 1, 22.5, 0 ],
    "to": [ 17, 30, 16 ],
    "faces": {
        "down":  { "uv": [ 15, 16, 0, 0 ], "texture": "#texture" },
        "up":    { "uv": [ 1, 0, 16, 16 ], "texture": "#texture" },
        "north": { "uv": [ 0, 0, 15, 0 ], "texture": "#texture" },
        "south": { "uv": [ 1, 0, 16, 0 ], "texture": "#texture" },
        "west":  { "uv": [ 0, 0, 16, 0 ], "texture": "#texture" },
        "east":  { "uv": [ 0, 0, 16, 0 ], "texture": "#texture" }
    }
},
{
    "from": [ 1, -3.5, 0 ],
    "to": [ 17, 8, 0.5 ],
    "faces": {
        "down":  { "uv": [ 15, 0.5, 0, 0 ], "texture": "#texture" },
        "up":    { "uv": [ 1, 0, 16, 0.5 ], "texture": "#texture" },
        "north": { "uv": [ 0, 8, 15, 16 ], "texture": "#texture" },
        "south": { "uv": [ 1, 8, 16, 16 ], "texture": "#texture" },
        "west":  { "uv": [ 0, 8, 0.5, 16 ], "texture": "#texture" },
        "east":  { "uv": [ 15.5, 8, 16, 16 ], "texture": "#texture" }
    }
},
{
    "from": [ 1, 7.4375, 0.25 ],
    "to": [ 17, 7.9375, 15.25 ],
    "rotation": { "origin": [ 1, 7.9375, 0.25 ], "axis": "x", "angle": 22.5 },
    "faces": {
        "down":  { "uv": [ 16, 0, 0, 0 ], "texture": "#texture" },
        "up":    { "uv": [ 0, 0, 16, 0 ], "texture": "#texture" },
        "north": { "uv": [ 0, 0, 16, 16 ], "texture": "#texture" },
        "south": { "uv": [ 0, 0, 16, 16 ], "texture": "#texture" },
        "west":  { "uv": [ 0, 0, 0, 16 ], "texture": "#texture" },
        "east":  { "uv": [ 16, 0, 16, 16 ], "texture": "#texture" }
    }
},
{
    "from": [ 1, 0, 14.5 ],
    "to": [ 17, 21.5, 16 ],
    "faces": {
        "down":  { "uv": [ 16, 16, 0, 15 ], "texture": "#texture" },
        "up":    { "uv": [ 0, 15, 16, 16 ], "texture": "#texture" },
        "north": { "uv": [ 11.5, 0, 12, 0.5 ], "texture": "#metal_0" },
        "south": { "uv": [ 0, 0, 16, 16 ], "texture": "#texture" },
        "west":  { "uv": [ 15, 0, 16, 16 ], "texture": "#texture" },
        "east":  { "uv": [ 0, 0, 1, 16 ], "texture": "#texture" }
    }
},
{
    "from": [ 1, 4, 5 ],
    "to": [ 17, 5, 16 ],
    "faces": {
        "down":  { "uv": [ 15, 16, 0, 5 ], "texture": "#texture" },
        "up":    { "uv": [ 1, 5, 16, 16 ], "texture": "#texture" },
        "north": { "uv": [ 0, 11, 15, 12 ], "texture": "#texture" },
        "south": { "uv": [ 1, 11, 16, 12 ], "texture": "#texture" },
        "west":  { "uv": [ 5, 11, 16, 12 ], "texture": "#texture" },
        "east":  { "uv": [ 0, 11, 11, 12 ], "texture": "#texture" }
    }
},
{
    "from": [ 0, -3.5, 0 ],
    "to": [ 1, 30, 16 ],
    "faces": {
        "down":  { "uv": [ 16, 16, 15, 0 ], "texture": "#texture" },
        "up":    { "uv": [ 0, 0, 1, 16 ], "texture": "#texture" },
        "north": { "uv": [ 15, 0, 16, 16 ], "texture": "#texture" },
        "south": { "uv": [ 0, 0, 1, 16 ], "texture": "#texture" },
        "west":  { "uv": [ 0, 0, 16, 16 ], "texture": "#texture" },
        "east":  { "uv": [ 0, 0, 16, 16 ], "texture": "#texture" }
    }
},
{
    "from": [ 1, 22.25, 0.625 ],
    "to": [ 17, 23.75, 15.625 ],
    "rotation": { "origin": [ 1, 23.75, 0.625 ], "axis": "x", "angle": 22.5 },
    "faces": {
        "down":  { "uv": [ 16, 0, 0, 0 ], "texture": "#texture" },
        "up":    { "uv": [ 0, 0, 16, 0 ], "texture": "#texture" },
        "north": { "uv": [ 0, 0, 16, 16 ], "texture": "#texture" },
        "south": { "uv": [ 0, 0, 16, 16 ], "texture": "#texture" },
        "west":  { "uv": [ 0, 0, 0, 16 ], "texture": "#texture" },
        "east":  { "uv": [ 16, 0, 16, 16 ], "texture": "#texture" }
    }
},
{
    "from": [ -12.5, -3.5, 0.5 ],
    "to": [ -12, 7.5, 15 ],
    "faces": {
        "down":  { "uv": [ 16, 15.5, 16, 0.5 ], "texture": "#texture" },
        "up":    { "uv": [ 0, 0.5, 0, 15.5 ], "texture": "#texture" },
        "north": { "uv": [ 16, 8.5, 16, 16 ], "texture": "#texture" },
        "south": { "uv": [ 0, 8.5, 0, 16 ], "texture": "#texture" },
        "west":  { "uv": [ 0.5, 8.5, 15.5, 16 ], "texture": "#texture" },
        "east":  { "uv": [ 0.5, 8.5, 15.5, 16 ], "texture": "#texture" }
    }
},
{
    "from": [ -12.5, -3.5, 0 ],
    "to": [ -0.5, 7.5, 0.5 ],
    "faces": {
        "down":  { "uv": [ 16, 0.5, 16, 0 ], "texture": "#texture" },
        "up":    { "uv": [ 0, 0, 0, 0.5 ], "texture": "#texture" },
        "north": { "uv": [ 16, 8.5, 16, 16 ], "texture": "#texture" },
        "south": { "uv": [ 0, 8.5, 0, 16 ], "texture": "#texture" },
        "west":  { "uv": [ 0, 8.5, 0.5, 16 ], "texture": "#texture" },
        "east":  { "uv": [ 15.5, 8.5, 16, 16 ], "texture": "#texture" }
    }
},
{
    "from": [ -12.5, -3.5, 15 ],
    "to": [ -0.5, 7.5, 15.5 ],
    "faces": {
        "down":  { "uv": [ 16, 16, 16, 15.5 ], "texture": "#texture" },
        "up":    { "uv": [ 0, 15.5, 0, 16 ], "texture": "#texture" },
        "north": { "uv": [ 16, 8.5, 16, 16 ], "texture": "#texture" },
        "south": { "uv": [ 0, 8.5, 0, 16 ], "texture": "#texture" },
        "west":  { "uv": [ 15.5, 8.5, 16, 16 ], "texture": "#texture" },
        "east":  { "uv": [ 0, 8.5, 0.5, 16 ], "texture": "#texture" }
    }
},
{
    "from": [ -1, -3.5, 0.5 ],
    "to": [ -0.5, 7.5, 15 ],
    "faces": {
        "down":  { "uv": [ 16, 15.5, 16, 0.5 ], "texture": "#texture" },
        "up":    { "uv": [ 0, 0.5, 0, 15.5 ], "texture": "#texture" },
        "north": { "uv": [ 16, 8.5, 16, 16 ], "texture": "#texture" },
        "south": { "uv": [ 0, 8.5, 0, 16 ], "texture": "#texture" },
        "west":  { "uv": [ 0.5, 8.5, 15.5, 16 ], "texture": "#texture" },
        "east":  { "uv": [ 0.5, 8.5, 15.5, 16 ], "texture": "#texture" }
    }
},
{
    "from": [ -12, 5.5, 0.5 ],
    "to": [ -1, 6, 15 ],
    "faces": {
        "down":  { "uv": [ 0, 0, 16, 16 ], "texture": "#texture" },
        "up":    { "uv": [ 0, 0, 11, 16 ], "texture": "#diorite" },
        "north": { "uv": [ 0, 0, 16, 16 ], "texture": "#texture" },
        "south": { "uv": [ 0, 0, 16, 16 ], "texture": "#texture" },
        "west":  { "uv": [ 0, 0, 16, 16 ], "texture": "#texture" },
        "east":  { "uv": [ 0, 0, 16, 16 ], "texture": "#texture" }
    }
},
{
    "from": [ 7.625, 23.1875, -0.125 ],
    "to": [ 10.625, 27.6875, -0.0625 ],
    "faces": {
        "north": { "uv": [ 0, 0, 9, 11 ], "texture": "#particle" }
    }
},
{
    "from": [ 17, -3.5, 0 ],
    "to": [ 18, 30, 16 ],
    "faces": {
        "down":  { "uv": [ 0, 16, 0, 0 ], "texture": "#texture" },
        "up":    { "uv": [ 16, 0, 16, 16 ], "texture": "#texture" },
        "north": { "uv": [ 0, 0, 0, 16 ], "texture": "#texture" },
        "south": { "uv": [ 16, 0, 16, 16 ], "texture": "#texture" },
        "west":  { "uv": [ 0, 0, 16, 16 ], "texture": "#texture" },
        "east":  { "uv": [ 0, 0, 16, 16 ], "texture": "#texture" }
    }
},
{
    "from": [ 7, 24.9375, -0.0625 ],
    "to": [ 10, 29.4375, 0 ],
    "rotation": { "origin": [ 7, 29.4375, -0.0625 ], "axis": "z", "angle": -22.5 },
    "faces": {
        "north": { "uv": [ 0, 0, 9, 11 ], "texture": "#particle" }
    }
},
{
    "from": [ 1, 15.5, 0.5 ],
    "to": [ 17, 23, 1 ],
    "faces": {
        "down":  { "uv": [ 15, 1, 0, 0.5 ], "texture": "#texture" },
        "up":    { "uv": [ 1, 0.5, 16, 1 ], "texture": "#texture" },
        "north": { "uv": [ 0, 0, 15, 0.5 ], "texture": "#texture" },
        "south": { "uv": [ 1, 0, 16, 0.5 ], "texture": "#texture" },
        "west":  { "uv": [ 0.5, 0, 1, 0.5 ], "texture": "#texture" },
        "east":  { "uv": [ 15, 0, 15.5, 0.5 ], "texture": "#texture" }
    }
},
{
    "from": [ 6, 18, 0.375 ],
    "to": [ 11, 20.5, 0.875 ],
    "faces": {
        "north": { "uv": [ 13.5, 12, 15.5, 13 ], "texture": "#phone" }
    }
}
],
"display": {
    "head": {
        "rotation": [ 0, 0, 0 ],
        "translation": [ 0, -30, 0 ],
        "scale": [ 1.5, 1.55, 1.78 ]
    }
}
}