{
"__comment": "Designed by 27box",
"textures": {
    "particle": "block/extra/popcorn3",
    "texture": "block/extra/opc",
    "metal": "block/black_concrete",
    "loaqr": "block/extra/loaqr"
},
"elements": [ 
{
    "from": [ 1, 22.5, 0 ],
    "to": [ 17, 30, 16 ],
    "faces": {
        "down":  { "uv": [ 15, 16, 0, 0 ], "texture": "#texture" },
        "up":    { "uv": [ 1, 0, 16, 16 ], "texture": "#texture" },
        "north": { "uv": [ 0, 0, 15, 0 ], "texture": "#texture" },
        "south": { "uv": [ 1, 0, 16, 0 ], "texture": "#texture" },
        "west":  { "uv": [ 0, 0, 16, 0 ], "texture": "#texture" },
        "east":  { "uv": [ 0, 0, 16, 0 ], "texture": "#texture" }
    }
},
{
    "from": [ 1, -4, 0 ],
    "to": [ 17, 8, 0.5 ],
    "faces": {
        "down":  { "uv": [ 15, 0.5, 0, 0 ], "texture": "#texture" },
        "up":    { "uv": [ 1, 0, 16, 0.5 ], "texture": "#texture" },
        "north": { "uv": [ 0, 8, 15, 16 ], "texture": "#texture" },
        "south": { "uv": [ 1, 8, 16, 16 ], "texture": "#texture" },
        "west":  { "uv": [ 0, 8, 0.5, 16 ], "texture": "#texture" },
        "east":  { "uv": [ 15.5, 8, 16, 16 ], "texture": "#texture" }
    }
},
{
    "from": [ 1, 2, 0.5 ],
    "to": [ 17, 2.5, 15.5 ],
    "faces": {
        "down":  { "uv": [ 16, 0, 0, 0 ], "texture": "#texture" },
        "up":    { "uv": [ 0, 0, 16, 0 ], "texture": "#texture" },
        "north": { "uv": [ 0, 0, 16, 16 ], "texture": "#texture" },
        "south": { "uv": [ 0, 0, 16, 16 ], "texture": "#texture" },
        "west":  { "uv": [ 0, 0, 0, 16 ], "texture": "#texture" },
        "east":  { "uv": [ 16, 0, 16, 16 ], "texture": "#texture" }
    }
},
{
    "from": [ 1, 1, 7.5 ],
    "to": [ 17, 22.5, 16 ],
    "faces": {
        "down":  { "uv": [ 16, 16, 0, 15 ], "texture": "#texture" },
        "up":    { "uv": [ 0, 15, 16, 16 ], "texture": "#texture" },
        "north": { "uv": [ 14.5, 3.5, 15, 4 ], "texture": "#metal" },
        "south": { "uv": [ 0, 0, 16, 16 ], "texture": "#texture" },
        "west":  { "uv": [ 15, 0, 16, 16 ], "texture": "#texture" },
        "east":  { "uv": [ 0, 0, 1, 16 ], "texture": "#texture" }
    }
},
{
    "from": [ 0, -4, 0 ],
    "to": [ 1, 30, 16 ],
    "faces": {
        "down":  { "uv": [ 16, 16, 15, 0 ], "texture": "#texture" },
        "up":    { "uv": [ 0, 0, 1, 16 ], "texture": "#texture" },
        "north": { "uv": [ 15, 0, 16, 16 ], "texture": "#texture" },
        "south": { "uv": [ 0, 0, 1, 16 ], "texture": "#texture" },
        "west":  { "uv": [ 0, 0, 16, 16 ], "texture": "#texture" },
        "east":  { "uv": [ 0, 0, 16, 16 ], "texture": "#texture" }
    }
},
{
    "from": [ 1, 22.5, 0.25 ],
    "to": [ 17, 23, 8.25 ],
    "faces": {
        "down":  { "uv": [ 16, 0, 0, 0 ], "texture": "#texture" },
        "up":    { "uv": [ 0, 0, 16, 0 ], "texture": "#texture" },
        "north": { "uv": [ 0, 0, 16, 16 ], "texture": "#texture" },
        "south": { "uv": [ 0, 0, 16, 16 ], "texture": "#texture" },
        "west":  { "uv": [ 0, 0, 0, 16 ], "texture": "#texture" },
        "east":  { "uv": [ 16, 0, 16, 16 ], "texture": "#texture" }
    }
},
{
    "from": [ 6.5, 23.25, -0.125 ],
    "to": [ 11.5, 29.25, -0.0625 ],
    "faces": {
        "north": { "uv": [ 2, 0, 15, 16 ], "texture": "#particle" }
    }
},
{
    "from": [ 17, -4, 0 ],
    "to": [ 18, 30, 16 ],
    "faces": {
        "down":  { "uv": [ 0, 16, 0, 0 ], "texture": "#texture" },
        "up":    { "uv": [ 16, 0, 16, 16 ], "texture": "#texture" },
        "north": { "uv": [ 0, 0, 0, 16 ], "texture": "#texture" },
        "south": { "uv": [ 16, 0, 16, 16 ], "texture": "#texture" },
        "west":  { "uv": [ 0, 0, 16, 16 ], "texture": "#texture" },
        "east":  { "uv": [ 0, 0, 16, 16 ], "texture": "#texture" }
    }
},
{
    "from": [ 1, 15, 0.5 ],
    "to": [ 17, 22.5, 1 ],
    "faces": {
        "down":  { "uv": [ 15, 1, 0, 0.5 ], "texture": "#texture" },
        "up":    { "uv": [ 1, 0.5, 16, 1 ], "texture": "#texture" },
        "north": { "uv": [ 0, 0, 15, 1 ], "texture": "#texture" },
        "south": { "uv": [ 1, 0, 16, 1 ], "texture": "#texture" },
        "west":  { "uv": [ 0.5, 0, 1, 1 ], "texture": "#texture" },
        "east":  { "uv": [ 15, 0, 15.5, 1 ], "texture": "#texture" }
    }
},
{
    "from": [ 7, 18, 0.375 ],
    "to": [ 11.5, 20.5, 0.4375 ],
    "faces": {
        "north": { "uv": [ 0, 9, 14, 16 ], "texture": "#loaqr" }
    }
},
{
    "from": [ -1, -4, 0 ],
    "to": [ 0, 30, 16 ],
    "faces": {
        "down":  { "uv": [ 16, 16, 16, 0 ], "texture": "#texture" },
        "up":    { "uv": [ 0, 0, 0, 16 ], "texture": "#texture" },
        "north": { "uv": [ 16, 0, 16, 16 ], "texture": "#texture" },
        "south": { "uv": [ 0, 0, 0, 16 ], "texture": "#texture" },
        "west":  { "uv": [ 0, 0, 16, 16 ], "texture": "#texture" },
        "east":  { "uv": [ 0, 0, 16, 16 ], "texture": "#texture" }
    }
},
{
    "from": [ -16, -4, 1 ],
    "to": [ -1, 30, 16 ],
    "faces": {
        "down":  { "uv": [ 0, 0, 16, 16 ], "texture": "#texture" },
        "up":    { "uv": [ 0, 0, 16, 16 ], "texture": "#texture" },
        "north": { "uv": [ 0, 0, 16, 16 ], "texture": "#texture" },
        "south": { "uv": [ 0, 0, 16, 16 ], "texture": "#texture" },
        "west":  { "uv": [ 0, 0, 16, 16 ], "texture": "#texture" },
        "east":  { "uv": [ 0, 0, 16, 16 ], "texture": "#texture" }
    }
}
],
"display": {
    "head": {
        "rotation": [ 0, 0, 0 ],
        "translation": [ 0, -30, 0 ],
        "scale": [ 1.5, 1.55, 1.78 ]
    }
}
}