{
"__comment": "Designed by 27box",
"textures": {
    "particle": "block/cyan_terracotta",
    "texture": "block/stripped_birch_log",
    "metal_0": "block/extra/metal_0"
},
"elements": [ 
{
    "from": [ 0, 11, 0 ],
    "to": [ 16, 13, 16 ],
    "faces": {
        "down":  { "uv": [ 0, 0, 16, 6.5 ], "texture": "#texture" },
        "up":    { "uv": [ 4, 1, 16, 5 ], "rotation": 180, "texture": "#texture" },
        "north": { "uv": [ 5, 0, 12, 5.5 ], "rotation": 90, "texture": "#texture" },
        "south": { "uv": [ 5, 0, 11.5, 6 ], "rotation": 90, "texture": "#texture" },
        "west":  { "uv": [ 0, 0, 6.5, 6 ], "rotation": 90, "texture": "#texture" },
        "east":  { "uv": [ 6, 0, 12.5, 6.5 ], "rotation": 90, "texture": "#texture" }
    }
},
{
    "from": [ 0, 0, 0 ],
    "to": [ 1.5, 11, 1 ],
    "faces": {
        "down":  { "uv": [ 0, 0, 16, 16 ], "texture": "#particle" },
        "up":    { "uv": [ 0, 0, 16, 16 ], "texture": "#particle" },
        "north": { "uv": [ 0, 0, 16, 16 ], "texture": "#particle" },
        "south": { "uv": [ 0, 0, 16, 16 ], "texture": "#particle" },
        "west":  { "uv": [ 0, 0, 16, 16 ], "texture": "#particle" },
        "east":  { "uv": [ 0, 0, 16, 16 ], "texture": "#particle" }
    }
},
{
    "from": [ 1.5, 0, 0 ],
    "to": [ 16, 2, 1 ],
    "faces": {
        "down":  { "uv": [ 0, 0, 16, 16 ], "texture": "#particle" },
        "up":    { "uv": [ 0, 0, 16, 16 ], "texture": "#particle" },
        "north": { "uv": [ 0, 0, 16, 16 ], "texture": "#particle" },
        "south": { "uv": [ 0, 0, 16, 16 ], "texture": "#particle" },
        "west":  { "uv": [ 0, 0, 16, 16 ], "texture": "#particle" },
        "east":  { "uv": [ 0, 0, 16, 16 ], "texture": "#particle" }
    }
},
{
    "from": [ 0, 0, 31 ],
    "to": [ 1.5, 11, 32 ],
    "faces": {
        "down":  { "uv": [ 0, 0, 16, 16 ], "texture": "#particle" },
        "up":    { "uv": [ 0, 0, 16, 16 ], "texture": "#particle" },
        "north": { "uv": [ 0, 0, 16, 16 ], "texture": "#particle" },
        "south": { "uv": [ 0, 0, 16, 16 ], "texture": "#particle" },
        "west":  { "uv": [ 0, 0, 16, 16 ], "texture": "#particle" },
        "east":  { "uv": [ 0, 0, 16, 16 ], "texture": "#particle" }
    }
},
{
    "from": [ 1.5, 0, 31 ],
    "to": [ 16, 2, 32 ],
    "faces": {
        "down":  { "uv": [ 0, 0, 16, 16 ], "texture": "#particle" },
        "up":    { "uv": [ 0, 0, 16, 16 ], "texture": "#particle" },
        "north": { "uv": [ 0, 0, 16, 16 ], "texture": "#particle" },
        "south": { "uv": [ 0, 0, 16, 16 ], "texture": "#particle" },
        "west":  { "uv": [ 0, 0, 16, 16 ], "texture": "#particle" },
        "east":  { "uv": [ 0, 0, 16, 16 ], "texture": "#particle" }
    }
},
{
    "from": [ 0, 11, 16 ],
    "to": [ 16, 13, 32 ],
    "faces": {
        "down":  { "uv": [ 0, 0, 16, 6.5 ], "texture": "#texture" },
        "up":    { "uv": [ 4, 5, 16, 1 ], "rotation": 180, "texture": "#texture" },
        "north": { "uv": [ 5, 0, 12, 5 ], "rotation": 90, "texture": "#texture" },
        "south": { "uv": [ 4.5, 7, 11, 13 ], "rotation": 90, "texture": "#texture" },
        "west":  { "uv": [ 0, 0, 6.5, 6 ], "rotation": 90, "texture": "#texture" },
        "east":  { "uv": [ 2, 8.5, 8.5, 15 ], "rotation": 90, "texture": "#texture" }
    }
}
],
"display": {
    "head": {
        "rotation": [ 0, 0, 0 ],
        "translation": [ 0, -27.5, -12 ],
        "scale": [ 1.6, 1.95, 2 ]
    }
}
}