{
"__comment": "Designed by 27box",
"textures": {
    "particle": "block/extra/phone",
    "dirt": "block/extra/metal_0",
    "red_concrete": "block/red_concrete"
},
"elements": [ 
{
    "from": [ 0, 0, 8.5 ],
    "to": [ 16, 32, 9 ],
    "faces": {
        "down":  { "uv": [ 0, 0, 2, 2 ], "rotation": 180, "texture": "#dirt" },
        "up":    { "uv": [ 0, 0, 2, 2 ], "rotation": 180, "texture": "#dirt" },
        "north": { "uv": [ 0, 0, 8, 7 ], "texture": "#dirt" },
        "south": { "uv": [ 0, 0, 8, 8 ], "texture": "#dirt" },
        "west":  { "uv": [ 0, 0, 8, 8 ], "texture": "#dirt" },
        "east":  { "uv": [ 0, 0, 8, 8 ], "texture": "#dirt" }
    }
},
{
    "from": [ 2.5, 15.5625, 7.375 ],
    "to": [ 13.5, 16.1875, 7.875 ],
    "rotation": { "origin": [ 2.5, 16.1875, 7.375 ], "axis": "x", "angle": 22.5 },
    "faces": {
        "down":  { "uv": [ 0, 0, 16, 16 ], "texture": "#red_concrete" },
        "up":    { "uv": [ 0, 0, 16, 16 ], "texture": "#red_concrete" },
        "north": { "uv": [ 0, 0, 16, 16 ], "texture": "#red_concrete" },
        "south": { "uv": [ 0, 0, 16, 16 ], "texture": "#red_concrete" },
        "west":  { "uv": [ 0, 0, 16, 16 ], "texture": "#red_concrete" },
        "east":  { "uv": [ 0, 0, 16, 16 ], "texture": "#red_concrete" }
    }
},
{
    "from": [ 1.5, 15, 8.75 ],
    "to": [ 2.5, 17.5, 9.25 ],
    "rotation": { "origin": [ 1.5, 17.5, 8.75 ], "axis": "x", "angle": 45 },
    "faces": {
        "down":  { "uv": [ 8, 0, 8.5, 1 ], "texture": "#dirt" },
        "up":    { "uv": [ 8, 0, 8.5, 1 ], "texture": "#dirt" },
        "north": { "uv": [ 8, 0, 8.5, 1.5 ], "rotation": 90, "texture": "#dirt" },
        "south": { "uv": [ 8, 0, 8.5, 1 ], "texture": "#dirt" },
        "west":  { "uv": [ 8, 0, 8.5, 1.5 ], "texture": "#dirt" },
        "east":  { "uv": [ 8, 0, 8.5, 1 ], "texture": "#dirt" }
    }
},
{
    "from": [ 13.5, 15, 8.75 ],
    "to": [ 14.5, 17.5, 9.25 ],
    "rotation": { "origin": [ 13.5, 17.5, 8.75 ], "axis": "x", "angle": 45 },
    "faces": {
        "down":  { "uv": [ 8, 0, 8.5, 1 ], "texture": "#dirt" },
        "up":    { "uv": [ 8, 0, 8.5, 1 ], "texture": "#dirt" },
        "north": { "uv": [ 8, 0, 8.5, 1.5 ], "rotation": 90, "texture": "#dirt" },
        "south": { "uv": [ 8, 0, 8.5, 1 ], "texture": "#dirt" },
        "west":  { "uv": [ 8, 0, 8.5, 1.5 ], "texture": "#dirt" },
        "east":  { "uv": [ 8, 0, 8.5, 1 ], "texture": "#dirt" }
    }
},
{
    "from": [ 13.5, 17, 8.1875 ],
    "to": [ 14.5, 18.8125, 8.6875 ],
    "faces": {
        "down":  { "uv": [ 8, 0, 8.5, 1 ], "texture": "#dirt" },
        "up":    { "uv": [ 8, 0, 8.5, 1 ], "texture": "#dirt" },
        "north": { "uv": [ 8, 0, 8.5, 1.5 ], "rotation": 90, "texture": "#dirt" },
        "south": { "uv": [ 8, 0, 8.5, 1 ], "texture": "#dirt" },
        "west":  { "uv": [ 8, 0, 8.5, 1.5 ], "texture": "#dirt" },
        "east":  { "uv": [ 8, 0, 8.5, 1 ], "texture": "#dirt" }
    }
},
{
    "from": [ 1.5, 16.9375, 8.1875 ],
    "to": [ 2.5, 18.8125, 8.6875 ],
    "faces": {
        "down":  { "uv": [ 8, 0, 8.5, 1 ], "texture": "#dirt" },
        "up":    { "uv": [ 8, 0, 8.5, 1 ], "texture": "#dirt" },
        "north": { "uv": [ 8, 0, 8.5, 1.5 ], "rotation": 90, "texture": "#dirt" },
        "south": { "uv": [ 8, 0, 8.5, 1 ], "texture": "#dirt" },
        "west":  { "uv": [ 8, 0, 8.5, 1.5 ], "texture": "#dirt" },
        "east":  { "uv": [ 8, 0, 8.5, 1 ], "texture": "#dirt" }
    }
},
{
    "from": [ 0, 0, 8 ],
    "to": [ 0.5, 32, 8.5 ],
    "faces": {
        "down":  { "uv": [ 0, 0, 2, 2 ], "rotation": 180, "texture": "#dirt" },
        "up":    { "uv": [ 0, 0, 2, 2 ], "rotation": 180, "texture": "#dirt" },
        "north": { "uv": [ 0, 0, 8, 8 ], "texture": "#dirt" },
        "south": { "uv": [ 0, 0, 8, 8 ], "texture": "#dirt" },
        "west":  { "uv": [ 0, 0, 8, 8 ], "texture": "#dirt" },
        "east":  { "uv": [ 0, 0, 8, 8 ], "texture": "#dirt" }
    }
},
{
    "from": [ 15.5, 0, 8 ],
    "to": [ 16, 32, 8.5 ],
    "faces": {
        "down":  { "uv": [ 0, 0, 2, 2 ], "rotation": 180, "texture": "#dirt" },
        "up":    { "uv": [ 0, 0, 2, 2 ], "rotation": 180, "texture": "#dirt" },
        "north": { "uv": [ 0, 0, 8, 8 ], "texture": "#dirt" },
        "south": { "uv": [ 0, 0, 8, 8 ], "texture": "#dirt" },
        "west":  { "uv": [ 0, 0, 8, 8 ], "texture": "#dirt" },
        "east":  { "uv": [ 0, 0, 8, 8 ], "texture": "#dirt" }
    }
},
{
    "from": [ 0.5, 31.5, 8 ],
    "to": [ 15.5, 32, 8.5 ],
    "faces": {
        "down":  { "uv": [ 0, 0, 2, 2 ], "rotation": 180, "texture": "#dirt" },
        "up":    { "uv": [ 0, 0, 2, 2 ], "rotation": 180, "texture": "#dirt" },
        "north": { "uv": [ 0, 0, 8, 2 ], "texture": "#dirt" },
        "south": { "uv": [ 0, 0, 8, 8 ], "texture": "#dirt" },
        "west":  { "uv": [ 0, 0, 8, 8 ], "texture": "#dirt" },
        "east":  { "uv": [ 0, 0, 8, 8 ], "texture": "#dirt" }
    }
},
{
    "from": [ 3.25, 16.6875, 8.375 ],
    "to": [ 5.25, 18.8125, 8.4375 ],
    "faces": {
        "north": { "uv": [ 13.5, 13, 16, 16 ], "texture": "#particle" }
    }
}
],
"display": {
    "head": {
        "rotation": [ 0, 0, 0 ],
        "translation": [ 0, -30.5, 16 ],
        "scale": [ 1.6, 1.6, 1.6 ]
    }
}
}