{
"__comment": "Designed by 27box",
"textures": {
    "particle": "block/mushroom_stem",
    "texture": "block/extra/loa"
},
"elements": [ 
{
    "from": [ -0.5, 0, 2.5 ],
    "to": [ 15.5, 1, 13 ],
    "faces": {
        "down":  { "uv": [ 8, 0, 9.5, 1 ], "texture": "#texture" },
        "up":    { "uv": [ 4, 0, 16, 16 ], "rotation": 90, "texture": "#texture" },
        "north": { "uv": [ 3, 0, 4, 16 ], "rotation": 270, "texture": "#texture" },
        "south": { "uv": [ 0, 7, 10, 9 ], "rotation": 90, "texture": "#particle" },
        "west":  { "uv": [ 0, 7, 10, 9 ], "rotation": 90, "texture": "#particle" },
        "east":  { "uv": [ 0, 9, 10, 7 ], "rotation": 90, "texture": "#particle" }
    }
}
],
"display": {
    "head": {
        "rotation": [ 0, 0, 0 ],
        "translation": [ 0, -35.1, 0 ],
        "scale": [ 1.2, 1, 1.2 ]
    }
}
}