{
"__comment": "designed by 27box",
"textures": {
    "particle": "block/white_concrete",
    "texture": "block/extra/metal_0",
    "black_concrete": "block/black_concrete"
},
"elements": [ 
{
    "from": [ 0, -0.0625, 0 ],
    "to": [ 23.8125, 32, 4 ],
    "faces": {
        "down":  { "uv": [ 6.5, 2, 7.5, 3 ], "texture": "#texture" },
        "up":    { "uv": [ 6, 6.5, 7, 7.5 ], "texture": "#texture" },
        "north": { "uv": [ 0, 0, 8, 8 ], "texture": "#texture" },
        "south": { "uv": [ 0, 0, 8, 8 ], "texture": "#texture" },
        "west":  { "uv": [ 2, 1.5, 4, 2.5 ], "texture": "#texture" },
        "east":  { "uv": [ 2, 1.5, 4.5, 2.5 ], "texture": "#texture" }
    }
},
{
    "from": [ -0.3125, 0, 0.3125 ],
    "to": [ 0, 32, 1.8125 ],
    "faces": {
        "down":  { "uv": [ 8, 0, 8.5, 0.5 ], "texture": "#texture" },
        "up":    { "uv": [ 8, 0, 8.5, 0.5 ], "texture": "#texture" },
        "north": { "uv": [ 8.5, 0, 9, 0.5 ], "texture": "#texture" },
        "south": { "uv": [ 8, 0, 8.5, 0.5 ], "texture": "#texture" },
        "west":  { "uv": [ 8, 4, 8.5, 4.5 ], "texture": "#texture" },
        "east":  { "uv": [ 8, 3, 8.5, 3.5 ], "texture": "#texture" }
    }
},
{
    "from": [ -0.3125, 0, 2.1875 ],
    "to": [ 0, 32, 3.6875 ],
    "faces": {
        "down":  { "uv": [ 8, 0, 8.5, 0.5 ], "texture": "#texture" },
        "up":    { "uv": [ 8, 0, 8.5, 0.5 ], "texture": "#texture" },
        "north": { "uv": [ 8.5, 0, 9, 0.5 ], "texture": "#texture" },
        "south": { "uv": [ 8, 0, 8.5, 0.5 ], "texture": "#texture" },
        "west":  { "uv": [ 8, 4, 8.5, 4.5 ], "texture": "#texture" },
        "east":  { "uv": [ 8, 3, 8.5, 3.5 ], "texture": "#texture" }
    }
},
{
    "from": [ -0.0625, 0, 1.5625 ],
    "to": [ 0, 32, 2.5625 ],
    "faces": {
        "down":  { "uv": [ 8, 0, 8.5, 0.5 ], "texture": "#black_concrete" },
        "up":    { "uv": [ 8, 0, 8.5, 0.5 ], "texture": "#black_concrete" },
        "north": { "uv": [ 8.5, 0, 9, 0.5 ], "texture": "#black_concrete" },
        "south": { "uv": [ 8, 0, 8.5, 0.5 ], "texture": "#black_concrete" },
        "west":  { "uv": [ 8, 4, 8.5, 4.5 ], "texture": "#black_concrete" },
        "east":  { "uv": [ 8, 3, 8.5, 3.5 ], "texture": "#black_concrete" }
    }
},
{
    "from": [ 23.75, 0, 0.3125 ],
    "to": [ 24.0625, 32, 1.8125 ],
    "faces": {
        "down":  { "uv": [ 8, 0, 8.5, 0.5 ], "texture": "#texture" },
        "up":    { "uv": [ 8, 0, 8.5, 0.5 ], "texture": "#texture" },
        "north": { "uv": [ 8.5, 0, 9, 0.5 ], "texture": "#texture" },
        "south": { "uv": [ 8, 0, 8.5, 0.5 ], "texture": "#texture" },
        "west":  { "uv": [ 8, 4, 8.5, 4.5 ], "texture": "#texture" },
        "east":  { "uv": [ 8, 3, 8.5, 3.5 ], "texture": "#texture" }
    }
},
{
    "from": [ 23.75, 0, 2.1875 ],
    "to": [ 24.0625, 32, 3.6875 ],
    "faces": {
        "down":  { "uv": [ 8, 0, 8.5, 0.5 ], "texture": "#texture" },
        "up":    { "uv": [ 8, 0, 8.5, 0.5 ], "texture": "#texture" },
        "north": { "uv": [ 8.5, 0, 9, 0.5 ], "texture": "#texture" },
        "south": { "uv": [ 8, 0, 8.5, 0.5 ], "texture": "#texture" },
        "west":  { "uv": [ 8, 4, 8.5, 4.5 ], "texture": "#texture" },
        "east":  { "uv": [ 8, 3, 8.5, 3.5 ], "texture": "#texture" }
    }
},
{
    "from": [ 23.8125, 0, 1.625 ],
    "to": [ 23.875, 32, 2.625 ],
    "faces": {
        "down":  { "uv": [ 8, 0, 8.5, 0.5 ], "texture": "#black_concrete" },
        "up":    { "uv": [ 8, 0, 8.5, 0.5 ], "texture": "#black_concrete" },
        "north": { "uv": [ 8.5, 0, 9, 0.5 ], "texture": "#black_concrete" },
        "south": { "uv": [ 8, 0, 8.5, 0.5 ], "texture": "#black_concrete" },
        "west":  { "uv": [ 8, 4, 8.5, 4.5 ], "texture": "#black_concrete" },
        "east":  { "uv": [ 8, 3, 8.5, 3.5 ], "texture": "#black_concrete" }
    }
}
],
"display": {
    "thirdperson_righthand": {
        "rotation": [ 0, 0, 0 ],
        "translation": [ 2.5, -12, 10 ],
        "scale": [ 1, 1.58, 1 ]
    },
    "thirdperson_lefthand": {
        "rotation": [ 0, 0, 0 ],
        "translation": [ 10, -12, 10 ],
        "scale": [ 1, 1.58, 1 ]
    },
    "ground": {
        "rotation": [ 90, 0, 0 ],
        "translation": [ 0, 0, -5 ],
        "scale": [ 0.5, 0.5, 0.5 ]
    },
    "firstperson_righthand": {
        "rotation": [ 0, 0, 0 ],
        "translation": [ 0, 0, 0 ],
        "scale": [ 0.3, 0.3, 0.3 ]
    },
    "firstperson_lefthand": {
        "rotation": [ 0, 0, 0 ],
        "translation": [ 0, 0, 0 ],
        "scale": [ 0.3, 0.3, 0.3 ]
    },
    "gui": {
        "rotation": [ 0, -23, 0 ],
        "translation": [ 0, -3.21, 0 ],
        "scale": [ 0.2, 0.2, 0.2 ]
    }
}
}