{
"__comment": "Designed by 27box",
"textures": {
    "particle": "block/mushroom_stem",
    "texture": "block/extra/metal_1"
},
"elements": [ 
{
    "from": [ 2, 0, 3 ],
    "to": [ 14, 2, 13 ],
    "faces": {
        "down":  { "uv": [ 14, 9, 12.5, 7.5 ], "texture": "#texture" },
        "up":    { "uv": [ 12.5, 7, 14, 8.5 ], "texture": "#texture" },
        "north": { "uv": [ 12, 0, 16, 10 ], "rotation": 270, "texture": "#texture" },
        "south": { "uv": [ 0, 7, 16, 9 ], "rotation": 270, "texture": "#particle" },
        "west":  { "uv": [ 0, 7, 16, 9 ], "rotation": 90, "texture": "#particle" },
        "east":  { "uv": [ 0, 7, 16, 9 ], "rotation": 90, "texture": "#particle" }
    }
},
{
    "from": [ 2.5, 2, 3 ],
    "to": [ 14.5, 4, 13 ],
    "faces": {
        "down":  { "uv": [ 14, 9, 12.5, 7.5 ], "texture": "#texture" },
        "up":    { "uv": [ 12.5, 7, 14, 8.5 ], "texture": "#texture" },
        "north": { "uv": [ 12, 0, 16, 10 ], "rotation": 270, "texture": "#texture" },
        "south": { "uv": [ 0, 7, 16, 9 ], "rotation": 270, "texture": "#particle" },
        "west":  { "uv": [ 0, 7, 16, 9 ], "rotation": 90, "texture": "#particle" },
        "east":  { "uv": [ 0, 7, 16, 9 ], "rotation": 90, "texture": "#particle" }
    }
},
{
    "from": [ 2, 4, 3 ],
    "to": [ 14, 6, 13 ],
    "faces": {
        "down":  { "uv": [ 14, 8.5, 12.5, 7 ], "texture": "#texture" },
        "up":    { "uv": [ 12.5, 7.5, 14, 9 ], "texture": "#texture" },
        "north": { "uv": [ 12, 0, 16, 10 ], "rotation": 270, "texture": "#texture" },
        "south": { "uv": [ 0, 7, 16, 9 ], "rotation": 270, "texture": "#particle" },
        "west":  { "uv": [ 0, 7, 16, 9 ], "rotation": 90, "texture": "#particle" },
        "east":  { "uv": [ 0, 7, 16, 9 ], "rotation": 90, "texture": "#particle" }
    }
},
{
    "from": [ 2.5, 6, 3.5 ],
    "to": [ 14.5, 8, 13.5 ],
    "faces": {
        "down":  { "uv": [ 14, 9, 12.5, 7.5 ], "texture": "#texture" },
        "up":    { "uv": [ 12.5, 7, 14, 8.5 ], "texture": "#texture" },
        "north": { "uv": [ 12, 0, 16, 10 ], "rotation": 270, "texture": "#texture" },
        "south": { "uv": [ 0, 7, 16, 9 ], "rotation": 270, "texture": "#particle" },
        "west":  { "uv": [ 0, 7, 16, 9 ], "rotation": 90, "texture": "#particle" },
        "east":  { "uv": [ 0, 7, 16, 9 ], "rotation": 90, "texture": "#particle" }
    }
},
{
    "from": [ 2.1875, 7.4375, 3.6875 ],
    "to": [ 14.1875, 7.5, 13.6875 ],
    "faces": {
        "down":  { "uv": [ -3, 4, -2, 5 ], "texture": "#particle" },
        "up":    { "uv": [ 0, 4, 1, 5 ], "texture": "#particle" },
        "north": { "uv": [ 0, 0, 1, 1 ], "texture": "#particle" },
        "south": { "uv": [ 0, 0, 1, 1 ], "texture": "#particle" },
        "west":  { "uv": [ 4, 0, 5, 1 ], "texture": "#particle" },
        "east":  { "uv": [ 4, 0, 5, 1 ], "texture": "#particle" }
    }
},
{
    "from": [ 2.1875, 2.9375, 3.25 ],
    "to": [ 14.1875, 3, 13.25 ],
    "faces": {
        "down":  { "uv": [ -3, 4, -2, 5 ], "texture": "#particle" },
        "up":    { "uv": [ 0, 4, 1, 5 ], "texture": "#particle" },
        "north": { "uv": [ 0, 0, 1, 1 ], "texture": "#particle" },
        "south": { "uv": [ 0, 0, 1, 1 ], "texture": "#particle" },
        "west":  { "uv": [ 4, 0, 5, 1 ], "texture": "#particle" },
        "east":  { "uv": [ 4, 0, 5, 1 ], "texture": "#particle" }
    }
}
],
"display": {
    "head": {
        "rotation": [ 0, 0, 0 ],
        "translation": [ 0, -31.5, 0 ],
        "scale": [ 1.5, 1.5, 1.5 ]
    }
}
}