{
"__comment": "Designed by 27box",
"textures": {
    "particle": "block/mushroom_stem",
    "texture": "block/gray_concrete",
    "metal_0": "block/extra/metal_0",
    "water": "block/extra/metal_1"
},
"elements": [ 
{
    "from": [ 15, 21.75, 11.5 ],
    "to": [ 16, 25.75, 12.5 ],
    "rotation": { "origin": [ 15, 25.75, 11.5 ], "axis": "z", "angle": -22.5 },
    "faces": {
        "down":  { "uv": [ 7.5, 4, 8.5, 5 ], "texture": "#texture" },
        "up":    { "uv": [ 7.5, 4, 8.5, 5 ], "texture": "#texture" },
        "north": { "uv": [ 7.5, 1, 8.5, 2 ], "texture": "#texture" },
        "south": { "uv": [ 7.5, 1, 8.5, 2 ], "texture": "#texture" },
        "west":  { "uv": [ 4, 1, 5, 2 ], "texture": "#texture" },
        "east":  { "uv": [ 4, 1, 5, 2 ], "texture": "#texture" }
    }
},
{
    "from": [ 13.5, 4, 11.5 ],
    "to": [ 14.5, 22, 12.5 ],
    "rotation": { "origin": [ 13.5, 22, 11.5 ], "axis": "z", "angle": -22.5 },
    "faces": {
        "down":  { "uv": [ 8.5, 8, 11.5, 16 ], "texture": "#metal_0" },
        "up":    { "uv": [ 9, 8, 11, 14.5 ], "texture": "#metal_0" },
        "north": { "uv": [ 8.5, 8, 11.5, 16 ], "texture": "#metal_0" },
        "south": { "uv": [ 8.5, 8, 11.5, 16 ], "texture": "#metal_0" },
        "west":  { "uv": [ 8.5, 8, 11.5, 16 ], "texture": "#metal_0" },
        "east":  { "uv": [ 8.5, 8, 11.5, 16 ], "texture": "#metal_0" }
    }
},
{
    "from": [ 6.25, 4.9375, 9.125 ],
    "to": [ 8.125, 5.5625, 15.1875 ],
    "rotation": { "origin": [ 6.25, 5.5625, 9.125 ], "axis": "z", "angle": -22.5 },
    "faces": {
        "down":  { "uv": [ 7.5, 4, 8.5, 5 ], "texture": "#texture" },
        "up":    { "uv": [ 7.5, 4, 8.5, 5 ], "texture": "#texture" },
        "north": { "uv": [ 7.5, 1, 8.5, 2 ], "texture": "#texture" },
        "south": { "uv": [ 7.5, 1, 8.5, 2 ], "texture": "#texture" },
        "west":  { "uv": [ 4, 1, 5, 2 ], "texture": "#texture" },
        "east":  { "uv": [ 4, 1, 5, 2 ], "texture": "#texture" }
    }
},
{
    "from": [ 6.25, 3, 9.375 ],
    "to": [ 7.75, 5, 14.875 ],
    "rotation": { "origin": [ 6.25, 5, 9.375 ], "axis": "z", "angle": -22.5 },
    "faces": {
        "down":  { "uv": [ 7.5, 4, 8.5, 5 ], "texture": "#particle" },
        "up":    { "uv": [ 7.5, 4, 8.5, 5 ], "texture": "#particle" },
        "north": { "uv": [ 11, 1, 16, 3.5 ], "texture": "#particle" },
        "south": { "uv": [ 11, 1, 16, 3.5 ], "texture": "#particle" },
        "west":  { "uv": [ 0, 10, 16, 12 ], "texture": "#particle" },
        "east":  { "uv": [ 0, 10, 16, 12 ], "texture": "#particle" }
    }
},
{
    "from": [ 5.8125, -1.375, 9.4375 ],
    "to": [ 7.3125, 3.625, 14.875 ],
    "rotation": { "origin": [ 5.8125, 3.625, 9.4375 ], "axis": "z", "angle": -45 },
    "faces": {
        "down":  { "uv": [ 0, 10, 16, 12 ], "rotation": 270, "texture": "#particle" },
        "up":    { "uv": [ 7.5, 4, 8.5, 5 ], "texture": "#particle" },
        "north": { "uv": [ 11, 1, 16, 2.5 ], "texture": "#particle" },
        "south": { "uv": [ 11, 1, 16, 3 ], "texture": "#particle" },
        "west":  { "uv": [ 0, 10, 16, 12 ], "texture": "#particle" },
        "east":  { "uv": [ 0, 10, 16, 12 ], "texture": "#particle" }
    }
},
{
    "from": [ 6.5, 0, 2.5 ],
    "to": [ 11.5, 6, 3 ],
    "faces": {
        "down":  { "uv": [ 2, 6.5, 3, 7 ], "texture": "#metal_0" },
        "up":    { "uv": [ 2.5, 7, 3.5, 7.5 ], "texture": "#metal_0" },
        "north": { "uv": [ 0, 0, 2.5, 5.5 ], "texture": "#metal_0" },
        "south": { "uv": [ 0, 0, 6, 7.5 ], "texture": "#metal_0" },
        "west":  { "uv": [ 0, 0, 3, 5 ], "texture": "#metal_0" },
        "east":  { "uv": [ 0, 0, 4.5, 6.5 ], "texture": "#metal_0" }
    }
},
{
    "from": [ 6.5, 0, 8 ],
    "to": [ 11.5, 6, 8.5 ],
    "faces": {
        "down":  { "uv": [ 2, 6.5, 3, 7 ], "texture": "#metal_0" },
        "up":    { "uv": [ 2.5, 7, 3.5, 7.5 ], "texture": "#metal_0" },
        "north": { "uv": [ 0, 0, 2.5, 5.5 ], "texture": "#metal_0" },
        "south": { "uv": [ 0, 0, 6, 7.5 ], "texture": "#metal_0" },
        "west":  { "uv": [ 0, 0, 3, 5 ], "texture": "#metal_0" },
        "east":  { "uv": [ 0, 0, 4.5, 6.5 ], "texture": "#metal_0" }
    }
},
{
    "from": [ 6, 5.5, 2.5 ],
    "to": [ 6.5, 6, 8.5 ],
    "faces": {
        "down":  { "uv": [ 4, 1, 4.5, 6 ], "texture": "#metal_0" },
        "up":    { "uv": [ 5, 2, 5.5, 7 ], "texture": "#metal_0" },
        "north": { "uv": [ 0, 0, 0.5, 0.5 ], "texture": "#metal_0" },
        "south": { "uv": [ 0, 0, 0.5, 0.5 ], "texture": "#metal_0" },
        "west":  { "uv": [ 0, 0, 5, 0.5 ], "texture": "#metal_0" },
        "east":  { "uv": [ 0, 0, 5, 0.5 ], "texture": "#metal_0" }
    }
},
{
    "from": [ 6.5, 0, 3 ],
    "to": [ 11.5, 0.0625, 8 ],
    "faces": {
        "down":  { "uv": [ 2, 6.5, 3, 7 ], "texture": "#metal_0" },
        "up":    { "uv": [ 2.5, 7, 3.5, 7.5 ], "texture": "#metal_0" },
        "north": { "uv": [ 0, 0, 2.5, 5.5 ], "texture": "#metal_0" },
        "south": { "uv": [ 0, 0, 6, 7.5 ], "texture": "#metal_0" },
        "west":  { "uv": [ 0, 0, 3, 5 ], "texture": "#metal_0" },
        "east":  { "uv": [ 0, 0, 4.5, 6.5 ], "texture": "#metal_0" }
    }
},
{
    "from": [ 6.5, 4, 3 ],
    "to": [ 11.5, 4.0625, 8 ],
    "faces": {
        "down":  { "uv": [ 1, 1, 6, 6 ], "texture": "#metal_0" },
        "up":    { "uv": [ 0, 8, 8, 16 ], "texture": "#water" }
    }
},
{
    "from": [ 6, 0, 2.5 ],
    "to": [ 6.5, 5, 8.5 ],
    "faces": {
        "down":  { "uv": [ 0, 0, 0.5, 5 ], "texture": "#metal_0" },
        "up":    { "uv": [ 0, 0, 0.5, 5 ], "texture": "#metal_0" },
        "north": { "uv": [ 0, 0, 0.5, 5 ], "texture": "#metal_0" },
        "south": { "uv": [ 0, 0, 0.5, 5 ], "texture": "#metal_0" },
        "west":  { "uv": [ 0, 1, 5, 6 ], "texture": "#metal_0" },
        "east":  { "uv": [ 0, 1, 5, 6 ], "texture": "#metal_0" }
    }
},
{
    "from": [ 6, 5, 2.5 ],
    "to": [ 6.5, 5.5, 4.5 ],
    "faces": {
        "down":  { "uv": [ 6.5, 3.5, 7, 5 ], "texture": "#metal_0" },
        "up":    { "uv": [ 6.5, 3.5, 7, 5 ], "texture": "#metal_0" },
        "north": { "uv": [ 0, 0.5, 0.5, 1 ], "texture": "#metal_0" },
        "south": { "uv": [ 0, 0.5, 0.5, 1 ], "texture": "#metal_0" },
        "west":  { "uv": [ 0, 0.5, 1.5, 1 ], "texture": "#metal_0" },
        "east":  { "uv": [ 0, 0.5, 1.5, 1 ], "texture": "#metal_0" }
    }
},
{
    "from": [ 11.5, 5.5, 2.5 ],
    "to": [ 12, 6, 8.5 ],
    "faces": {
        "down":  { "uv": [ 4, 1, 4.5, 6 ], "texture": "#metal_0" },
        "up":    { "uv": [ 5, 2, 5.5, 7 ], "texture": "#metal_0" },
        "north": { "uv": [ 0, 0, 0.5, 0.5 ], "texture": "#metal_0" },
        "south": { "uv": [ 0, 0, 0.5, 0.5 ], "texture": "#metal_0" },
        "west":  { "uv": [ 0, 0, 5, 0.5 ], "texture": "#metal_0" },
        "east":  { "uv": [ 0, 0, 5, 0.5 ], "texture": "#metal_0" }
    }
},
{
    "from": [ 11.5, 5, 2.5 ],
    "to": [ 12, 5.5, 4.5 ],
    "faces": {
        "down":  { "uv": [ 6.5, 3.5, 7, 5 ], "texture": "#metal_0" },
        "up":    { "uv": [ 6.5, 3.5, 7, 5 ], "texture": "#metal_0" },
        "north": { "uv": [ 0, 0.5, 0.5, 1 ], "texture": "#metal_0" },
        "south": { "uv": [ 0, 0.5, 0.5, 1 ], "texture": "#metal_0" },
        "west":  { "uv": [ 4, 0.5, 5.5, 1 ], "texture": "#metal_0" },
        "east":  { "uv": [ 3, 0.5, 4.5, 1 ], "texture": "#metal_0" }
    }
},
{
    "from": [ 11.5, 5, 6.5 ],
    "to": [ 12, 5.5, 8.5 ],
    "faces": {
        "down":  { "uv": [ 6.5, 3.5, 7, 5 ], "texture": "#metal_0" },
        "up":    { "uv": [ 6.5, 3.5, 7, 5 ], "texture": "#metal_0" },
        "north": { "uv": [ 0, 0.5, 0.5, 1 ], "texture": "#metal_0" },
        "south": { "uv": [ 0, 0.5, 0.5, 1 ], "texture": "#metal_0" },
        "west":  { "uv": [ 0, 0.5, 1.5, 1 ], "texture": "#metal_0" },
        "east":  { "uv": [ 0, 0.5, 1.5, 1 ], "texture": "#metal_0" }
    }
},
{
    "from": [ 11.5, 0, 2.5 ],
    "to": [ 12, 5, 8.5 ],
    "faces": {
        "down":  { "uv": [ 0, 0, 0.5, 5 ], "texture": "#metal_0" },
        "up":    { "uv": [ 0, 0, 0.5, 5 ], "texture": "#metal_0" },
        "north": { "uv": [ 0, 0, 0.5, 5 ], "texture": "#metal_0" },
        "south": { "uv": [ 0, 0, 0.5, 5 ], "texture": "#metal_0" },
        "west":  { "uv": [ 0, 1, 5, 6 ], "texture": "#metal_0" },
        "east":  { "uv": [ 0, 1, 5, 6 ], "texture": "#metal_0" }
    }
},
{
    "from": [ 6, 5, 6.5 ],
    "to": [ 6.5, 5.5, 8.5 ],
    "faces": {
        "down":  { "uv": [ 6.5, 3.5, 7, 5 ], "texture": "#metal_0" },
        "up":    { "uv": [ 6.5, 3.5, 7, 5 ], "texture": "#metal_0" },
        "north": { "uv": [ 0, 0.5, 0.5, 1 ], "texture": "#metal_0" },
        "south": { "uv": [ 0, 0.5, 0.5, 1 ], "texture": "#metal_0" },
        "west":  { "uv": [ 3.5, 0.5, 5, 1 ], "texture": "#metal_0" },
        "east":  { "uv": [ 3, 0.5, 4.5, 1 ], "texture": "#metal_0" }
    }
}
],
"display": {
    "head": {
        "rotation": [ 0, 0, 0 ],
        "translation": [ 0, -26.5, -3 ],
        "scale": [ 2, 2, 2 ]
    }
}
}