{
"__comment": "Designed by 27box",
"textures": {
    "particle": "block/black_concrete",
    "texture": "block/extra/enb",
    "gray_concrete": "block/gray_concrete"
},
"elements": [ 
{
    "from": [ 1.5, 6.5, 1 ],
    "to": [ 14.5, 8, 17 ],
    "rotation": { "origin": [ 1.5, 8, 1 ], "axis": "x", "angle": 22.5 },
    "faces": {
        "down":  { "uv": [ 7.5, 13, 8, 13 ], "rotation": 90, "texture": "#gray_concrete" },
        "up":    { "uv": [ 8.5, 13, 9, 13 ], "rotation": 180, "texture": "#gray_concrete" },
        "north": { "uv": [ 7.5, 13, 8, 13 ], "rotation": 90, "texture": "#gray_concrete" },
        "south": { "uv": [ 7.5, 13, 8, 13 ], "rotation": 90, "texture": "#gray_concrete" },
        "west":  { "uv": [ 7.5, 13, 8, 13 ], "rotation": 90, "texture": "#gray_concrete" },
        "east":  { "uv": [ 7.5, 13, 8, 13 ], "rotation": 90, "texture": "#gray_concrete" }
    }
},
{
    "from": [ 6.3125, 7.375, 2.25 ],
    "to": [ 13.8125, 7.875, 16.25 ],
    "rotation": { "origin": [ 6.3125, 7.875, 2.25 ], "axis": "x", "angle": 22.5 },
    "faces": {
        "down":  { "uv": [ 0, 0, 16, 16 ], "texture": "#gray_concrete" },
        "up":    { "uv": [ 6.5, 10.5, 9.5, 16 ], "texture": "#texture" },
        "north": { "uv": [ 0, 0, 16, 16 ], "texture": "#gray_concrete" },
        "south": { "uv": [ 0, 0, 16, 16 ], "texture": "#gray_concrete" },
        "west":  { "uv": [ 0, 0, 16, 16 ], "texture": "#gray_concrete" },
        "east":  { "uv": [ 0, 0, 16, 16 ], "texture": "#gray_concrete" }
    }
},
{
    "from": [ 2.5, 7, 3.25 ],
    "to": [ 5.5, 9, 6.75 ],
    "rotation": { "origin": [ 2.5, 9, 3.25 ], "axis": "x", "angle": 22.5 },
    "faces": {
        "down":  { "uv": [ 7.5, 13, 8, 13 ], "rotation": 90, "texture": "#gray_concrete" },
        "up":    { "uv": [ 8.5, 13, 9, 13 ], "rotation": 180, "texture": "#gray_concrete" },
        "north": { "uv": [ 7.5, 13, 8, 13 ], "rotation": 90, "texture": "#gray_concrete" },
        "south": { "uv": [ 7.5, 13, 8, 13 ], "rotation": 90, "texture": "#gray_concrete" },
        "west":  { "uv": [ 7.5, 13, 8, 13 ], "rotation": 90, "texture": "#gray_concrete" },
        "east":  { "uv": [ 7.5, 13, 8, 13 ], "rotation": 90, "texture": "#gray_concrete" }
    }
},
{
    "from": [ 2.375, 7.375, 2.5 ],
    "to": [ 5.625, 7.4375, 16.1875 ],
    "rotation": { "origin": [ 2.375, 7.4375, 2.5 ], "axis": "x", "angle": 22.5 },
    "faces": {
        "down":  { "uv": [ 0, 0, 16, 16 ], "rotation": 90, "texture": "#particle" },
        "up":    { "uv": [ 0, 0, 16, 16 ], "rotation": 180, "texture": "#particle" }
    }
},
{
    "from": [ 2.5, 6.6875, 6.4375 ],
    "to": [ 5.5, 7.6875, 12.9375 ],
    "rotation": { "origin": [ 2.5, 7.6875, 6.4375 ], "axis": "x", "angle": 22.5 },
    "faces": {
        "down":  { "uv": [ 7.5, 13, 8, 13 ], "rotation": 90, "texture": "#gray_concrete" },
        "up":    { "uv": [ 8.5, 13, 9, 13 ], "rotation": 180, "texture": "#gray_concrete" },
        "north": { "uv": [ 7.5, 13, 8, 13 ], "rotation": 90, "texture": "#gray_concrete" },
        "south": { "uv": [ 7.5, 13, 8, 13 ], "rotation": 90, "texture": "#gray_concrete" },
        "west":  { "uv": [ 7.5, 13, 8, 13 ], "rotation": 90, "texture": "#gray_concrete" },
        "east":  { "uv": [ 7.5, 13, 8, 13 ], "rotation": 90, "texture": "#gray_concrete" }
    }
},
{
    "from": [ 2.5, 3.1875, 12.4375 ],
    "to": [ 5.5, 5.1875, 15.9375 ],
    "rotation": { "origin": [ 2.5, 5.1875, 12.4375 ], "axis": "x", "angle": 22.5 },
    "faces": {
        "down":  { "uv": [ 7.5, 13, 8, 13 ], "rotation": 90, "texture": "#gray_concrete" },
        "up":    { "uv": [ 8.5, 13, 9, 13 ], "rotation": 180, "texture": "#gray_concrete" },
        "north": { "uv": [ 7.5, 13, 8, 13 ], "rotation": 90, "texture": "#gray_concrete" },
        "south": { "uv": [ 7.5, 13, 8, 13 ], "rotation": 90, "texture": "#gray_concrete" },
        "west":  { "uv": [ 7.5, 13, 8, 13 ], "rotation": 90, "texture": "#gray_concrete" },
        "east":  { "uv": [ 7.5, 13, 8, 13 ], "rotation": 90, "texture": "#gray_concrete" }
    }
},
{
    "from": [ 3, 0, 3 ],
    "to": [ 13, 5, 8 ],
    "faces": {
        "down":  { "uv": [ 7.5, 13, 8, 13 ], "rotation": 90, "texture": "#gray_concrete" },
        "up":    { "uv": [ 8.5, 13, 9, 13 ], "rotation": 180, "texture": "#gray_concrete" },
        "north": { "uv": [ 7.5, 13, 8, 13 ], "rotation": 90, "texture": "#gray_concrete" },
        "south": { "uv": [ 7.5, 13, 8, 13 ], "rotation": 90, "texture": "#gray_concrete" },
        "west":  { "uv": [ 7.5, 13, 8, 13 ], "rotation": 90, "texture": "#gray_concrete" },
        "east":  { "uv": [ 7.5, 13, 8, 13 ], "rotation": 90, "texture": "#gray_concrete" }
    }
},
{
    "from": [ 2, 5.75, 1.4375 ],
    "to": [ 14, 6.75, 15.4375 ],
    "rotation": { "origin": [ 2, 6.75, 1.4375 ], "axis": "x", "angle": 22.5 },
    "faces": {
        "down":  { "uv": [ 7.5, 13, 8, 13 ], "rotation": 90, "texture": "#gray_concrete" },
        "up":    { "uv": [ 8.5, 13, 9, 13 ], "rotation": 180, "texture": "#gray_concrete" },
        "north": { "uv": [ 7.5, 13, 8, 13 ], "rotation": 90, "texture": "#gray_concrete" },
        "south": { "uv": [ 7.5, 13, 8, 13 ], "rotation": 90, "texture": "#gray_concrete" },
        "west":  { "uv": [ 7.5, 13, 8, 13 ], "rotation": 90, "texture": "#gray_concrete" },
        "east":  { "uv": [ 7.5, 13, 8, 13 ], "rotation": 90, "texture": "#gray_concrete" }
    }
},
{
    "from": [ 3, 0, 8 ],
    "to": [ 13, 3, 13 ],
    "faces": {
        "down":  { "uv": [ 7.5, 13, 8, 13 ], "rotation": 90, "texture": "#gray_concrete" },
        "up":    { "uv": [ 8.5, 13, 9, 13 ], "rotation": 180, "texture": "#gray_concrete" },
        "north": { "uv": [ 7.5, 13, 8, 13 ], "rotation": 90, "texture": "#gray_concrete" },
        "south": { "uv": [ 7.5, 13, 8, 13 ], "rotation": 90, "texture": "#gray_concrete" },
        "west":  { "uv": [ 7.5, 13, 8, 13 ], "rotation": 90, "texture": "#gray_concrete" },
        "east":  { "uv": [ 7.5, 13, 8, 13 ], "rotation": 90, "texture": "#gray_concrete" }
    }
}
],
"display": {
    "head": {
        "rotation": [ 0, 0, 0 ],
        "translation": [ 0, -36.5, 0 ],
        "scale": [ 0.8, 0.8, 0.8 ]
    }
}
}