{
"__comment": "Designed by 27box",
"textures": {
    "particle": "block/extra/mail",
    "texture": "block/extra/loaqr",
    "mushroom_stem": "block/mushroom_stem"
},
"elements": [ 
{
    "from": [ 11, 0.0625, 11 ],
    "to": [ 17, 0.125, 17 ],
    "faces": {
        "up":    { "uv": [ 0.5, 0.5, 7.5, 7.5 ], "texture": "#texture" }
    }
},
{
    "from": [ -1.5, 0, 0 ],
    "to": [ 10, 0.5, 15 ],
    "faces": {
        "down":  { "uv": [ 5, 12.5, 6, 13.5 ], "texture": "#particle" },
        "up":    { "uv": [ 1, 0, 15, 16 ], "texture": "#particle" },
        "north": { "uv": [ 2.5, 12.5, 13.5, 13 ], "texture": "#particle" },
        "south": { "uv": [ 3, 12, 14, 12.5 ], "texture": "#particle" },
        "west":  { "uv": [ 0.5, 13, 15.5, 13.5 ], "texture": "#particle" },
        "east":  { "uv": [ 0.5, 11, 15.5, 11.5 ], "texture": "#particle" }
    }
},
{
    "from": [ 6.5625, 0, 2.5625 ],
    "to": [ 17.5625, 0.0625, 17.5625 ],
    "faces": {
        "down":  { "uv": [ 5, 6, 6, 7 ], "texture": "#mushroom_stem" },
        "up":    { "uv": [ 5, 6, 6, 7 ], "texture": "#mushroom_stem" },
        "north": { "uv": [ 5, 6, 6, 7 ], "texture": "#mushroom_stem" },
        "south": { "uv": [ 5, 6, 6, 7 ], "texture": "#mushroom_stem" },
        "west":  { "uv": [ 5, 6, 6, 7 ], "texture": "#mushroom_stem" },
        "east":  { "uv": [ 5, 6, 6, 7 ], "texture": "#mushroom_stem" }
    }
},
{
    "from": [ 3, -0.0625, 1.5 ],
    "to": [ 14, 0, 16.5 ],
    "rotation": { "origin": [ 3, -0.0625, 1.5 ], "axis": "y", "angle": -22.5 },
    "faces": {
        "down":  { "uv": [ 2, 9, 3, 10 ], "texture": "#mushroom_stem" },
        "up":    { "uv": [ 2, 9, 3, 10 ], "texture": "#mushroom_stem" },
        "north": { "uv": [ 2, 9.5, 3, 10.5 ], "texture": "#mushroom_stem" },
        "south": { "uv": [ 2, 8.5, 3, 9.5 ], "texture": "#mushroom_stem" },
        "west":  { "uv": [ 2, 9, 3, 10 ], "texture": "#mushroom_stem" },
        "east":  { "uv": [ 2, 8.5, 3, 9.5 ], "texture": "#mushroom_stem" }
    }
},
{
    "from": [ -0.375, 0.0625, -0.8125 ],
    "to": [ 10.625, 0.125, 14.1875 ],
    "rotation": { "origin": [ -0.375, 0.0625, -0.8125 ], "axis": "y", "angle": 22.5 },
    "faces": {
        "down":  { "uv": [ 2, 9, 3, 10 ], "texture": "#mushroom_stem" },
        "up":    { "uv": [ 2, 9, 3, 10 ], "texture": "#mushroom_stem" },
        "north": { "uv": [ 2, 9, 3, 10 ], "texture": "#mushroom_stem" },
        "south": { "uv": [ 2, 9, 3, 10 ], "texture": "#mushroom_stem" },
        "west":  { "uv": [ 2, 9, 3, 10 ], "texture": "#mushroom_stem" },
        "east":  { "uv": [ 2, 9, 3, 10 ], "texture": "#mushroom_stem" }
    }
}
],
"display": {
    "head": {
        "rotation": [ 0, 0, 0 ],
        "translation": [ 0, -35, 0 ],
        "scale": [ 1, 1, 1 ]
    }
}
}