{
"__comment": "Designed by 27box",
"textures": {
    "particle": "block/black_concrete",
    "metal_0": "block/extra/metal_0",
    "texture": "block/white_concrete"
},
"elements": [ 
{
    "from": [ -4.5, 16.5, 8.1875 ],
    "to": [ 20.5, 18, 9.1875 ],
    "faces": {
        "down":  { "uv": [ 3, 1, 0, 0 ], "texture": "#metal_0" },
        "up":    { "uv": [ 0, 0, 4, 1.5 ], "texture": "#metal_0" },
        "north": { "uv": [ 0, 0, 8, 8 ], "texture": "#metal_0" },
        "south": { "uv": [ 0, 0, 8, 8 ], "texture": "#metal_0" },
        "west":  { "uv": [ 0, 0, 8, 8 ], "texture": "#metal_0" },
        "east":  { "uv": [ 0, 0, 8, 8 ], "texture": "#metal_0" }
    }
},
{
    "from": [ -3.5, -1, 8.6875 ],
    "to": [ 19.5, 15, 9.1875 ],
    "faces": {
        "down":  { "uv": [ 16, 9.1875, 0, 8.6875 ], "texture": "#texture" },
        "up":    { "uv": [ 0, 8.6875, 16, 9.1875 ], "texture": "#texture" },
        "north": { "uv": [ 0, 1, 16, 16 ], "texture": "#texture" },
        "south": { "uv": [ 0, 1, 16, 16 ], "texture": "#texture" },
        "west":  { "uv": [ 8.6875, 1, 9.1875, 16 ], "texture": "#texture" },
        "east":  { "uv": [ 6.8125, 1, 7.3125, 16 ], "texture": "#texture" }
    }
},
{
    "from": [ -4, -1.5, 8.6875 ],
    "to": [ -3.5, 16.5, 9.1875 ],
    "faces": {
        "down":  { "uv": [ 0, 0, 16, 16 ], "texture": "#particle" },
        "up":    { "uv": [ 0, 0, 16, 16 ], "texture": "#particle" },
        "north": { "uv": [ 0, 0, 16, 16 ], "texture": "#particle" },
        "south": { "uv": [ 0, 0, 16, 16 ], "texture": "#particle" },
        "west":  { "uv": [ 0, 0, 16, 16 ], "texture": "#particle" },
        "east":  { "uv": [ 0, 0, 16, 16 ], "texture": "#particle" }
    }
},
{
    "from": [ 19.5, -1.5, 8.6875 ],
    "to": [ 20, 16.5, 9.1875 ],
    "faces": {
        "down":  { "uv": [ 0, 0, 16, 16 ], "texture": "#particle" },
        "up":    { "uv": [ 0, 0, 16, 16 ], "texture": "#particle" },
        "north": { "uv": [ 0, 0, 16, 16 ], "texture": "#particle" },
        "south": { "uv": [ 0, 0, 16, 16 ], "texture": "#particle" },
        "west":  { "uv": [ 0, 0, 16, 16 ], "texture": "#particle" },
        "east":  { "uv": [ 0, 0, 16, 16 ], "texture": "#particle" }
    }
},
{
    "from": [ -3.5, -1.5, 8.6875 ],
    "to": [ 19.5, -1, 9.1875 ],
    "faces": {
        "down":  { "uv": [ 0, 0, 16, 16 ], "texture": "#particle" },
        "up":    { "uv": [ 0, 0, 16, 16 ], "texture": "#particle" },
        "north": { "uv": [ 0, 0, 16, 16 ], "texture": "#particle" },
        "south": { "uv": [ 0, 0, 16, 16 ], "texture": "#particle" },
        "west":  { "uv": [ 0, 0, 16, 16 ], "texture": "#particle" },
        "east":  { "uv": [ 0, 0, 16, 16 ], "texture": "#particle" }
    }
},
{
    "from": [ -3.5, 15, 8.6875 ],
    "to": [ 19.5, 16.5, 9.1875 ],
    "faces": {
        "down":  { "uv": [ 0, 0, 16, 16 ], "texture": "#particle" },
        "up":    { "uv": [ 0, 0, 16, 16 ], "texture": "#particle" },
        "north": { "uv": [ 0, 0, 16, 16 ], "texture": "#particle" },
        "south": { "uv": [ 0, 0, 16, 16 ], "texture": "#particle" },
        "west":  { "uv": [ 0, 0, 16, 16 ], "texture": "#particle" },
        "east":  { "uv": [ 0, 0, 16, 16 ], "texture": "#particle" }
    }
},
{
    "from": [ -4.5, -2, 8.6875 ],
    "to": [ 20.5, -1.5, 9.1875 ],
    "faces": {
        "down":  { "uv": [ 3, 1, 0, 0 ], "texture": "#metal_0" },
        "up":    { "uv": [ 0, 0, 4, 1.5 ], "texture": "#metal_0" },
        "north": { "uv": [ 0, 0, 8, 8 ], "texture": "#metal_0" },
        "south": { "uv": [ 0, 0, 8, 8 ], "texture": "#metal_0" },
        "west":  { "uv": [ 0, 0, 8, 8 ], "texture": "#metal_0" },
        "east":  { "uv": [ 0, 0, 8, 8 ], "texture": "#metal_0" }
    }
}
],
"display": {
    "head": {
        "rotation": [ 0, 0, 0 ],
        "translation": [ 0, -10, 8.5 ],
        "scale": [ 6, 6, 3 ]
    }
}
}