{
"__comment": "Designed by 27box",
"textures": {
    "particle": "block/extra/metal_0",
    "texture": "block/extra/phone"
},
"elements": [ 
{
    "from": [ 1, 6, 8.5 ],
    "to": [ 15, 11, 9 ],
    "faces": {
        "down":  { "uv": [ 1.5, 12.5, 3, 14 ], "texture": "#texture" },
        "up":    { "uv": [ 0.5, 12.5, 2, 14 ], "texture": "#texture" },
        "north": { "uv": [ 0, 11.5, 13.5, 16 ], "texture": "#texture" },
        "south": { "uv": [ 0, 11.5, 13.5, 16 ], "texture": "#texture" },
        "west":  { "uv": [ 1, 12.5, 2, 14 ], "texture": "#texture" },
        "east":  { "uv": [ 1, 12.5, 2.5, 14 ], "texture": "#texture" }
    }
},
{
    "from": [ 1, 11, 8.5 ],
    "to": [ 15, 12, 9 ],
    "faces": {
        "down":  { "uv": [ 0, 0, 8, 8 ], "texture": "#particle" },
        "up":    { "uv": [ 0, 0, 8, 8 ], "texture": "#particle" },
        "north": { "uv": [ 0, 0, 8, 8 ], "texture": "#particle" },
        "south": { "uv": [ 0, 0, 8, 8 ], "texture": "#particle" },
        "west":  { "uv": [ 0, 0, 8, 8 ], "texture": "#particle" },
        "east":  { "uv": [ 0, 0, 8, 8 ], "texture": "#particle" }
    }
}
],
"display": {
    "head": {
        "rotation": [ 0, 0, 0 ],
        "translation": [ 0, -12, 11.5 ],
        "scale": [ 1.5, 1.5, 1.5 ]
    }
}
}