{
"__comment": "Designed by 27box",
"textures": {
    "particle": "block/black_concrete_powder",
    "texture": "block/extra/phone"
},
"elements": [ 
{
    "from": [ 0, 0, 0.5 ],
    "to": [ 16, 1, 13.5 ],
    "faces": {
        "down":  { "uv": [ 9.5, 2.5, 9, 2.5 ], "texture": "#texture" },
        "up":    { "uv": [ 9, 2.5, 9.5, 2.5 ], "rotation": 90, "texture": "#texture" },
        "north": { "uv": [ 5, 2, 13.5, 3 ], "texture": "#texture" },
        "south": { "uv": [ 9, 2.5, 9.5, 2.5 ], "rotation": 90, "texture": "#texture" },
        "west":  { "uv": [ 9, 2.5, 9.5, 2.5 ], "rotation": 90, "texture": "#texture" },
        "east":  { "uv": [ 9, 2.5, 9.5, 2.5 ], "rotation": 90, "texture": "#texture" }
    }
}
],
"display": {
    "head": {
        "rotation": [ 0, 0, 0 ],
        "translation": [ 0, -31, 0 ],
        "scale": [ 1.3, 1.5, 1.5 ]
    }
}
}