{
"__comment": "Designed by 27box",
"textures": {
    "particle": "block/extra/loa",
    "texture": "block/extra/opc",
    "metal_0": "block/extra/metal_0",
    "gray_concrete": "block/gray_concrete",
    "black_concrete": "block/black_concrete"
},
"elements": [ 
{
    "from": [ 0, -2.125, 0 ],
    "to": [ 16, 2.875, 16 ],
    "faces": {
        "down":  { "uv": [ 0, 0, 8, 8 ], "texture": "#texture" },
        "up":    { "uv": [ 0, 0, 8, 3.5 ], "texture": "#texture" },
        "north": { "uv": [ 0, 0, 8, 8 ], "texture": "#texture" },
        "south": { "uv": [ 0, 0, 8, 8 ], "texture": "#texture" },
        "west":  { "uv": [ 0, 0, 8, 8 ], "texture": "#texture" },
        "east":  { "uv": [ 0, 0, 8, 8 ], "texture": "#texture" }
    }
},
{
    "from": [ 0, 10.25, 0 ],
    "to": [ 16, 13.25, 16 ],
    "faces": {
        "down":  { "uv": [ 0, 0, 8, 8 ], "texture": "#texture" },
        "up":    { "uv": [ 0, 0, 8, 3.5 ], "texture": "#texture" },
        "north": { "uv": [ 0, 0, 8, 8 ], "texture": "#texture" },
        "south": { "uv": [ 0, 0, 8, 8 ], "texture": "#texture" },
        "west":  { "uv": [ 0, 0, 8, 8 ], "texture": "#texture" },
        "east":  { "uv": [ 0, 0, 8, 8 ], "texture": "#texture" }
    }
},
{
    "from": [ 0, 3, 0 ],
    "to": [ 16, 7, 16 ],
    "faces": {
        "down":  { "uv": [ 0, 0, 8, 8 ], "texture": "#texture" },
        "up":    { "uv": [ 0, 0, 8, 3.5 ], "texture": "#texture" },
        "north": { "uv": [ 0, 0, 8, 8 ], "texture": "#texture" },
        "south": { "uv": [ 0, 0, 8, 8 ], "texture": "#texture" },
        "west":  { "uv": [ 0, 0, 8, 8 ], "texture": "#texture" },
        "east":  { "uv": [ 0, 0, 8, 8 ], "texture": "#texture" }
    }
},
{
    "from": [ 0, 7.125, 0 ],
    "to": [ 16, 10.125, 16 ],
    "faces": {
        "down":  { "uv": [ 0, 0, 8, 8 ], "texture": "#texture" },
        "up":    { "uv": [ 0, 0, 8, 3.5 ], "texture": "#texture" },
        "north": { "uv": [ 0, 0, 8, 8 ], "texture": "#texture" },
        "south": { "uv": [ 0, 0, 8, 8 ], "texture": "#texture" },
        "west":  { "uv": [ 0, 0, 8, 8 ], "texture": "#texture" },
        "east":  { "uv": [ 0, 0, 8, 8 ], "texture": "#texture" }
    }
},
{
    "from": [ 0, 13.1875, 0 ],
    "to": [ 3.5, 17.6875, 16 ],
    "faces": {
        "down":  { "uv": [ 0, 0, 8, 8 ], "texture": "#texture" },
        "up":    { "uv": [ 0, 0, 8, 3.5 ], "texture": "#texture" },
        "north": { "uv": [ 0, 0, 8, 8 ], "texture": "#texture" },
        "south": { "uv": [ 0, 0, 8, 8 ], "texture": "#texture" },
        "west":  { "uv": [ 0, 0, 8, 8 ], "texture": "#texture" },
        "east":  { "uv": [ 0, 0, 8, 8 ], "texture": "#texture" }
    }
},
{
    "from": [ 0, 18, 0 ],
    "to": [ 16, 19.3125, 2 ],
    "faces": {
        "down":  { "uv": [ 0, 0, 8, 8 ], "texture": "#texture" },
        "up":    { "uv": [ 0, 9.5, 0.5, 10 ], "texture": "#particle" },
        "north": { "uv": [ 0, 0, 8, 8 ], "texture": "#texture" },
        "south": { "uv": [ 0, 0, 8, 8 ], "texture": "#texture" },
        "west":  { "uv": [ 0, 0, 8, 8 ], "texture": "#texture" },
        "east":  { "uv": [ 0, 0, 8, 8 ], "texture": "#texture" }
    }
},
{
    "from": [ -0.0625, 19.625, 15.125 ],
    "to": [ 16.0625, 19.875, 17.375 ],
    "rotation": { "origin": [ -0.0625, 19.875, 15.125 ], "axis": "x", "angle": 45 },
    "faces": {
        "down":  { "uv": [ 0, 9.5, 0.5, 10 ], "texture": "#particle" },
        "up":    { "uv": [ 0, 9, 3, 16 ], "rotation": 270, "texture": "#particle" },
        "north": { "uv": [ 0, 9.5, 0.5, 10 ], "texture": "#particle" },
        "south": { "uv": [ 0, 9.5, 0.5, 10 ], "texture": "#particle" },
        "west":  { "uv": [ 0, 9.5, 0.5, 10 ], "texture": "#particle" },
        "east":  { "uv": [ 0, 9.5, 0.5, 10 ], "texture": "#particle" }
    }
},
{
    "from": [ 2.9375, 10.875, 0 ],
    "to": [ 8.9375, 12.375, 16 ],
    "rotation": { "origin": [ 2.9375, 12.375, 0 ], "axis": "z", "angle": 22.5 },
    "faces": {
        "down":  { "uv": [ 0, 0, 8, 8 ], "texture": "#texture" },
        "up":    { "uv": [ 0, 0, 8, 3.5 ], "texture": "#texture" },
        "north": { "uv": [ 0, 0, 8, 8 ], "texture": "#texture" },
        "south": { "uv": [ 0, 0, 8, 8 ], "texture": "#texture" },
        "west":  { "uv": [ 0, 0, 8, 8 ], "texture": "#texture" },
        "east":  { "uv": [ 0, 0, 8, 8 ], "texture": "#texture" }
    }
},
{
    "from": [ 3.5, 12.5, 0 ],
    "to": [ 16, 17.5, 7 ],
    "faces": {
        "down":  { "uv": [ 0, 0, 8, 8 ], "texture": "#texture" },
        "up":    { "uv": [ 0, 0, 8, 3.5 ], "texture": "#texture" },
        "north": { "uv": [ 0, 0, 8, 8 ], "texture": "#texture" },
        "south": { "uv": [ 0, 0, 8, 8 ], "texture": "#texture" },
        "west":  { "uv": [ 0, 0, 8, 8 ], "texture": "#texture" },
        "east":  { "uv": [ 0, 0, 8, 8 ], "texture": "#texture" }
    }
},
{
    "from": [ 2, 16.5, 0.5 ],
    "to": [ 15.5, 17, 15.5 ],
    "faces": {
        "down":  { "uv": [ 0, 0, 8, 3 ], "texture": "#metal_0" },
        "up":    { "uv": [ 0, 0, 8, 3.5 ], "texture": "#metal_0" },
        "north": { "uv": [ 0, 0, 8, 5 ], "texture": "#metal_0" },
        "south": { "uv": [ 0, 0, 7.5, 4 ], "texture": "#metal_0" },
        "west":  { "uv": [ 0, 0, 8, 4.5 ], "texture": "#metal_0" },
        "east":  { "uv": [ 0, 0, 8, 4.5 ], "texture": "#metal_0" }
    }
},
{
    "from": [ 0, 7.1875, 16 ],
    "to": [ 16, 9.625, 16.3125 ],
    "faces": {
        "down":  { "uv": [ 0, 0, 8, 8 ], "texture": "#texture" },
        "up":    { "uv": [ 0, 0, 8, 3.5 ], "texture": "#texture" },
        "north": { "uv": [ 0, 0, 8, 8 ], "texture": "#texture" },
        "south": { "uv": [ 0, 0, 8, 8 ], "texture": "#texture" },
        "west":  { "uv": [ 0, 0, 8, 8 ], "texture": "#texture" },
        "east":  { "uv": [ 0, 0, 8, 8 ], "texture": "#texture" }
    }
},
{
    "from": [ 0, 3, 16 ],
    "to": [ 16, 6.5, 16.3125 ],
    "faces": {
        "down":  { "uv": [ 0, 0, 8, 8 ], "texture": "#texture" },
        "up":    { "uv": [ 0, 0, 8, 3.5 ], "texture": "#texture" },
        "north": { "uv": [ 0, 0, 8, 8 ], "texture": "#texture" },
        "south": { "uv": [ 0, 0, 8, 8 ], "texture": "#texture" },
        "west":  { "uv": [ 0, 0, 8, 8 ], "texture": "#texture" },
        "east":  { "uv": [ 0, 0, 8, 8 ], "texture": "#texture" }
    }
},
{
    "from": [ 0, -2.125, 16 ],
    "to": [ 16, 2.5, 16.3125 ],
    "faces": {
        "down":  { "uv": [ 0, 0, 8, 8 ], "texture": "#texture" },
        "up":    { "uv": [ 0, 0, 8, 3.5 ], "texture": "#texture" },
        "north": { "uv": [ 0, 0, 8, 8 ], "texture": "#texture" },
        "south": { "uv": [ 0, 0, 8, 8 ], "texture": "#texture" },
        "west":  { "uv": [ 0, 0, 8, 8 ], "texture": "#texture" },
        "east":  { "uv": [ 0, 0, 8, 8 ], "texture": "#texture" }
    }
},
{
    "from": [ 8.5, 13.1875, 0 ],
    "to": [ 16, 14.6875, 16 ],
    "faces": {
        "down":  { "uv": [ 0, 0, 8, 8 ], "texture": "#texture" },
        "up":    { "uv": [ 0, 0, 8, 3.5 ], "texture": "#texture" },
        "north": { "uv": [ 0, 0, 8, 8 ], "texture": "#texture" },
        "south": { "uv": [ 0, 0, 8, 8 ], "texture": "#texture" },
        "west":  { "uv": [ 0, 0, 8, 8 ], "texture": "#texture" },
        "east":  { "uv": [ 0, 0, 8, 8 ], "texture": "#texture" }
    }
},
{
    "from": [ 3, 14, 9 ],
    "to": [ 5, 14.5, 10 ],
    "rotation": { "origin": [ 3, 14.5, 9 ], "axis": "z", "angle": -45 },
    "faces": {
        "down":  { "uv": [ 0, 0, 8, 8 ], "texture": "#texture" },
        "up":    { "uv": [ 0, 0, 8, 3.5 ], "texture": "#texture" },
        "north": { "uv": [ 0, 0, 8, 8 ], "texture": "#texture" },
        "south": { "uv": [ 0, 0, 8, 8 ], "texture": "#texture" },
        "west":  { "uv": [ 0, 0, 8, 8 ], "texture": "#texture" },
        "east":  { "uv": [ 0, 0, 8, 8 ], "texture": "#texture" }
    }
},
{
    "from": [ 3, 14, 12 ],
    "to": [ 5, 14.5, 13 ],
    "rotation": { "origin": [ 3, 14.5, 12 ], "axis": "z", "angle": -45 },
    "faces": {
        "down":  { "uv": [ 0, 0, 8, 8 ], "texture": "#texture" },
        "up":    { "uv": [ 0, 0, 8, 3.5 ], "texture": "#texture" },
        "north": { "uv": [ 0, 0, 8, 8 ], "texture": "#texture" },
        "south": { "uv": [ 0, 0, 8, 8 ], "texture": "#texture" },
        "west":  { "uv": [ 0, 0, 8, 8 ], "texture": "#texture" },
        "east":  { "uv": [ 0, 0, 8, 8 ], "texture": "#texture" }
    }
},
{
    "from": [ 0, 19, 0 ],
    "to": [ 9.5, 20, 14.6875 ],
    "faces": {
        "down":  { "uv": [ 0, 0, 8, 8 ], "texture": "#texture" },
        "up":    { "uv": [ 0, 0, 8, 3.5 ], "texture": "#texture" },
        "north": { "uv": [ 0, 0, 8, 8 ], "texture": "#texture" },
        "south": { "uv": [ 0, 0, 8, 8 ], "texture": "#texture" },
        "west":  { "uv": [ 0, 0, 8, 8 ], "texture": "#texture" },
        "east":  { "uv": [ 0, 0, 8, 8 ], "texture": "#texture" }
    }
},
{
    "from": [ 9.625, 18.875, 2 ],
    "to": [ 14.625, 19.125, 14 ],
    "rotation": { "origin": [ 9.625, 19.125, 2 ], "axis": "z", "angle": 22.5 },
    "faces": {
        "down":  { "uv": [ 0, 0, 8, 8 ], "texture": "#gray_concrete" },
        "up":    { "uv": [ 0, 0, 8, 3.5 ], "texture": "#gray_concrete" },
        "north": { "uv": [ 0, 0, 8, 8 ], "texture": "#gray_concrete" },
        "south": { "uv": [ 0, 0, 8, 8 ], "texture": "#gray_concrete" },
        "west":  { "uv": [ 0, 0, 8, 8 ], "texture": "#gray_concrete" },
        "east":  { "uv": [ 0, 0, 8, 8 ], "texture": "#gray_concrete" }
    }
},
{
    "from": [ 0.0625, 17, 0 ],
    "to": [ 16, 18, 16 ],
    "faces": {
        "down":  { "uv": [ 0, 0, 8, 8 ], "texture": "#texture" },
        "up":    { "uv": [ 8, 7.5, 8.5, 8 ], "texture": "#metal_0" },
        "north": { "uv": [ 0, 0, 8, 8 ], "texture": "#texture" },
        "south": { "uv": [ 0, 0, 8, 8 ], "texture": "#texture" },
        "west":  { "uv": [ 0, 0, 8, 8 ], "texture": "#texture" },
        "east":  { "uv": [ 0, 0, 8, 8 ], "texture": "#texture" }
    }
},
{
    "from": [ 10.5, 16.75, 2 ],
    "to": [ 14.5, 17.75, 14 ],
    "rotation": { "origin": [ 10.5, 17.75, 2 ], "axis": "z", "angle": 22.5 },
    "faces": {
        "down":  { "uv": [ 0, 0, 8, 8 ], "texture": "#texture" },
        "up":    { "uv": [ 8, 7.5, 8.5, 8 ], "texture": "#metal_0" },
        "north": { "uv": [ 0, 0, 8, 8 ], "texture": "#texture" },
        "south": { "uv": [ 0, 0, 8, 8 ], "texture": "#texture" },
        "west":  { "uv": [ 0, 0, 8, 8 ], "texture": "#texture" },
        "east":  { "uv": [ 0, 0, 8, 8 ], "texture": "#texture" }
    }
},
{
    "from": [ 14.1875, 18.3125, 2 ],
    "to": [ 16, 19.3125, 14 ],
    "faces": {
        "down":  { "uv": [ 0, 0, 8, 8 ], "texture": "#texture" },
        "up":    { "uv": [ 0, 9.5, 0.5, 10 ], "texture": "#particle" },
        "north": { "uv": [ 0, 9.5, 0.5, 10 ], "texture": "#particle" },
        "south": { "uv": [ 0, 9.5, 0.5, 10 ], "texture": "#particle" },
        "west":  { "uv": [ 0, 9.5, 0.5, 10 ], "texture": "#particle" },
        "east":  { "uv": [ 0, 5, 0.5, 5.5 ], "texture": "#texture" }
    }
},
{
    "from": [ 9.5625, 19.125, 2 ],
    "to": [ 9.625, 19.625, 14 ],
    "faces": {
        "west":  { "uv": [ 0, 0, 8, 8 ], "texture": "#black_concrete" },
        "east":  { "uv": [ 0, 0, 8, 8 ], "texture": "#black_concrete" }
    }
},
{
    "from": [ 0, 18.125, 2 ],
    "to": [ 0.5, 19.625, 14 ],
    "faces": {
        "down":  { "uv": [ 0, 0, 8, 8 ], "texture": "#texture" },
        "up":    { "uv": [ 0, 0, 8, 3.5 ], "texture": "#texture" },
        "north": { "uv": [ 0, 0, 8, 8 ], "texture": "#texture" },
        "south": { "uv": [ 0, 0, 8, 8 ], "texture": "#texture" },
        "west":  { "uv": [ 0, 0, 8, 8 ], "texture": "#texture" },
        "east":  { "uv": [ 0, 0, 8, 8 ], "texture": "#texture" }
    }
},
{
    "from": [ -5.8125, 13.4375, 2.125 ],
    "to": [ 0.6875, 13.8125, 13.875 ],
    "rotation": { "origin": [ -5.8125, 13.8125, 2.125 ], "axis": "z", "angle": -22.5 },
    "faces": {
        "down":  { "uv": [ 0, 0, 8, 8 ], "texture": "#texture" },
        "up":    { "uv": [ 0, 0, 8, 3.5 ], "texture": "#texture" },
        "north": { "uv": [ 0, 0, 8, 8 ], "texture": "#texture" },
        "south": { "uv": [ 0, 0, 8, 8 ], "texture": "#texture" },
        "west":  { "uv": [ 0, 0, 8, 8 ], "texture": "#texture" },
        "east":  { "uv": [ 0, 0, 8, 8 ], "texture": "#texture" }
    }
},
{
    "from": [ -0.0625, 10.9375, 2 ],
    "to": [ 0, 11.9375, 14 ],
    "faces": {
        "west":  { "uv": [ 0, 0, 8, 8 ], "texture": "#black_concrete" },
        "east":  { "uv": [ 0, 0, 8, 8 ], "texture": "#black_concrete" }
    }
},
{
    "from": [ 0.0625, -2, 0.0625 ],
    "to": [ 15.9375, 10.5, 15.875 ],
    "faces": {
        "down":  { "uv": [ 0, 0, 8, 8 ], "texture": "#black_concrete" },
        "up":    { "uv": [ 0, 0, 8, 3.5 ], "texture": "#black_concrete" },
        "north": { "uv": [ 0, 0, 8, 8 ], "texture": "#black_concrete" },
        "south": { "uv": [ 0, 0, 8, 8 ], "texture": "#black_concrete" },
        "west":  { "uv": [ 0, 0, 8, 8 ], "texture": "#black_concrete" },
        "east":  { "uv": [ 0, 0, 8, 8 ], "texture": "#black_concrete" }
    }
},
{
    "from": [ 0, 17.9375, 14 ],
    "to": [ 16, 19.3125, 15.5 ],
    "faces": {
        "down":  { "uv": [ 0, 0, 8, 8 ], "texture": "#texture" },
        "up":    { "uv": [ 0, 9.5, 0.5, 10 ], "texture": "#particle" },
        "north": { "uv": [ 0, 0, 8, 8 ], "texture": "#texture" },
        "south": { "uv": [ 0, 0, 8, 8 ], "texture": "#texture" },
        "west":  { "uv": [ 0, 0, 8, 8 ], "texture": "#texture" },
        "east":  { "uv": [ 0, 0, 8, 8 ], "texture": "#texture" }
    }
},
{
    "from": [ 0, 19, 14.6875 ],
    "to": [ 9.5, 20, 16.1875 ],
    "rotation": { "origin": [ 0, 20, 14.6875 ], "axis": "x", "angle": 45 },
    "faces": {
        "down":  { "uv": [ 0, 0, 8, 8 ], "texture": "#texture" },
        "up":    { "uv": [ 0, 9.5, 0.5, 10 ], "texture": "#texture" },
        "north": { "uv": [ 0, 0, 8, 8 ], "texture": "#texture" },
        "south": { "uv": [ 0, 0, 8, 8 ], "texture": "#texture" },
        "west":  { "uv": [ 0, 0, 8, 8 ], "texture": "#texture" },
        "east":  { "uv": [ 0, 0, 8, 8 ], "texture": "#texture" }
    }
},
{
    "from": [ 0, 17.9375, 15.5 ],
    "to": [ 16, 18.9375, 16 ],
    "faces": {
        "down":  { "uv": [ 0, 0, 8, 8 ], "texture": "#texture" },
        "up":    { "uv": [ 0, 9.5, 0.5, 10 ], "texture": "#particle" },
        "north": { "uv": [ 0, 0, 8, 8 ], "texture": "#texture" },
        "south": { "uv": [ 0, 0, 8, 8 ], "texture": "#texture" },
        "west":  { "uv": [ 0, 0, 8, 8 ], "texture": "#texture" },
        "east":  { "uv": [ 0, 0, 8, 8 ], "texture": "#texture" }
    }
},
{
    "from": [ 15.5, 18.5, 15.0625 ],
    "to": [ 16, 19, 15.5625 ],
    "rotation": { "origin": [ 15.5, 19, 15.0625 ], "axis": "x", "angle": -45 },
    "faces": {
        "down":  { "uv": [ 0, 0, 8, 8 ], "texture": "#texture" },
        "up":    { "uv": [ 0, 9.5, 0.5, 10 ], "texture": "#particle" },
        "north": { "uv": [ 0, 0, 8, 8 ], "texture": "#texture" },
        "south": { "uv": [ 0, 0, 8, 8 ], "texture": "#texture" },
        "west":  { "uv": [ 0, 0, 8, 8 ], "texture": "#texture" },
        "east":  { "uv": [ 0, 0, 8, 8 ], "texture": "#texture" }
    }
},
{
    "from": [ 0, 17.8125, 15.8125 ],
    "to": [ 16, 18.8125, 16.8125 ],
    "rotation": { "origin": [ 0, 18.8125, 15.8125 ], "axis": "x", "angle": 45 },
    "faces": {
        "down":  { "uv": [ 0, 0, 8, 8 ], "texture": "#texture" },
        "up":    { "uv": [ 0, 9.5, 0.5, 10 ], "texture": "#particle" },
        "north": { "uv": [ 0, 0, 8, 8 ], "texture": "#texture" },
        "south": { "uv": [ 0, 0, 8, 8 ], "texture": "#texture" },
        "west":  { "uv": [ 0, 0, 8, 8 ], "texture": "#texture" },
        "east":  { "uv": [ 0, 0, 8, 8 ], "texture": "#texture" }
    }
}
],
"display": {
    "head": {
        "rotation": [ 0, 0, 0 ],
        "translation": [ 0, -26, 0 ],
        "scale": [ 1.6, 1.7, 1.5 ]
    }
}
}