{
	"__comment": "Designed by Ounceabgm with BDcraft Cubik PRO 1.00 for MC1.8 - http://bdcraft.net",
	"textures": {
		"texture": "block/extra/metal_0"
	},
	"elements": [
		{
			"from": [ 3, 0, 0 ],
			"to": [ 13, 1, 16 ],
			"faces": {
				"down": { "uv": [ 0, 0, 8, 4 ], "texture": "#texture" },
				"up": { "uv": [ 0, 0, 8, 7.5 ], "texture": "#texture" },
				"north": { "uv": [ 0, 0, 8, 4 ], "texture": "#texture" },
				"south": { "uv": [ 0, 0, 8, 4 ], "texture": "#texture" },
				"west": { "uv": [ 0, 0, 8, 4 ], "texture": "#texture" },
				"east": { "uv": [ 0, 0, 8, 4 ], "texture": "#texture" }
			}
		},
		{
			"from": [ 0, 0, 3 ],
			"to": [ 16, 1, 13 ],
			"faces": {
				"down": { "uv": [ 0, 0.5, 8, 3 ], "texture": "#texture" },
				"up": { "uv": [ 0, 1, 8, 6.5 ], "texture": "#texture" },
				"north": { "uv": [ 0, 0, 8, 4 ], "texture": "#texture" },
				"south": { "uv": [ 0, 0, 8, 4 ], "texture": "#texture" },
				"west": { "uv": [ 0, 0, 8, 4 ], "texture": "#texture" },
				"east": { "uv": [ 0, 0, 8, 4 ], "texture": "#texture" }
			}
		},
		{
			"from": [ 0, 0, 3 ],
			"to": [ 4.25, 1, 6.0625 ],
			"rotation": { "origin": [ 0, 0, 3 ], "axis": "y", "angle": 45 },
			"faces": {
				"down": { "uv": [ 0, 1.5, 8, 3 ], "texture": "#texture", "rotation": 180 },
				"up": { "uv": [ 0, 0.5, 8, 2 ], "texture": "#texture" },
				"north": { "uv": [ 0, 0, 8, 4 ], "texture": "#texture" },
				"south": { "uv": [ 0, 0, 8, 4 ], "texture": "#texture" },
				"west": { "uv": [ 0, 0, 8, 4 ], "texture": "#texture" },
				"east": { "uv": [ 0, 0, 8, 4 ], "texture": "#texture" }
			}
		},
		{
			"from": [ 10.875, 0, 13.875 ],
			"to": [ 15.125, 1, 16.9375 ],
			"rotation": { "origin": [ 10.875, 0, 13.875 ], "axis": "y", "angle": 45 },
			"faces": {
				"down": { "uv": [ 0, 0.5, 8, 2 ], "texture": "#texture" },
				"up": { "uv": [ 0, 7, 7.5, 5.5 ], "texture": "#texture", "rotation": 270 },
				"north": { "uv": [ 0, 0, 8, 4 ], "texture": "#texture" },
				"south": { "uv": [ 0, 0, 8, 4 ], "texture": "#texture" },
				"west": { "uv": [ 0, 0, 8, 4 ], "texture": "#texture" },
				"east": { "uv": [ 0, 0, 8, 4 ], "texture": "#texture" }
			}
		},
		{
			"from": [ 13, 0, 0 ],
			"to": [ 17.25, 1, 3.0625 ],
			"rotation": { "origin": [ 13, 0, 0 ], "axis": "y", "angle": -45 },
			"faces": {
				"down": { "uv": [ 0, 1, 8, 2.5 ], "texture": "#texture" },
				"up": { "uv": [ 0, 0.5, 8, 2 ], "texture": "#texture" },
				"north": { "uv": [ 0, 0, 8, 4 ], "texture": "#texture" },
				"south": { "uv": [ 0, 0, 8, 4 ], "texture": "#texture" },
				"west": { "uv": [ 0, 0, 8, 4 ], "texture": "#texture" },
				"east": { "uv": [ 0, 0, 8, 4 ], "texture": "#texture" }
			}
		},
		{
			"from": [ 2.1875, 0, 10.8125 ],
			"to": [ 6.4375, 1, 13.875 ],
			"rotation": { "origin": [ 2.1875, 0, 10.8125 ], "axis": "y", "angle": -45 },
			"faces": {
				"down": { "uv": [ 0, 1, 8, 3 ], "texture": "#texture" },
				"up": { "uv": [ 0, 6.5, 8, 7.5 ], "texture": "#texture" },
				"north": { "uv": [ 0, 0, 8, 4 ], "texture": "#texture" },
				"south": { "uv": [ 0, 0, 8, 4 ], "texture": "#texture" },
				"west": { "uv": [ 0, 0, 8, 4 ], "texture": "#texture" },
				"east": { "uv": [ 0, 0, 8, 4 ], "texture": "#texture" }
			}
		},
		{
			"from": [ 6.5, 0.5, 5.5625 ],
			"to": [ 9.6875, 6.5, 10.5625 ],
			"faces": {
				"down": { "uv": [ 3.1875, 5, 5.5, 2 ], "texture": "#texture" },
				"up": { "uv": [ 0, 4, 8, 8 ], "texture": "#texture" },
				"north": { "uv": [ 0, 0, 8, 4 ], "texture": "#texture" },
				"south": { "uv": [ 0, 0, 8, 4 ], "texture": "#texture" },
				"west": { "uv": [ 0, 0, 8, 4 ], "texture": "#texture" },
				"east": { "uv": [ 0, 0, 8, 4 ], "texture": "#texture" }
			}
		},
		{
			"from": [ 5, 0.5, 11 ],
			"to": [ 11, 5.5, 13 ],
			"faces": {
				"down": { "uv": [ 0, 0, 8, 2.5 ], "texture": "#texture" },
				"up": { "uv": [ 0, 0, 8, 2 ], "texture": "#texture", "rotation": 180 },
				"north": { "uv": [ 8, 8, 12, 16 ], "texture": "#texture" },
				"south": { "uv": [ 8, 8, 12, 16 ], "texture": "#texture" },
				"west": { "uv": [ 11, 10.5, 13, 15.5 ], "texture": "#texture" },
				"east": { "uv": [ 5, 9.5, 7, 14.5 ], "texture": "#texture" }
			}
		},
		{
			"from": [ 5, 0.5, 3 ],
			"to": [ 11, 5.5, 5 ],
			"faces": {
				"down": { "uv": [ 0, 4.5, 8, 8 ], "texture": "#texture" },
				"up": { "uv": [ 0, 6, 8, 8 ], "texture": "#texture", "rotation": 180 },
				"north": { "uv": [ 8, 8, 12, 16 ], "texture": "#texture" },
				"south": { "uv": [ 8, 8, 12, 16 ], "texture": "#texture" },
				"west": { "uv": [ 11, 10, 13, 15 ], "texture": "#texture" },
				"east": { "uv": [ 11, 10.5, 13, 15.5 ], "texture": "#texture" }
			}
		},
		{
			"from": [ 3, 0.5, 5 ],
			"to": [ 5, 5.5, 11 ],
			"faces": {
				"down": { "uv": [ 0, 2, 8, 5.5 ], "texture": "#texture" },
				"up": { "uv": [ 0, 2, 8, 5.5 ], "texture": "#texture", "rotation": 180 },
				"north": { "uv": [ 11, 10.5, 13, 15.5 ], "texture": "#texture" },
				"south": { "uv": [ 12, 10, 14, 15 ], "texture": "#texture" },
				"west": { "uv": [ 8, 8, 12, 16 ], "texture": "#texture" },
				"east": { "uv": [ 8, 8, 12, 16 ], "texture": "#texture" }
			}
		},
		{
			"from": [ 11, 0.5, 5 ],
			"to": [ 13, 5.5, 11 ],
			"faces": {
				"down": { "uv": [ 0, 2, 8, 5.5 ], "texture": "#texture" },
				"up": { "uv": [ 0, 2, 8, 6 ], "texture": "#texture", "rotation": 180 },
				"north": { "uv": [ 11.5, 9.5, 13.5, 14.5 ], "texture": "#texture" },
				"south": { "uv": [ 11, 10.5, 13, 15.5 ], "texture": "#texture" },
				"west": { "uv": [ 8, 8, 12, 16 ], "texture": "#texture" },
				"east": { "uv": [ 8, 8, 12, 16 ], "texture": "#texture" }
			}
		},
		{
			"from": [ 5.0625, 0.5, 3 ],
			"to": [ 7.375, 5.5, 5.9375 ],
			"rotation": { "origin": [ 5.0625, 0.5, 3 ], "axis": "y", "angle": -45 },
			"faces": {
				"down": { "uv": [ 0, 4.5, 8, 6.5 ], "texture": "#texture" },
				"up": { "uv": [ 4, 5, 6.3125, 7.9375 ], "texture": "#texture", "rotation": 180 },
				"north": { "uv": [ 8.625, 10.5, 10.9375, 15.5 ], "texture": "#texture" },
				"south": { "uv": [ 11, 9, 13.3125, 14 ], "texture": "#texture" },
				"west": { "uv": [ 12, 8, 16, 16 ], "texture": "#texture" },
				"east": { "uv": [ 10.0625, 10.5, 13, 15.5 ], "texture": "#texture" }
			}
		},
		{
			"from": [ 11.4375, 0.5, 9.3125 ],
			"to": [ 13.75, 5.5, 12.25 ],
			"rotation": { "origin": [ 11.4375, 0.5, 9.3125 ], "axis": "y", "angle": -45 },
			"faces": {
				"down": { "uv": [ 0, 1.5, 8, 3 ], "texture": "#texture" },
				"up": { "uv": [ 3.5, 0, 5.8125, 2.9375 ], "texture": "#texture", "rotation": 180 },
				"north": { "uv": [ 12, 9.5, 14.3125, 14.5 ], "texture": "#texture" },
				"south": { "uv": [ 11.4375, 10.5, 13.75, 15.5 ], "texture": "#texture" },
				"west": { "uv": [ 12, 8, 16, 16 ], "texture": "#texture" },
				"east": { "uv": [ 12, 8, 16, 16 ], "texture": "#texture" }
			}
		},
		{
			"from": [ 3, 0.5, 10.9375 ],
			"to": [ 5.3125, 5.5, 13.875 ],
			"rotation": { "origin": [ 3, 0.5, 10.9375 ], "axis": "y", "angle": 45 },
			"faces": {
				"down": { "uv": [ 0, 1, 8, 2.5 ], "texture": "#texture" },
				"up": { "uv": [ 4, 0, 6.3125, 2.9375 ], "texture": "#texture", "rotation": 180 },
				"north": { "uv": [ 10.6875, 10.5, 13, 15.5 ], "texture": "#texture" },
				"south": { "uv": [ 13.6875, 10, 16, 15 ], "texture": "#texture" },
				"west": { "uv": [ 12, 8, 16, 16 ], "texture": "#texture" },
				"east": { "uv": [ 12, 8, 16, 16 ], "texture": "#texture" }
			}
		},
		{
			"from": [ 9.3125, 0.5, 4.625 ],
			"to": [ 11.625, 5.5, 7.5625 ],
			"rotation": { "origin": [ 9.3125, 0.5, 4.625 ], "axis": "y", "angle": 45 },
			"faces": {
				"down": { "uv": [ 0, 4.5, 8, 6.5 ], "texture": "#texture" },
				"up": { "uv": [ 0, 5, 8, 7.5 ], "texture": "#texture", "rotation": 180 },
				"north": { "uv": [ 11, 9.5, 13.3125, 14.5 ], "texture": "#texture" },
				"south": { "uv": [ 12, 8, 16, 16 ], "texture": "#texture" },
				"west": { "uv": [ 12, 8, 16, 16 ], "texture": "#texture" },
				"east": { "uv": [ 12, 8, 16, 16 ], "texture": "#texture" }
			}
		},
		{
			"from": [ 5.5, 0.5, 13 ],
			"to": [ 10.5, 3.5, 14.5 ],
			"faces": {
				"down": { "uv": [ 10.5, 14.5, 5.5, 13 ], "texture": "#texture" },
				"up": { "uv": [ 0, 4, 8, 8 ], "texture": "#texture" },
				"north": { "uv": [ 5.5, 12.5, 10.5, 15.5 ], "texture": "#texture" },
				"south": { "uv": [ 0, 4, 8, 8 ], "texture": "#texture" },
				"west": { "uv": [ 0, 4, 8, 8 ], "texture": "#texture" },
				"east": { "uv": [ 0, 4, 8, 8 ], "texture": "#texture" }
			}
		},
		{
			"from": [ 5.5, 0.5, 1.5 ],
			"to": [ 10.5, 3.5, 3 ],
			"faces": {
				"down": { "uv": [ 10.5, 3, 5.5, 1.5 ], "texture": "#texture" },
				"up": { "uv": [ 0, 4, 8, 8 ], "texture": "#texture" },
				"north": { "uv": [ 0, 4, 8, 8 ], "texture": "#texture" },
				"south": { "uv": [ 5.5, 12.5, 10.5, 15.5 ], "texture": "#texture" },
				"west": { "uv": [ 0, 4, 8, 8 ], "texture": "#texture" },
				"east": { "uv": [ 0, 4, 8, 8 ], "texture": "#texture" }
			}
		},
		{
			"from": [ 1.5, 0.5, 5.5 ],
			"to": [ 3, 3.5, 10.5 ],
			"faces": {
				"down": { "uv": [ 14.5, 10.5, 13, 5.5 ], "texture": "#texture" },
				"up": { "uv": [ 0, 4, 8, 8 ], "texture": "#texture", "rotation": 90 },
				"north": { "uv": [ 0, 0, 8, 4 ], "texture": "#texture" },
				"south": { "uv": [ 0, 0, 8, 4 ], "texture": "#texture" },
				"west": { "uv": [ 0, 0, 8, 4 ], "texture": "#texture" },
				"east": { "uv": [ 5.5, 12.5, 10.5, 15.5 ], "texture": "#texture" }
			}
		},
		{
			"from": [ 13, 0.5, 5.5 ],
			"to": [ 14.5, 3.5, 10.5 ],
			"faces": {
				"down": { "uv": [ 3, 10.5, 1.5, 5.5 ], "texture": "#texture" },
				"up": { "uv": [ 0, 4, 8, 8 ], "texture": "#texture", "rotation": 270 },
				"north": { "uv": [ 0, 4, 8, 8 ], "texture": "#texture" },
				"south": { "uv": [ 0, 4, 8, 8 ], "texture": "#texture" },
				"west": { "uv": [ 5.5, 12.5, 10.5, 15.5 ], "texture": "#texture" },
				"east": { "uv": [ 0, 4, 8, 8 ], "texture": "#texture" }
			}
		},
		{
			"from": [ 2.5, 0.5, 9.5 ],
			"to": [ 8.5, 2, 10.5 ],
			"rotation": { "origin": [ 2.5, 0.5, 9.5 ], "axis": "y", "angle": -45 },
			"faces": {
				"down": { "uv": [ 13.5, 10.5, 7.5, 9.5 ], "texture": "#texture" },
				"up": { "uv": [ 0, 4.5, 8, 8 ], "texture": "#texture" },
				"north": { "uv": [ 7.5, 14, 13.5, 15.5 ], "texture": "#texture" },
				"south": { "uv": [ 0, 0, 8, 4 ], "texture": "#texture" },
				"west": { "uv": [ 9.5, 14, 10.5, 15.5 ], "texture": "#texture" },
				"east": { "uv": [ 5.5, 14, 6.5, 15.5 ], "texture": "#texture" }
			}
		},
		{
			"from": [ 10.0625, 0.5, 1.6875 ],
			"to": [ 16.0625, 2, 2.6875 ],
			"rotation": { "origin": [ 10.0625, 0.5, 1.6875 ], "axis": "y", "angle": -45 },
			"faces": {
				"down": { "uv": [ 5.9375, 2.6875, 0, 1.6875 ], "texture": "#texture" },
				"up": { "uv": [ 0, 4, 8, 8 ], "texture": "#texture" },
				"north": { "uv": [ 0, 4, 8, 8 ], "texture": "#texture" },
				"south": { "uv": [ 10.0625, 14, 16, 15.5 ], "texture": "#texture" },
				"west": { "uv": [ 1.6875, 14, 2.6875, 15.5 ], "texture": "#texture" },
				"east": { "uv": [ 13.3125, 14, 14.3125, 15.5 ], "texture": "#texture" }
			}
		},
		{
			"from": [ 9.5, 0.5, 13.625 ],
			"to": [ 15.5, 2, 14.625 ],
			"rotation": { "origin": [ 9.5, 0.5, 13.625 ], "axis": "y", "angle": 45 },
			"faces": {
				"down": { "uv": [ 6.5, 14.625, 0.5, 13.625 ], "texture": "#texture" },
				"up": { "uv": [ 0, 4, 8, 8 ], "texture": "#texture" },
				"north": { "uv": [ 0.5, 14, 6.5, 15.5 ], "texture": "#texture" },
				"south": { "uv": [ 0, 4, 8, 8 ], "texture": "#texture" },
				"west": { "uv": [ 13.625, 14, 14.625, 15.5 ], "texture": "#texture" },
				"east": { "uv": [ 1.375, 14, 2.375, 15.5 ], "texture": "#texture" }
			}
		},
		{
			"from": [ 1.875, 0.5, 5.875 ],
			"to": [ 7.875, 2, 6.875 ],
			"rotation": { "origin": [ 1.875, 0.5, 5.875 ], "axis": "y", "angle": 45 },
			"faces": {
				"down": { "uv": [ 14.125, 6.875, 8.125, 5.875 ], "texture": "#texture" },
				"up": { "uv": [ 1.875, 5.875, 7.875, 6.875 ], "texture": "#texture" },
				"north": { "uv": [ 12, 8, 16, 9.5 ], "texture": "#texture" },
				"south": { "uv": [ 1.875, 14, 7.875, 15.5 ], "texture": "#texture" },
				"west": { "uv": [ 0, 0, 8, 4 ], "texture": "#texture" },
				"east": { "uv": [ 9.125, 14, 10.125, 15.5 ], "texture": "#texture" }
			}
		},
		{
			"from": [ 3.0625, 0.5, 2 ],
			"to": [ 6.0625, 1.5, 3.5 ],
			"rotation": { "origin": [ 3.0625, 0.5, 2 ], "axis": "y", "angle": -45 },
			"faces": {
				"down": { "uv": [ 12.9375, 3.5, 9.9375, 2 ], "texture": "#texture" },
				"up": { "uv": [ 0, 4, 8, 8 ], "texture": "#texture" },
				"north": { "uv": [ 0, 4, 8, 8 ], "texture": "#texture" },
				"south": { "uv": [ 0, 4, 8, 8 ], "texture": "#texture" },
				"west": { "uv": [ 0, 4, 8, 8 ], "texture": "#texture" },
				"east": { "uv": [ 0, 4, 8, 8 ], "texture": "#texture" }
			}
		},
		{
			"from": [ 12, 0.5, 11 ],
			"to": [ 15, 1.5, 12.5 ],
			"rotation": { "origin": [ 12, 0.5, 11 ], "axis": "y", "angle": -45 },
			"faces": {
				"down": { "uv": [ 5, 6, 2, 4.5 ], "texture": "#texture" },
				"up": { "uv": [ 0, 4, 8, 8 ], "texture": "#texture" },
				"north": { "uv": [ 0, 4, 8, 8 ], "texture": "#texture" },
				"south": { "uv": [ 0, 4, 8, 8 ], "texture": "#texture" },
				"west": { "uv": [ 0, 4, 8, 8 ], "texture": "#texture" },
				"east": { "uv": [ 0, 4, 8, 8 ], "texture": "#texture" }
			}
		},
		{
			"from": [ 11, 0.5, 4 ],
			"to": [ 14, 1.5, 5.5 ],
			"rotation": { "origin": [ 11, 0.5, 4 ], "axis": "y", "angle": 45 },
			"faces": {
				"down": { "uv": [ 5, 4.5, 2, 3 ], "texture": "#texture" },
				"up": { "uv": [ 0, 4, 8, 8 ], "texture": "#texture" },
				"north": { "uv": [ 0, 4, 8, 8 ], "texture": "#texture" },
				"south": { "uv": [ 0, 4, 8, 8 ], "texture": "#texture" },
				"west": { "uv": [ 0, 4, 8, 8 ], "texture": "#texture" },
				"east": { "uv": [ 0, 4, 8, 8 ], "texture": "#texture" }
			}
		},
		{
			"from": [ 2, 0.5, 13 ],
			"to": [ 5, 1.5, 14.5 ],
			"rotation": { "origin": [ 2, 0.5, 13 ], "axis": "y", "angle": 45 },
			"faces": {
				"down": { "uv": [ 4.5, 6.5, 1.5, 5 ], "texture": "#texture" },
				"up": { "uv": [ 0, 4, 8, 8 ], "texture": "#texture" },
				"north": { "uv": [ 0, 4, 8, 8 ], "texture": "#texture" },
				"south": { "uv": [ 0, 4, 8, 8 ], "texture": "#texture" },
				"west": { "uv": [ 0, 4, 8, 8 ], "texture": "#texture" },
				"east": { "uv": [ 0, 4, 8, 8 ], "texture": "#texture" }
			}
		},
		{
			"from": [ 3.6875, 5, 11.5625 ],
			"to": [ 6.9375, 6, 12.875 ],
			"rotation": { "origin": [ 3.6875, 5, 11.5625 ], "axis": "y", "angle": 45 },
			"faces": {
				"down": { "uv": [ 0, 4, 8, 8 ], "texture": "#texture" },
				"up": { "uv": [ 0, 4, 8, 8 ], "texture": "#texture" },
				"north": { "uv": [ 0, 4, 8, 8 ], "texture": "#texture" },
				"south": { "uv": [ 0, 4, 8, 8 ], "texture": "#texture" },
				"west": { "uv": [ 0, 4, 8, 8 ], "texture": "#texture" },
				"east": { "uv": [ 0, 4, 8, 8 ], "texture": "#texture" }
			}
		},
		{
			"from": [ 9.1875, 5, 5.875 ],
			"to": [ 12.4375, 6, 7.1875 ],
			"rotation": { "origin": [ 9.1875, 5, 5.875 ], "axis": "y", "angle": 45 },
			"faces": {
				"down": { "uv": [ 0, 4, 8, 8 ], "texture": "#texture" },
				"up": { "uv": [ 0, 4, 8, 8 ], "texture": "#texture" },
				"north": { "uv": [ 0, 4, 8, 8 ], "texture": "#texture" },
				"south": { "uv": [ 0, 4, 8, 8 ], "texture": "#texture" },
				"west": { "uv": [ 0, 4, 8, 8 ], "texture": "#texture" },
				"east": { "uv": [ 0, 4, 8, 8 ], "texture": "#texture" }
			}
		},
		{
			"from": [ 10.4375, 5, 9.5625 ],
			"to": [ 13.0625, 6, 10.875 ],
			"rotation": { "origin": [ 10.4375, 5, 9.5625 ], "axis": "y", "angle": -45 },
			"faces": {
				"down": { "uv": [ 0, 4, 8, 8 ], "texture": "#texture" },
				"up": { "uv": [ 0, 4, 8, 8 ], "texture": "#texture" },
				"north": { "uv": [ 0, 4, 8, 8 ], "texture": "#texture" },
				"south": { "uv": [ 0, 4, 8, 8 ], "texture": "#texture" },
				"west": { "uv": [ 0, 4, 8, 8 ], "texture": "#texture" },
				"east": { "uv": [ 0, 4, 8, 8 ], "texture": "#texture" }
			}
		},
		{
			"from": [ 4.8694, 5, 3.8074 ],
			"to": [ 7.8694, 6, 5.0574 ],
			"rotation": { "origin": [ 4.8125, 5, 3.6875 ], "axis": "y", "angle": -45 },
			"faces": {
				"down": { "uv": [ 0, 4, 8, 8 ], "texture": "#texture" },
				"up": { "uv": [ 0, 4, 8, 8 ], "texture": "#texture" },
				"north": { "uv": [ 0, 4, 8, 8 ], "texture": "#texture" },
				"south": { "uv": [ 0, 4, 8, 8 ], "texture": "#texture" },
				"west": { "uv": [ 0, 4, 8, 8 ], "texture": "#texture" },
				"east": { "uv": [ 0, 4, 8, 8 ], "texture": "#texture" }
			}
		},
		{
			"from": [ 2.9375, 5, 7.125 ],
			"to": [ 6.0625, 6, 8.5625 ],
			"faces": {
				"down": { "uv": [ 0, 4, 8, 8 ], "texture": "#texture" },
				"up": { "uv": [ 0, 4, 8, 8 ], "texture": "#texture" },
				"north": { "uv": [ 0, 4, 8, 8 ], "texture": "#texture" },
				"south": { "uv": [ 0, 4, 8, 8 ], "texture": "#texture" },
				"west": { "uv": [ 0, 4, 8, 8 ], "texture": "#texture" },
				"east": { "uv": [ 0, 3.5, 8, 8 ], "texture": "#texture" }
			}
		},
		{
			"from": [ 10.4375, 5, 7.4375 ],
			"to": [ 12.875, 6, 8.8125 ],
			"faces": {
				"down": { "uv": [ 0, 4, 8, 8 ], "texture": "#texture" },
				"up": { "uv": [ 0, 4, 8, 8 ], "texture": "#texture" },
				"north": { "uv": [ 0, 4, 8, 8 ], "texture": "#texture" },
				"south": { "uv": [ 0, 4, 8, 8 ], "texture": "#texture" },
				"west": { "uv": [ 0, 4, 8, 8 ], "texture": "#texture" },
				"east": { "uv": [ 0, 4, 8, 8 ], "texture": "#texture" }
			}
		},
		{
			"from": [ 7.5, 5, 10.5 ],
			"to": [ 8.75, 6, 12.75 ],
			"faces": {
				"down": { "uv": [ 0, 4, 8, 8 ], "texture": "#texture" },
				"up": { "uv": [ 0, 4, 8, 8 ], "texture": "#texture" },
				"north": { "uv": [ 0, 4, 8, 8 ], "texture": "#texture" },
				"south": { "uv": [ 0, 4, 8, 8 ], "texture": "#texture" },
				"west": { "uv": [ 0, 4, 8, 8 ], "texture": "#texture" },
				"east": { "uv": [ 0, 4, 8, 8 ], "texture": "#texture" }
			}
		},
		{
			"from": [ 7.4375, 5, 3.375 ],
			"to": [ 8.75, 6, 5.8125 ],
			"faces": {
				"down": { "uv": [ 0, 4, 8, 8 ], "texture": "#texture" },
				"up": { "uv": [ 0, 4, 8, 8 ], "texture": "#texture" },
				"north": { "uv": [ 0, 4, 8, 8 ], "texture": "#texture" },
				"south": { "uv": [ 0, 4, 8, 8 ], "texture": "#texture" },
				"west": { "uv": [ 0, 4, 8, 8 ], "texture": "#texture" },
				"east": { "uv": [ 0, 4, 8, 8 ], "texture": "#texture" }
			}
		},
		{
			"from": [ 7.5, 0.9375, 12.6875 ],
			"to": [ 8.75, 6, 13.6875 ],
			"faces": {
				"down": { "uv": [ 0, 4, 8, 8 ], "texture": "#texture" },
				"up": { "uv": [ 0, 6.5, 8, 8 ], "texture": "#texture" },
				"north": { "uv": [ 0, 4, 8, 8 ], "texture": "#texture" },
				"south": { "uv": [ 0, 4, 8, 8 ], "texture": "#texture" },
				"west": { "uv": [ 0, 4, 8, 8 ], "texture": "#texture" },
				"east": { "uv": [ 0, 4, 8, 8 ], "texture": "#texture" }
			}
		},
		{
			"from": [ 7.4375, 0.9375, 2.5 ],
			"to": [ 8.6875, 6, 3.5 ],
			"faces": {
				"down": { "uv": [ 0, 4, 8, 8 ], "texture": "#texture" },
				"up": { "uv": [ 0, 6.5, 8, 8 ], "texture": "#texture" },
				"north": { "uv": [ 0, 4, 8, 8 ], "texture": "#texture" },
				"south": { "uv": [ 0, 4, 8, 8 ], "texture": "#texture" },
				"west": { "uv": [ 0, 4, 8, 8 ], "texture": "#texture" },
				"east": { "uv": [ 0, 4, 8, 8 ], "texture": "#texture" }
			}
		},
		{
			"from": [ 12.5, 0.9375, 7.4375 ],
			"to": [ 13.5625, 6, 8.75 ],
			"faces": {
				"down": { "uv": [ 0, 4, 8, 8 ], "texture": "#texture" },
				"up": { "uv": [ 0, 4, 8, 8 ], "texture": "#texture" },
				"north": { "uv": [ 0, 4, 8, 8 ], "texture": "#texture" },
				"south": { "uv": [ 0, 4, 8, 8 ], "texture": "#texture" },
				"west": { "uv": [ 0, 4, 8, 8 ], "texture": "#texture" },
				"east": { "uv": [ 0, 4, 8, 8 ], "texture": "#texture" }
			}
		},
		{
			"from": [ 2.375, 0.9375, 7.1875 ],
			"to": [ 3.4375, 6, 8.5 ],
			"faces": {
				"down": { "uv": [ 0, 4, 8, 8 ], "texture": "#texture" },
				"up": { "uv": [ 0, 4, 8, 8 ], "texture": "#texture" },
				"north": { "uv": [ 0, 4, 8, 8 ], "texture": "#texture" },
				"south": { "uv": [ 0, 4, 8, 8 ], "texture": "#texture" },
				"west": { "uv": [ 0, 4, 8, 8 ], "texture": "#texture" },
				"east": { "uv": [ 0, 4, 8, 8 ], "texture": "#texture" }
			}
		},
		{
			"from": [ 3.1875, 0.9375, 12 ],
			"to": [ 4.25, 6, 13.3125 ],
			"rotation": { "origin": [ 3.1875, 0.9375, 12 ], "axis": "y", "angle": 45 },
			"faces": {
				"down": { "uv": [ 0, 4, 8, 8 ], "texture": "#texture" },
				"up": { "uv": [ 0, 4, 8, 8 ], "texture": "#texture" },
				"north": { "uv": [ 0, 4, 8, 8 ], "texture": "#texture" },
				"south": { "uv": [ 0, 4, 8, 8 ], "texture": "#texture" },
				"west": { "uv": [ 0, 4, 8, 8 ], "texture": "#texture" },
				"east": { "uv": [ 0, 4, 8, 8 ], "texture": "#texture" }
			}
		},
		{
			"from": [ 11.1875, 0.9375, 3.875 ],
			"to": [ 12.25, 6, 5.1875 ],
			"rotation": { "origin": [ 11.1875, 0.9375, 3.875 ], "axis": "y", "angle": 45 },
			"faces": {
				"down": { "uv": [ 0, 4, 8, 8 ], "texture": "#texture" },
				"up": { "uv": [ 0, 4, 8, 8 ], "texture": "#texture" },
				"north": { "uv": [ 0, 4, 8, 8 ], "texture": "#texture" },
				"south": { "uv": [ 0, 4, 8, 8 ], "texture": "#texture" },
				"west": { "uv": [ 0, 4, 8, 8 ], "texture": "#texture" },
				"east": { "uv": [ 0, 4, 8, 8 ], "texture": "#texture" }
			}
		},
		{
			"from": [ 3.1875, 0.9375, 4 ],
			"to": [ 4.4375, 6, 5 ],
			"rotation": { "origin": [ 3.1875, 0.9375, 4 ], "axis": "y", "angle": 45 },
			"faces": {
				"down": { "uv": [ 0, 4, 8, 8 ], "texture": "#texture" },
				"up": { "uv": [ 0, 4, 8, 8 ], "texture": "#texture", "rotation": 90 },
				"north": { "uv": [ 0, 4, 8, 8 ], "texture": "#texture" },
				"south": { "uv": [ 0, 4, 8, 8 ], "texture": "#texture" },
				"west": { "uv": [ 0, 4, 8, 8 ], "texture": "#texture" },
				"east": { "uv": [ 0, 4, 8, 8 ], "texture": "#texture" }
			}
		},
		{
			"from": [ 12, 0.9375, 11.125 ],
			"to": [ 13.0625, 6, 12.4375 ],
			"rotation": { "origin": [ 12, 0.9375, 11.125 ], "axis": "y", "angle": -45 },
			"faces": {
				"down": { "uv": [ 4, 12.4375, 2.9375, 11.125 ], "texture": "#texture" },
				"up": { "uv": [ 0, 4, 8, 8 ], "texture": "#texture" },
				"north": { "uv": [ 0, 4, 8, 8 ], "texture": "#texture" },
				"south": { "uv": [ 0, 4, 8, 8 ], "texture": "#texture" },
				"west": { "uv": [ 0, 4, 8, 8 ], "texture": "#texture" },
				"east": { "uv": [ 0, 4, 8, 8 ], "texture": "#texture" }
			}
		},
		{
			"from": [ 4.5, 21.5, 0.5 ],
			"to": [ 11.5, 22.5, 15.5 ],
			"faces": {
				"down": { "uv": [ 0, 4, 8, 8 ], "texture": "#texture" },
				"up": { "uv": [ 0, 0, 8, 4 ], "texture": "#texture" },
				"north": { "uv": [ 0, 0, 8, 8 ], "texture": "#texture" },
				"south": { "uv": [ 0, 0, 8, 8 ], "texture": "#texture" },
				"west": { "uv": [ 0, 0, 8, 8 ], "texture": "#texture" },
				"east": { "uv": [ 0, 0, 8, 8 ], "texture": "#texture" }
			}
		},
		{
			"from": [ 5.625, 0.5, 6.4375 ],
			"to": [ 10.5625, 6.5, 9.6875 ],
			"faces": {
				"down": { "uv": [ 6.5, 6, 1.5625, 2.75 ], "texture": "#texture" },
				"up": { "uv": [ 0, 5, 8, 7.5 ], "texture": "#texture" },
				"north": { "uv": [ 0, 0, 8, 8 ], "texture": "#texture" },
				"south": { "uv": [ 0, 0, 8, 8 ], "texture": "#texture" },
				"west": { "uv": [ 0, 0, 8, 8 ], "texture": "#texture" },
				"east": { "uv": [ 0, 0, 8, 8 ], "texture": "#texture" }
			}
		},
		{
			"from": [ 6.375, 0.5, 8.9375 ],
			"to": [ 7.625, 6.5, 10 ],
			"rotation": { "origin": [ 6.375, 0.5, 8.9375 ], "axis": "y", "angle": -45 },
			"faces": {
				"down": { "uv": [ 5, 7.5, 3.75, 6.4375 ], "texture": "#texture" },
				"up": { "uv": [ 1, 6, 2.25, 7.0625 ], "texture": "#texture" },
				"north": { "uv": [ 0, 0, 8, 8 ], "texture": "#texture" },
				"south": { "uv": [ 0, 0, 8, 8 ], "texture": "#texture" },
				"west": { "uv": [ 0, 0, 8, 8 ], "texture": "#texture" },
				"east": { "uv": [ 0, 0, 8, 8 ], "texture": "#texture" }
			}
		},
		{
			"from": [ 5.625, 0.5, 6.4375 ],
			"to": [ 6.875, 6.5, 7.5 ],
			"rotation": { "origin": [ 5.625, 0.5, 6.4375 ], "axis": "y", "angle": 45 },
			"faces": {
				"down": { "uv": [ 5.5, 4, 4.25, 2.9375 ], "texture": "#texture" },
				"up": { "uv": [ 0, 0.5, 8, 1.5 ], "texture": "#texture" },
				"north": { "uv": [ 0, 0, 8, 8 ], "texture": "#texture" },
				"south": { "uv": [ 0, 0, 8, 8 ], "texture": "#texture" },
				"west": { "uv": [ 0, 0, 8, 8 ], "texture": "#texture" },
				"east": { "uv": [ 0, 0, 8, 8 ], "texture": "#texture" }
			}
		},
		{
			"from": [ 9.6875, 0.5, 5.5625 ],
			"to": [ 10.9375, 6.5, 6.625 ],
			"rotation": { "origin": [ 9.6875, 0.5, 5.5625 ], "axis": "y", "angle": -45 },
			"faces": {
				"down": { "uv": [ 6.3125, 6.625, 5.0625, 5.5625 ], "texture": "#texture" },
				"up": { "uv": [ 0, 0.5, 8, 1.5 ], "texture": "#texture" },
				"north": { "uv": [ 0, 0, 8, 8 ], "texture": "#texture" },
				"south": { "uv": [ 0, 0, 8, 8 ], "texture": "#texture" },
				"west": { "uv": [ 0, 0, 8, 8 ], "texture": "#texture" },
				"east": { "uv": [ 0, 0, 8, 8 ], "texture": "#texture" }
			}
		},
		{
			"from": [ 8.9375, 0.5, 9.8125 ],
			"to": [ 10.1875, 6.5, 10.875 ],
			"rotation": { "origin": [ 8.9375, 0.5, 9.8125 ], "axis": "y", "angle": 45 },
			"faces": {
				"down": { "uv": [ 5.5, 6, 4.25, 4.9375 ], "texture": "#texture" },
				"up": { "uv": [ 0, 6.5, 8, 7.5 ], "texture": "#texture" },
				"north": { "uv": [ 0, 0, 8, 8 ], "texture": "#texture" },
				"south": { "uv": [ 0, 0, 8, 8 ], "texture": "#texture" },
				"west": { "uv": [ 0, 0, 8, 8 ], "texture": "#texture" },
				"east": { "uv": [ 0, 0, 8, 8 ], "texture": "#texture" }
			}
		},
		{
			"from": [ 0.5, 21.5, 4.5 ],
			"to": [ 15.5, 22.5, 11.5 ],
			"faces": {
				"down": { "uv": [ 0, 5, 8, 7.5 ], "texture": "#texture" },
				"up": { "uv": [ 0, 1, 8, 3.5 ], "texture": "#texture" },
				"north": { "uv": [ 0, 0, 8, 8 ], "texture": "#texture" },
				"south": { "uv": [ 0, 0, 8, 8 ], "texture": "#texture" },
				"west": { "uv": [ 0, 0, 8, 8 ], "texture": "#texture" },
				"east": { "uv": [ 0, 0, 8, 8 ], "texture": "#texture" }
			}
		},
		{
			"from": [ 4.5625, 21.5, 0.4375 ],
			"to": [ 9.125, 22.5, 6.125 ],
			"rotation": { "origin": [ 4.5625, 21.5, 0.4375 ], "axis": "y", "angle": -45 },
			"faces": {
				"down": { "uv": [ 0, 6, 8, 7.5 ], "texture": "#texture" },
				"up": { "uv": [ 0, 0.5, 8, 1.5 ], "texture": "#texture" },
				"north": { "uv": [ 0, 0, 8, 8 ], "texture": "#texture" },
				"south": { "uv": [ 0, 0, 8, 8 ], "texture": "#texture" },
				"west": { "uv": [ 0, 0, 8, 8 ], "texture": "#texture" },
				"east": { "uv": [ 0, 0, 8, 8 ], "texture": "#texture" }
			}
		},
		{
			"from": [ 13.1875, 21.5, 9 ],
			"to": [ 16.625, 22.5, 14.8125 ],
			"rotation": { "origin": [ 13.1875, 21.5, 9 ], "axis": "y", "angle": -45 },
			"faces": {
				"down": { "uv": [ 0, 4.5, 8, 5.5 ], "texture": "#texture" },
				"up": { "uv": [ 0, 2, 8, 3.5 ], "texture": "#texture" },
				"north": { "uv": [ 0, 0, 8, 8 ], "texture": "#texture" },
				"south": { "uv": [ 0, 0, 8, 8 ], "texture": "#texture" },
				"west": { "uv": [ 0, 0, 8, 8 ], "texture": "#texture" },
				"east": { "uv": [ 0, 0, 8, 8 ], "texture": "#texture" }
			}
		},
		{
			"from": [ 11.5625, 21.5, 0.5 ],
			"to": [ 17.1875, 22.5, 4.75 ],
			"rotation": { "origin": [ 11.5625, 21.5, 0.5 ], "axis": "y", "angle": -45 },
			"faces": {
				"down": { "uv": [ 0, 6, 8, 7.5 ], "texture": "#texture" },
				"up": { "uv": [ 0, 0.5, 8, 1.5 ], "texture": "#texture" },
				"north": { "uv": [ 0, 0, 8, 8 ], "texture": "#texture" },
				"south": { "uv": [ 0, 0, 8, 8 ], "texture": "#texture" },
				"west": { "uv": [ 0, 0, 8, 8 ], "texture": "#texture" },
				"east": { "uv": [ 0, 0, 8, 8 ], "texture": "#texture" }
			}
		},
		{
			"from": [ 3.5, 21.5, 8.4375 ],
			"to": [ 9.125, 22.5, 12.6875 ],
			"rotation": { "origin": [ 3.5, 21.5, 8.4375 ], "axis": "y", "angle": -45 },
			"faces": {
				"down": { "uv": [ 0, 4.5, 8, 5.5 ], "texture": "#texture" },
				"up": { "uv": [ 0, 2, 8, 3.5 ], "texture": "#texture" },
				"north": { "uv": [ 0, 0, 8, 8 ], "texture": "#texture" },
				"south": { "uv": [ 0, 0, 8, 8 ], "texture": "#texture" },
				"west": { "uv": [ 0, 0, 8, 8 ], "texture": "#texture" },
				"east": { "uv": [ 0, 0, 8, 8 ], "texture": "#texture" }
			}
		},
		{
			"from": [ 5.5, 20.5, 1.5 ],
			"to": [ 10.5, 21.5, 4 ],
			"faces": {
				"down": { "uv": [ 0, 4, 8, 8 ], "texture": "#texture" },
				"up": { "uv": [ 0, 4, 8, 8 ], "texture": "#texture" },
				"north": { "uv": [ 0, 0, 8, 8 ], "texture": "#texture" },
				"south": { "uv": [ 0, 0, 8, 8 ], "texture": "#texture" },
				"west": { "uv": [ 0, 0, 8, 8 ], "texture": "#texture" },
				"east": { "uv": [ 0, 0, 8, 8 ], "texture": "#texture" }
			}
		},
		{
			"from": [ 5.5, 20.5, 12 ],
			"to": [ 10.5, 21.5, 14.5 ],
			"faces": {
				"down": { "uv": [ 0, 4, 8, 8 ], "texture": "#texture" },
				"up": { "uv": [ 0, 4, 8, 8 ], "texture": "#texture" },
				"north": { "uv": [ 0, 0, 8, 8 ], "texture": "#texture" },
				"south": { "uv": [ 0, 0, 8, 8 ], "texture": "#texture" },
				"west": { "uv": [ 0, 0, 8, 8 ], "texture": "#texture" },
				"east": { "uv": [ 0, 0, 8, 8 ], "texture": "#texture" }
			}
		},
		{
			"from": [ 1.5, 20.5, 5.5 ],
			"to": [ 4, 21.5, 10.5 ],
			"faces": {
				"down": { "uv": [ 0, 4, 8, 8 ], "texture": "#texture" },
				"up": { "uv": [ 0, 4, 8, 8 ], "texture": "#texture" },
				"north": { "uv": [ 0, 0, 8, 8 ], "texture": "#texture" },
				"south": { "uv": [ 0, 0, 8, 8 ], "texture": "#texture" },
				"west": { "uv": [ 0, 0, 8, 8 ], "texture": "#texture" },
				"east": { "uv": [ 0, 0, 8, 8 ], "texture": "#texture" }
			}
		},
		{
			"from": [ 12, 20.5, 5.5 ],
			"to": [ 14.5, 21.5, 10.5 ],
			"faces": {
				"down": { "uv": [ 0, 4, 8, 8 ], "texture": "#texture" },
				"up": { "uv": [ 0, 4, 8, 8 ], "texture": "#texture" },
				"north": { "uv": [ 0, 0, 8, 8 ], "texture": "#texture" },
				"south": { "uv": [ 0, 0, 8, 8 ], "texture": "#texture" },
				"west": { "uv": [ 0, 0, 8, 8 ], "texture": "#texture" },
				"east": { "uv": [ 0, 0, 8, 8 ], "texture": "#texture" }
			}
		},
		{
			"from": [ 9.6875, 20.5, 2.625 ],
			"to": [ 10.6875, 21.5, 7.625 ],
			"rotation": { "origin": [ 9.6875, 20.5, 2.625 ], "axis": "y", "angle": 45 },
			"faces": {
				"down": { "uv": [ 0, 4, 8, 8 ], "texture": "#texture" },
				"up": { "uv": [ 0, 4, 8, 8 ], "texture": "#texture" },
				"north": { "uv": [ 0, 0, 8, 8 ], "texture": "#texture" },
				"south": { "uv": [ 0, 0, 8, 8 ], "texture": "#texture" },
				"west": { "uv": [ 0, 0, 8, 8 ], "texture": "#texture" },
				"east": { "uv": [ 0, 0, 8, 8 ], "texture": "#texture" }
			}
		},
		{
			"from": [ 2.0625, 20.5, 10.25 ],
			"to": [ 3.0625, 21.5, 15.25 ],
			"rotation": { "origin": [ 2.0625, 20.5, 10.25 ], "axis": "y", "angle": 45 },
			"faces": {
				"down": { "uv": [ 0, 4, 8, 8 ], "texture": "#texture" },
				"up": { "uv": [ 0, 4, 8, 8 ], "texture": "#texture" },
				"north": { "uv": [ 0, 0, 8, 8 ], "texture": "#texture" },
				"south": { "uv": [ 0, 0, 8, 8 ], "texture": "#texture" },
				"west": { "uv": [ 0, 0, 8, 8 ], "texture": "#texture" },
				"east": { "uv": [ 0, 0, 8, 8 ], "texture": "#texture" }
			}
		},
		{
			"from": [ 5.5625, 20.5, 2.125 ],
			"to": [ 6.5625, 21.5, 7.125 ],
			"rotation": { "origin": [ 5.5625, 20.5, 2.125 ], "axis": "y", "angle": -45 },
			"faces": {
				"down": { "uv": [ 0, 4, 8, 8 ], "texture": "#texture" },
				"up": { "uv": [ 0, 4, 8, 8 ], "texture": "#texture" },
				"north": { "uv": [ 0, 0, 8, 8 ], "texture": "#texture" },
				"south": { "uv": [ 0, 0, 8, 8 ], "texture": "#texture" },
				"west": { "uv": [ 0, 0, 8, 8 ], "texture": "#texture" },
				"east": { "uv": [ 0, 0, 8, 8 ], "texture": "#texture" }
			}
		},
		{
			"from": [ 13.375, 20.5, 9.5625 ],
			"to": [ 14.375, 21.5, 14.5625 ],
			"rotation": { "origin": [ 13.375, 20.5, 9.5625 ], "axis": "y", "angle": -45 },
			"faces": {
				"down": { "uv": [ 0, 4, 8, 8 ], "texture": "#texture" },
				"up": { "uv": [ 0, 4, 8, 8 ], "texture": "#texture" },
				"north": { "uv": [ 0, 0, 8, 8 ], "texture": "#texture" },
				"south": { "uv": [ 0, 0, 8, 8 ], "texture": "#texture" },
				"west": { "uv": [ 0, 0, 8, 8 ], "texture": "#texture" },
				"east": { "uv": [ 0, 0, 8, 8 ], "texture": "#texture" }
			}
		},
		{
			"from": [ 2.25, 20.3125, 6.5 ],
			"to": [ 3.75, 20.8125, 9.5 ],
			"rotation": { "origin": [ 2.25, 20.8125, 6.5 ], "axis": "z", "angle": -45 },
			"faces": {
				"down": { "uv": [ 0, 0, 8, 8 ], "texture": "#texture" },
				"up": { "uv": [ 0, 0, 8, 8 ], "texture": "#texture" },
				"north": { "uv": [ 0, 0, 8, 8 ], "texture": "#texture" },
				"south": { "uv": [ 0, 0, 8, 8 ], "texture": "#texture" },
				"west": { "uv": [ 0, 0, 8, 8 ], "texture": "#texture" },
				"east": { "uv": [ 0, 0, 8, 8 ], "texture": "#texture" }
			}
		},
		{
			"from": [ 12.625, 19.3125, 6.5 ],
			"to": [ 14.125, 19.8125, 9.5 ],
			"rotation": { "origin": [ 12.625, 19.8125, 6.5 ], "axis": "z", "angle": 45 },
			"faces": {
				"down": { "uv": [ 0, 0, 8, 8 ], "texture": "#texture" },
				"up": { "uv": [ 0, 0, 8, 8 ], "texture": "#texture" },
				"north": { "uv": [ 0, 0, 8, 8 ], "texture": "#texture" },
				"south": { "uv": [ 0, 0, 8, 8 ], "texture": "#texture" },
				"west": { "uv": [ 0, 0, 8, 8 ], "texture": "#texture" },
				"east": { "uv": [ 0, 0, 8, 8 ], "texture": "#texture" }
			}
		},
		{
			"from": [ 6.5, 19.375, 12.5 ],
			"to": [ 9.5, 19.875, 14 ],
			"rotation": { "origin": [ 6.5, 19.875, 12.5 ], "axis": "x", "angle": -45 },
			"faces": {
				"down": { "uv": [ 0, 0, 8, 8 ], "texture": "#texture" },
				"up": { "uv": [ 0, 0, 8, 8 ], "texture": "#texture" },
				"north": { "uv": [ 0, 0, 8, 8 ], "texture": "#texture" },
				"south": { "uv": [ 0, 0, 8, 8 ], "texture": "#texture" },
				"west": { "uv": [ 0, 0, 8, 8 ], "texture": "#texture" },
				"east": { "uv": [ 0, 0, 8, 8 ], "texture": "#texture" }
			}
		},
		{
			"from": [ 6.5, 20.4375, 2.25 ],
			"to": [ 9.5, 20.9375, 3.75 ],
			"rotation": { "origin": [ 6.5, 20.9375, 2.25 ], "axis": "x", "angle": 45 },
			"faces": {
				"down": { "uv": [ 0, 0, 8, 8 ], "texture": "#texture" },
				"up": { "uv": [ 0, 0, 8, 8 ], "texture": "#texture" },
				"north": { "uv": [ 0, 0, 8, 8 ], "texture": "#texture" },
				"south": { "uv": [ 0, 0, 8, 8 ], "texture": "#texture" },
				"west": { "uv": [ 0, 0, 8, 8 ], "texture": "#texture" },
				"east": { "uv": [ 0, 0, 8, 8 ], "texture": "#texture" }
			}
		},
		{
			"from": [ 3.5, 0, 22.625 ],
			"to": [ 8.5, 5, 25.125 ],
			"faces": {
				"down": { "uv": [ 0, 0, 8, 4 ], "texture": "#texture" },
				"up": { "uv": [ 0, 0, 8, 4 ], "texture": "#texture" },
				"north": { "uv": [ 0, 0, 8, 4 ], "texture": "#texture" },
				"south": { "uv": [ 0, 0, 8, 4 ], "texture": "#texture" },
				"west": { "uv": [ 0, 2, 8, 4 ], "texture": "#texture" },
				"east": { "uv": [ 0, 2, 8, 4 ], "texture": "#texture" }
			}
		},
		{
			"from": [ 4, 4, 21.6875 ],
			"to": [ 8, 7.5, 22.6875 ],
			"rotation": { "origin": [ 4, 7.5, 21.6875 ], "axis": "x", "angle": -22.5 },
			"faces": {
				"down": { "uv": [ 0, 4, 8, 8 ], "texture": "#texture" },
				"up": { "uv": [ 0, 4, 8, 8 ], "texture": "#texture" },
				"north": { "uv": [ 0, 4, 8, 8 ], "texture": "#texture" },
				"south": { "uv": [ 0, 4, 8, 8 ], "texture": "#texture" },
				"west": { "uv": [ 0, 4, 8, 8 ], "texture": "#texture" },
				"east": { "uv": [ 0, 4, 8, 8 ], "texture": "#texture" }
			}
		},
		{
			"from": [ 3.5, 0, 18.625 ],
			"to": [ 8.5, 9, 22.625 ],
			"faces": {
				"down": { "uv": [ 0, 0, 8, 4 ], "texture": "#texture" },
				"up": { "uv": [ 0, 0, 8, 4 ], "texture": "#texture" },
				"north": { "uv": [ 0, 0, 8, 4 ], "texture": "#texture" },
				"south": { "uv": [ 0, 1.5, 8, 5.5 ], "texture": "#texture" },
				"west": { "uv": [ 0, 0, 8, 4 ], "texture": "#texture" },
				"east": { "uv": [ 0, 0, 8, 4 ], "texture": "#texture" }
			}
		},
		{
			"from": [ 3.5, 3.5, 21.125 ],
			"to": [ 4, 8, 22.75 ],
			"rotation": { "origin": [ 3.5, 8, 21.125 ], "axis": "x", "angle": -22.5 },
			"faces": {
				"down": { "uv": [ 0, 0, 8, 4 ], "texture": "#texture" },
				"up": { "uv": [ 0, 0, 8, 4 ], "texture": "#texture" },
				"north": { "uv": [ 0, 0, 8, 4 ], "texture": "#texture" },
				"south": { "uv": [ 0, 0, 8, 4 ], "texture": "#texture" },
				"west": { "uv": [ 0, 0, 8, 4 ], "texture": "#texture" },
				"east": { "uv": [ 0, 0, 8, 4 ], "texture": "#texture" }
			}
		},
		{
			"from": [ 8, 3.5, 21.125 ],
			"to": [ 8.5, 8, 22.75 ],
			"rotation": { "origin": [ 8, 8, 21.125 ], "axis": "x", "angle": -22.5 },
			"faces": {
				"down": { "uv": [ 0, 0, 8, 4 ], "texture": "#texture" },
				"up": { "uv": [ 0, 0, 8, 4 ], "texture": "#texture" },
				"north": { "uv": [ 0, 0, 8, 4 ], "texture": "#texture" },
				"south": { "uv": [ 0, 0, 8, 4 ], "texture": "#texture" },
				"west": { "uv": [ 0, 0, 8, 4 ], "texture": "#texture" },
				"east": { "uv": [ 0, 0, 8, 4 ], "texture": "#texture" }
			}
		},
		{
			"from": [ 3.5, 4.5625, 23.4375 ],
			"to": [ 8.5, 5.125, 24.375 ],
			"faces": {
				"down": { "uv": [ 0, 0, 8, 4 ], "texture": "#texture" },
				"up": { "uv": [ 0, 0, 8, 4 ], "texture": "#texture" },
				"north": { "uv": [ 0, 0, 8, 4 ], "texture": "#texture" },
				"south": { "uv": [ 0, 0, 8, 4 ], "texture": "#texture" },
				"west": { "uv": [ 0, 0, 8, 4 ], "texture": "#texture" },
				"east": { "uv": [ 0, 0, 8, 4 ], "texture": "#texture" }
			}
		},
		{
			"from": [ 3.5, 7.0625, 22.3125 ],
			"to": [ 8.5, 8.0625, 22.8125 ],
			"rotation": { "origin": [ 3.5, 8.0625, 22.3125 ], "axis": "x", "angle": -22.5 },
			"faces": {
				"down": { "uv": [ 0, 0, 8, 4 ], "texture": "#texture" },
				"up": { "uv": [ 0, 0, 8, 4 ], "texture": "#texture" },
				"north": { "uv": [ 0, 0, 8, 4 ], "texture": "#texture" },
				"south": { "uv": [ 0, 0, 8, 4 ], "texture": "#texture" },
				"west": { "uv": [ 0, 0, 8, 4 ], "texture": "#texture" },
				"east": { "uv": [ 0, 0, 8, 4 ], "texture": "#texture" }
			}
		},
		{
			"from": [ 3.5, 8, 22.625 ],
			"to": [ 8.5, 9, 23.125 ],
			"faces": {
				"down": { "uv": [ 0, 0, 8, 4 ], "texture": "#texture" },
				"up": { "uv": [ 0, 0, 8, 4 ], "texture": "#texture" },
				"north": { "uv": [ 0, 0, 8, 4 ], "texture": "#texture" },
				"south": { "uv": [ 0, 0, 8, 4 ], "texture": "#texture" },
				"west": { "uv": [ 0, 0, 8, 4 ], "texture": "#texture" },
				"east": { "uv": [ 0, 0, 8, 4 ], "texture": "#texture" }
			}
		},
		{
			"from": [ 8.5, 0, 21.625 ],
			"to": [ 13, 4.5, 24.625 ],
			"faces": {
				"down": { "uv": [ 0, 0, 8, 4 ], "texture": "#texture" },
				"up": { "uv": [ 0, 0, 8, 4 ], "texture": "#texture" },
				"north": { "uv": [ 0, 0, 8, 4 ], "texture": "#texture" },
				"south": { "uv": [ 0, 0, 8, 4 ], "texture": "#texture" },
				"west": { "uv": [ 0, 0, 8, 4 ], "texture": "#texture" },
				"east": { "uv": [ 0, 0, 8, 4 ], "texture": "#texture" }
			}
		},
		{
			"from": [ 8.5, 4.5, 21.625 ],
			"to": [ 13, 5, 22.125 ],
			"faces": {
				"down": { "uv": [ 0, 0, 8, 4 ], "texture": "#texture" },
				"up": { "uv": [ 0, 0, 8, 4 ], "texture": "#texture" },
				"north": { "uv": [ 0, 0, 8, 4 ], "texture": "#texture" },
				"south": { "uv": [ 0, 0, 8, 4 ], "texture": "#texture" },
				"west": { "uv": [ 0, 0, 8, 4 ], "texture": "#texture" },
				"east": { "uv": [ 0, 0, 8, 4 ], "texture": "#texture" }
			}
		},
		{
			"from": [ 8.5, 0, 24 ],
			"to": [ 13, 0.5, 25.25 ],
			"faces": {
				"down": { "uv": [ 0, 0, 8, 4 ], "texture": "#texture" },
				"up": { "uv": [ 0, 0, 8, 4 ], "texture": "#texture" },
				"north": { "uv": [ 0, 0, 8, 4 ], "texture": "#texture" },
				"south": { "uv": [ 0, 0, 8, 4 ], "texture": "#texture" },
				"west": { "uv": [ 0, 0, 8, 4 ], "texture": "#texture" },
				"east": { "uv": [ 0, 0, 8, 4 ], "texture": "#texture" }
			}
		},
		{
			"from": [ 5.5, 0, 14 ],
			"to": [ 7, 1.5, 20 ],
			"faces": {
				"down": { "uv": [ 8, 8, 12, 16 ], "texture": "#texture" },
				"up": { "uv": [ 8, 8, 12, 16 ], "texture": "#texture" },
				"north": { "uv": [ 0, 0, 8, 4 ], "texture": "#texture" },
				"south": { "uv": [ 0, 0, 8, 4 ], "texture": "#texture" },
				"west": { "uv": [ 8, 8, 12, 16 ], "texture": "#texture" },
				"east": { "uv": [ 8, 8, 12, 16 ], "texture": "#texture" }
			}
		},
		{
			"from": [ 9, 0, 17.125 ],
			"to": [ 9.5, 0.5, 22.125 ],
			"faces": {
				"down": { "uv": [ 8, 8, 12, 16 ], "texture": "#texture" },
				"up": { "uv": [ 8, 8, 12, 16 ], "texture": "#texture" },
				"north": { "uv": [ 0, 0, 8, 4 ], "texture": "#texture" },
				"south": { "uv": [ 0, 0, 8, 4 ], "texture": "#texture" },
				"west": { "uv": [ 8, 8, 12, 16 ], "texture": "#texture" },
				"east": { "uv": [ 8, 8, 12, 16 ], "texture": "#texture" }
			}
		},
		{
			"from": [ 7, 0, 17 ],
			"to": [ 9, 0.5, 17.5 ],
			"faces": {
				"down": { "uv": [ 8, 8, 12, 16 ], "texture": "#texture", "rotation": 90 },
				"up": { "uv": [ 8, 8, 12, 16 ], "texture": "#texture", "rotation": 90 },
				"north": { "uv": [ 8, 8, 12, 16 ], "texture": "#texture", "rotation": 90 },
				"south": { "uv": [ 8, 8, 12, 16 ], "texture": "#texture", "rotation": 90 },
				"west": { "uv": [ 0, 0, 8, 4 ], "texture": "#texture" },
				"east": { "uv": [ 0, 0, 8, 4 ], "texture": "#texture" }
			}
		},
		{
			"from": [ 10.5, 0.5, 14.5 ],
			"to": [ 11, 1, 22.5 ],
			"faces": {
				"down": { "uv": [ 8, 8, 12, 16 ], "texture": "#texture" },
				"up": { "uv": [ 8, 8, 12, 16 ], "texture": "#texture" },
				"north": { "uv": [ 0, 0, 8, 4 ], "texture": "#texture" },
				"south": { "uv": [ 0, 0, 8, 4 ], "texture": "#texture" },
				"west": { "uv": [ 8, 8, 12, 16 ], "texture": "#texture" },
				"east": { "uv": [ 8, 8, 12, 16 ], "texture": "#texture" }
			}
		}
	],
	"display": {
		"head": {
			"translation":  [ 0, -11.3, 21 ],
			"scale":  [ 6, 6, 6 ]
		}
	}
}