{
"__comment": "Designed by 27box",
"textures": {
    "particle": "block/extra/loa",
    "texture": "block/bone_block_side",
    "opc": "block/extra/elamp1",
    "popcorn": "block/diorite"
},
"elements": [ 
{
    "from": [ 0, 0, 13 ],
    "to": [ 14, 16, 14 ],
    "faces": {
        "down":  { "uv": [ 6, 7, 7, 8 ], "texture": "#texture" },
        "up":    { "uv": [ 6, 9, 7, 10 ], "texture": "#texture" },
        "north": { "uv": [ 5, 6.5, 6, 7.5 ], "texture": "#texture" },
        "south": { "uv": [ 9.5, 10.5, 10.5, 11.5 ], "rotation": 180, "texture": "#texture" },
        "west":  { "uv": [ 5, 7, 6, 8 ], "texture": "#texture" },
        "east":  { "uv": [ 5, 7, 6, 8 ], "texture": "#texture" }
    }
},
{
    "from": [ 0, 15.9375, 0 ],
    "to": [ 1, 20.25, 9.8125 ],
    "faces": {
        "down":  { "uv": [ 0, 0, 16, 16 ], "texture": "#texture" },
        "up":    { "uv": [ 0, 0, 1, 1 ], "texture": "#texture" },
        "north": { "uv": [ 4, 3, 5, 4 ], "texture": "#texture" },
        "south": { "uv": [ 5.5, 5, 6.5, 6 ], "texture": "#texture" },
        "west":  { "uv": [ 5, 5, 6, 6 ], "texture": "#texture" },
        "east":  { "uv": [ 5, 7, 6, 8 ], "texture": "#texture" }
    }
},
{
    "from": [ 0, 0, 0 ],
    "to": [ 14, 19.5, 1 ],
    "faces": {
        "down":  { "uv": [ 6, 7, 7, 8 ], "texture": "#texture" },
        "up":    { "uv": [ 6, 9, 7, 10 ], "texture": "#texture" },
        "north": { "uv": [ 5, 7, 6, 8 ], "texture": "#texture" },
        "south": { "uv": [ 0.5, 1, 1, 1.5 ], "texture": "#texture" },
        "west":  { "uv": [ 5, 7, 6, 8 ], "texture": "#texture" },
        "east":  { "uv": [ 5, 7, 6, 8 ], "texture": "#texture" }
    }
},
{
    "from": [ 1, 0, 1 ],
    "to": [ 13, 1, 13 ],
    "faces": {
        "down":  { "uv": [ 6, 7, 7, 8 ], "texture": "#texture" },
        "up":    { "uv": [ 6, 9, 7, 10 ], "texture": "#texture" },
        "north": { "uv": [ 5, 7, 6, 8 ], "texture": "#texture" },
        "south": { "uv": [ 5, 7, 6, 8 ], "texture": "#texture" },
        "west":  { "uv": [ 5, 7, 6, 8 ], "texture": "#texture" },
        "east":  { "uv": [ 5, 7, 6, 8 ], "texture": "#texture" }
    }
},
{
    "from": [ 0, 0, 1 ],
    "to": [ 1, 16, 13 ],
    "faces": {
        "down":  { "uv": [ 6, 7, 7, 8 ], "texture": "#texture" },
        "up":    { "uv": [ 6, 9, 7, 10 ], "texture": "#texture" },
        "north": { "uv": [ 5, 7, 6, 8 ], "texture": "#texture" },
        "south": { "uv": [ 5, 7, 6, 8 ], "texture": "#texture" },
        "west":  { "uv": [ 5, 7, 6, 8 ], "texture": "#texture" },
        "east":  { "uv": [ 5, 7, 6, 8 ], "texture": "#texture" }
    }
},
{
    "from": [ 13, 0, 1 ],
    "to": [ 14, 16, 13 ],
    "faces": {
        "down":  { "uv": [ 6, 7, 7, 8 ], "texture": "#texture" },
        "up":    { "uv": [ 6, 9, 7, 10 ], "texture": "#texture" },
        "north": { "uv": [ 5, 7, 6, 8 ], "texture": "#texture" },
        "south": { "uv": [ 5, 7, 6, 8 ], "texture": "#texture" },
        "west":  { "uv": [ 5, 7, 6, 8 ], "texture": "#texture" },
        "east":  { "uv": [ 5, 7, 6, 8 ], "texture": "#texture" }
    }
},
{
    "from": [ 0, 9.6875, 5.1875 ],
    "to": [ 1, 15.6875, 11.6875 ],
    "rotation": { "origin": [ 0, 15.6875, 5.1875 ], "axis": "x", "angle": -45 },
    "faces": {
        "down":  { "uv": [ 0, 0, 16, 16 ], "texture": "#texture" },
        "up":    { "uv": [ 0, 0, 16, 16 ], "texture": "#texture" },
        "north": { "uv": [ 4, 3, 5, 4 ], "texture": "#texture" },
        "south": { "uv": [ 5.5, 5, 6.5, 6 ], "texture": "#texture" },
        "west":  { "uv": [ 5.5, 7, 6.5, 8 ], "texture": "#texture" },
        "east":  { "uv": [ 5, 4.5, 6, 5.5 ], "texture": "#texture" }
    }
},
{
    "from": [ 3.5, 4, 14 ],
    "to": [ 10.5, 12.5, 14.0625 ],
    "faces": {
        "down":  { "uv": [ 6, 7, 7, 8 ], "texture": "#texture" },
        "up":    { "uv": [ 6, 9, 7, 10 ], "texture": "#texture" },
        "north": { "uv": [ 5, 7, 6, 8 ], "texture": "#texture" },
        "south": { "uv": [ 0, 4.5, 3, 9 ], "texture": "#particle" },
        "west":  { "uv": [ 5, 7, 6, 8 ], "texture": "#texture" },
        "east":  { "uv": [ 5, 7, 6, 8 ], "texture": "#texture" }
    }
},
{
    "from": [ 13, 9.6875, 5.1875 ],
    "to": [ 14, 15.6875, 11.6875 ],
    "rotation": { "origin": [ 13, 15.6875, 5.1875 ], "axis": "x", "angle": -45 },
    "faces": {
        "down":  { "uv": [ 0, 0, 16, 16 ], "texture": "#texture" },
        "up":    { "uv": [ 0, 0, 16, 16 ], "texture": "#texture" },
        "north": { "uv": [ 4, 3, 5, 4 ], "texture": "#texture" },
        "south": { "uv": [ 5.5, 5, 6.5, 6 ], "texture": "#texture" },
        "west":  { "uv": [ 5.5, 7, 6.5, 8 ], "texture": "#texture" },
        "east":  { "uv": [ 5, 4.5, 6, 5.5 ], "texture": "#texture" }
    }
},
{
    "from": [ 13, 15.9375, 0 ],
    "to": [ 14, 20.25, 9.8125 ],
    "faces": {
        "down":  { "uv": [ 0, 0, 16, 16 ], "texture": "#texture" },
        "up":    { "uv": [ 0, 0, 1, 1 ], "texture": "#texture" },
        "north": { "uv": [ 4, 3, 5, 4 ], "texture": "#texture" },
        "south": { "uv": [ 5.5, 5, 6.5, 6 ], "texture": "#texture" },
        "west":  { "uv": [ 5, 5, 6, 6 ], "texture": "#texture" },
        "east":  { "uv": [ 5, 7, 6, 8 ], "texture": "#texture" }
    }
},
{
    "from": [ 1, 19.1875, 0 ],
    "to": [ 13, 20.1875, 10 ],
    "faces": {
        "down":  { "uv": [ 6, 7, 7, 8 ], "texture": "#texture" },
        "up":    { "uv": [ 6, 9, 7, 10 ], "texture": "#texture" },
        "north": { "uv": [ 5, 7, 6, 8 ], "texture": "#texture" },
        "south": { "uv": [ 5, 7, 6, 8 ], "texture": "#texture" },
        "west":  { "uv": [ 5, 7, 6, 8 ], "texture": "#texture" },
        "east":  { "uv": [ 5, 7, 6, 8 ], "texture": "#texture" }
    }
},
{
    "from": [ 1, 14, 1 ],
    "to": [ 13, 15, 13 ],
    "faces": {
        "down":  { "uv": [ 15, 14, 3, 2 ], "texture": "#texture" },
        "up":    { "uv": [ 0, 0, 13.5, 14.5 ], "texture": "#popcorn" },
        "north": { "uv": [ 3, 0.5, 15, 1.5 ], "texture": "#texture" },
        "south": { "uv": [ 1, 0.5, 13, 1.5 ], "texture": "#texture" },
        "west":  { "uv": [ 2, 0.5, 14, 1.5 ], "texture": "#texture" },
        "east":  { "uv": [ 2, 0.5, 14, 1.5 ], "texture": "#texture" }
    }
},
{
    "from": [ 15, 0, 13 ],
    "to": [ 29, 16, 14 ],
    "faces": {
        "down":  { "uv": [ 6, 7, 7, 8 ], "texture": "#texture" },
        "up":    { "uv": [ 6, 9, 7, 10 ], "texture": "#texture" },
        "north": { "uv": [ 5, 6.5, 6, 7.5 ], "texture": "#texture" },
        "south": { "uv": [ 9.5, 10.5, 10.5, 11.5 ], "rotation": 180, "texture": "#texture" },
        "west":  { "uv": [ 5, 7, 6, 8 ], "texture": "#texture" },
        "east":  { "uv": [ 5, 7, 6, 8 ], "texture": "#texture" }
    }
},
{
    "from": [ 15, 0, 0 ],
    "to": [ 29, 19.5, 1 ],
    "faces": {
        "down":  { "uv": [ 6, 7, 7, 8 ], "texture": "#texture" },
        "up":    { "uv": [ 6, 9, 7, 10 ], "texture": "#texture" },
        "north": { "uv": [ 5, 7, 6, 8 ], "texture": "#texture" },
        "south": { "uv": [ 0.5, 1, 1, 1.5 ], "texture": "#texture" },
        "west":  { "uv": [ 5, 7, 6, 8 ], "texture": "#texture" },
        "east":  { "uv": [ 5, 7, 6, 8 ], "texture": "#texture" }
    }
},
{
    "from": [ 15, 0, 1 ],
    "to": [ 16, 16, 13 ],
    "faces": {
        "down":  { "uv": [ 6, 7, 7, 8 ], "texture": "#texture" },
        "up":    { "uv": [ 6, 9, 7, 10 ], "texture": "#texture" },
        "north": { "uv": [ 5, 7, 6, 8 ], "texture": "#texture" },
        "south": { "uv": [ 5, 7, 6, 8 ], "texture": "#texture" },
        "west":  { "uv": [ 5, 7, 6, 8 ], "texture": "#texture" },
        "east":  { "uv": [ 5, 7, 6, 8 ], "texture": "#texture" }
    }
},
{
    "from": [ 15, 15.9375, 0 ],
    "to": [ 16, 20.25, 9.8125 ],
    "faces": {
        "down":  { "uv": [ 0, 0, 16, 16 ], "texture": "#texture" },
        "up":    { "uv": [ 0, 0, 1, 1 ], "texture": "#texture" },
        "north": { "uv": [ 4, 3, 5, 4 ], "texture": "#texture" },
        "south": { "uv": [ 5.5, 5, 6.5, 6 ], "texture": "#texture" },
        "west":  { "uv": [ 5, 5, 6, 6 ], "texture": "#texture" },
        "east":  { "uv": [ 5, 7, 6, 8 ], "texture": "#texture" }
    }
},
{
    "from": [ 16, 19.25, 0 ],
    "to": [ 28, 20.25, 10 ],
    "faces": {
        "down":  { "uv": [ 6, 7, 7, 8 ], "texture": "#texture" },
        "up":    { "uv": [ 6, 9, 7, 10 ], "texture": "#texture" },
        "north": { "uv": [ 5, 7, 6, 8 ], "texture": "#texture" },
        "south": { "uv": [ 5, 7, 6, 8 ], "texture": "#texture" },
        "west":  { "uv": [ 5, 7, 6, 8 ], "texture": "#texture" },
        "east":  { "uv": [ 5, 7, 6, 8 ], "texture": "#texture" }
    }
},
{
    "from": [ 15, 9.625, 5.1875 ],
    "to": [ 16, 15.625, 11.6875 ],
    "rotation": { "origin": [ 15, 15.625, 5.1875 ], "axis": "x", "angle": -45 },
    "faces": {
        "down":  { "uv": [ 0, 0, 16, 16 ], "texture": "#texture" },
        "up":    { "uv": [ 0, 0, 16, 16 ], "texture": "#texture" },
        "north": { "uv": [ 4, 3, 5, 4 ], "texture": "#texture" },
        "south": { "uv": [ 5.5, 5, 6.5, 6 ], "texture": "#texture" },
        "west":  { "uv": [ 5.5, 7, 6.5, 8 ], "texture": "#texture" },
        "east":  { "uv": [ 5, 4.5, 6, 5.5 ], "texture": "#texture" }
    }
},
{
    "from": [ 28, 9.625, 5.1875 ],
    "to": [ 29, 15.625, 11.6875 ],
    "rotation": { "origin": [ 28, 15.625, 5.1875 ], "axis": "x", "angle": -45 },
    "faces": {
        "down":  { "uv": [ 0, 0, 16, 16 ], "texture": "#texture" },
        "up":    { "uv": [ 0, 0, 16, 16 ], "texture": "#texture" },
        "north": { "uv": [ 4, 3, 5, 4 ], "texture": "#texture" },
        "south": { "uv": [ 5.5, 5, 6.5, 6 ], "texture": "#texture" },
        "west":  { "uv": [ 5.5, 7, 6.5, 8 ], "texture": "#texture" },
        "east":  { "uv": [ 5, 4.5, 6, 5.5 ], "texture": "#texture" }
    }
},
{
    "from": [ 28, 15.9375, 0 ],
    "to": [ 29, 20.25, 9.8125 ],
    "faces": {
        "down":  { "uv": [ 0, 0, 16, 16 ], "texture": "#texture" },
        "up":    { "uv": [ 0, 0, 1, 1 ], "texture": "#texture" },
        "north": { "uv": [ 4, 3, 5, 4 ], "texture": "#texture" },
        "south": { "uv": [ 5.5, 5, 6.5, 6 ], "texture": "#texture" },
        "west":  { "uv": [ 5, 5, 6, 6 ], "texture": "#texture" },
        "east":  { "uv": [ 5, 7, 6, 8 ], "texture": "#texture" }
    }
},
{
    "from": [ 28, 0, 1 ],
    "to": [ 29, 16, 13 ],
    "faces": {
        "down":  { "uv": [ 6, 7, 7, 8 ], "texture": "#texture" },
        "up":    { "uv": [ 6, 9, 7, 10 ], "texture": "#texture" },
        "north": { "uv": [ 5, 7, 6, 8 ], "texture": "#texture" },
        "south": { "uv": [ 5, 7, 6, 8 ], "texture": "#texture" },
        "west":  { "uv": [ 5, 7, 6, 8 ], "texture": "#texture" },
        "east":  { "uv": [ 5, 7, 6, 8 ], "texture": "#texture" }
    }
},
{
    "from": [ 18.5, 4, 14 ],
    "to": [ 25.5, 12.5, 14.0625 ],
    "faces": {
        "down":  { "uv": [ 6, 7, 7, 8 ], "texture": "#texture" },
        "up":    { "uv": [ 6, 9, 7, 10 ], "texture": "#texture" },
        "north": { "uv": [ 5, 7, 6, 8 ], "texture": "#texture" },
        "south": { "uv": [ 0, 0, 3, 4.5 ], "texture": "#particle" },
        "west":  { "uv": [ 5, 7, 6, 8 ], "texture": "#texture" },
        "east":  { "uv": [ 5, 7, 6, 8 ], "texture": "#texture" }
    }
},
{
    "from": [ 16, 14, 1 ],
    "to": [ 28, 15, 13 ],
    "faces": {
        "down":  { "uv": [ 15, 14, 3, 2 ], "texture": "#texture" },
        "up":    { "uv": [ 1, 0.5, 13.5, 13.5 ], "texture": "#popcorn" },
        "north": { "uv": [ 3, 0.5, 15, 1.5 ], "texture": "#texture" },
        "south": { "uv": [ 1, 0.5, 13, 1.5 ], "texture": "#texture" },
        "west":  { "uv": [ 2, 0.5, 14, 1.5 ], "texture": "#texture" },
        "east":  { "uv": [ 2, 0.5, 14, 1.5 ], "texture": "#texture" }
    }
},
{
    "from": [ 16, 0, 1 ],
    "to": [ 28, 1, 13 ],
    "faces": {
        "down":  { "uv": [ 6, 7, 7, 8 ], "texture": "#texture" },
        "up":    { "uv": [ 6, 9, 7, 10 ], "texture": "#texture" },
        "north": { "uv": [ 5, 7, 6, 8 ], "texture": "#texture" },
        "south": { "uv": [ 5, 7, 6, 8 ], "texture": "#texture" },
        "west":  { "uv": [ 5, 7, 6, 8 ], "texture": "#texture" },
        "east":  { "uv": [ 5, 7, 6, 8 ], "texture": "#texture" }
    }
}
],
"display": {
    "head": {
        "rotation": [ 0, 0, 0 ],
        "translation": [ 0, -31.5, 0 ],
        "scale": [ 1.7, 1.5, 1.3 ]
    }
}
}