{
"__comment": "Designed by 27box",
"textures": {
    "particle": "block/extra/opc",
    "texture": "block/extra/metal_0",
    "metal_1": "block/extra/metal_1",
    "mushroom_stem": "block/mushroom_stem"
},
"elements": [ 
{
    "from": [ 0.5, 16, 0 ],
    "to": [ 15.5, 16.5, 16 ],
    "faces": {
        "down":  { "uv": [ 0, 0, 16, 16 ], "texture": "#particle" },
        "up":    { "uv": [ 0, 0, 16, 16 ], "texture": "#particle" },
        "north": { "uv": [ 2, 7, 2.5, 7.5 ], "texture": "#particle" },
        "south": { "uv": [ 2, 7, 2.5, 7.5 ], "texture": "#particle" },
        "west":  { "uv": [ 0, 0, 8, 7.5 ], "rotation": 180, "texture": "#particle" },
        "east":  { "uv": [ 0, 0, 8, 5 ], "rotation": 180, "texture": "#particle" }
    }
},
{
    "from": [ 0, 0, 15 ],
    "to": [ 0.5, 18, 16 ],
    "faces": {
        "down":  { "uv": [ 0, 0, 8, 8 ], "texture": "#texture" },
        "up":    { "uv": [ 0, 0, 8, 8 ], "texture": "#texture" },
        "north": { "uv": [ 8.5, 8, 11.5, 16 ], "texture": "#texture" },
        "south": { "uv": [ 8.5, 8, 11.5, 16 ], "texture": "#texture" },
        "west":  { "uv": [ 8.5, 8, 11.5, 16 ], "texture": "#texture" },
        "east":  { "uv": [ 8.5, 8, 11.5, 16 ], "texture": "#texture" }
    }
},
{
    "from": [ 15.5, 0.5, 15 ],
    "to": [ 16, 18, 16 ],
    "faces": {
        "down":  { "uv": [ 0, 0, 8, 8 ], "texture": "#texture" },
        "up":    { "uv": [ 0, 0, 8, 8 ], "texture": "#texture" },
        "north": { "uv": [ 8.5, 8, 11.5, 16 ], "texture": "#texture" },
        "south": { "uv": [ 8.5, 8, 11.5, 16 ], "texture": "#texture" },
        "west":  { "uv": [ 8.5, 8, 11.5, 16 ], "texture": "#texture" },
        "east":  { "uv": [ 8.5, 8, 11.5, 16 ], "texture": "#texture" }
    }
},
{
    "from": [ 0.5, 17.5, 15 ],
    "to": [ 15.5, 18, 16 ],
    "faces": {
        "down":  { "uv": [ 8.5, 8, 11, 16 ], "rotation": 90, "texture": "#texture" },
        "up":    { "uv": [ 8.5, 8, 11.5, 16 ], "rotation": 90, "texture": "#texture" },
        "north": { "uv": [ 8.5, 8, 11.5, 16 ], "rotation": 90, "texture": "#texture" },
        "south": { "uv": [ 8.5, 8, 11.5, 16 ], "rotation": 90, "texture": "#texture" },
        "west":  { "uv": [ 8.5, 8, 11.5, 16 ], "rotation": 90, "texture": "#texture" },
        "east":  { "uv": [ 8.5, 8, 11.5, 16 ], "rotation": 90, "texture": "#texture" }
    }
},
{
    "from": [ 0.5, 17.5, 0 ],
    "to": [ 15.5, 18, 1 ],
    "faces": {
        "down":  { "uv": [ 8.5, 8, 11, 16 ], "rotation": 90, "texture": "#texture" },
        "up":    { "uv": [ 8.5, 8, 11.5, 16 ], "rotation": 90, "texture": "#texture" },
        "north": { "uv": [ 8.5, 8, 11.5, 16 ], "rotation": 90, "texture": "#texture" },
        "south": { "uv": [ 8.5, 8, 11.5, 16 ], "rotation": 90, "texture": "#texture" },
        "west":  { "uv": [ 8.5, 8, 11.5, 16 ], "rotation": 90, "texture": "#texture" },
        "east":  { "uv": [ 8.5, 8, 11.5, 16 ], "rotation": 90, "texture": "#texture" }
    }
},
{
    "from": [ 15.5, 0, 0 ],
    "to": [ 16, 18, 1 ],
    "faces": {
        "down":  { "uv": [ 0, 0, 8, 8 ], "texture": "#texture" },
        "up":    { "uv": [ 0, 0, 8, 8 ], "texture": "#texture" },
        "north": { "uv": [ 8.5, 8, 11.5, 16 ], "texture": "#texture" },
        "south": { "uv": [ 8.5, 8, 11.5, 16 ], "texture": "#texture" },
        "west":  { "uv": [ 8.5, 8, 11.5, 16 ], "texture": "#texture" },
        "east":  { "uv": [ 8.5, 8, 11.5, 16 ], "texture": "#texture" }
    }
},
{
    "from": [ 0, 0, 0 ],
    "to": [ 0.5, 18, 1 ],
    "faces": {
        "down":  { "uv": [ 0, 0, 8, 8 ], "texture": "#texture" },
        "up":    { "uv": [ 0, 0, 8, 8 ], "texture": "#texture" },
        "north": { "uv": [ 8.5, 8, 11.5, 16 ], "texture": "#texture" },
        "south": { "uv": [ 8.5, 8, 11.5, 16 ], "texture": "#texture" },
        "west":  { "uv": [ 8.5, 8, 11.5, 16 ], "texture": "#texture" },
        "east":  { "uv": [ 8.5, 8, 11.5, 16 ], "texture": "#texture" }
    }
},
{
    "from": [ 0.5, 2, 0 ],
    "to": [ 15.5, 2.5, 16 ],
    "faces": {
        "down":  { "uv": [ 0, 0, 16, 16 ], "texture": "#particle" },
        "up":    { "uv": [ 0, 0, 16, 16 ], "texture": "#particle" },
        "north": { "uv": [ 2, 7, 2.5, 7.5 ], "texture": "#particle" },
        "south": { "uv": [ 2, 7, 2.5, 7.5 ], "texture": "#particle" },
        "west":  { "uv": [ 0, 0, 8, 7.5 ], "rotation": 180, "texture": "#particle" },
        "east":  { "uv": [ 0, 0, 8, 5 ], "rotation": 180, "texture": "#particle" }
    }
},
{
    "from": [ 0.5, 10.5, 0 ],
    "to": [ 15.5, 11, 16 ],
    "faces": {
        "down":  { "uv": [ 0, 0, 16, 16 ], "texture": "#particle" },
        "up":    { "uv": [ 0, 0, 16, 16 ], "texture": "#particle" },
        "north": { "uv": [ 2, 7, 2.5, 7.5 ], "texture": "#particle" },
        "south": { "uv": [ 2, 7, 2.5, 7.5 ], "texture": "#particle" },
        "west":  { "uv": [ 0, 0, 8, 7.5 ], "rotation": 180, "texture": "#particle" },
        "east":  { "uv": [ 0, 0, 8, 5 ], "rotation": 180, "texture": "#particle" }
    }
},
{
    "from": [ 6, 2.5, 4 ],
    "to": [ 14, 4, 14 ],
    "faces": {
        "down":  { "uv": [ 12.5, 7.5, 14, 9 ], "texture": "#metal_1" },
        "up":    { "uv": [ 12.5, 7.5, 14, 9 ], "texture": "#metal_1" },
        "north": { "uv": [ 0, 7, 16, 9 ], "rotation": 90, "texture": "#mushroom_stem" },
        "south": { "uv": [ 0, 7, 16, 9 ], "rotation": 90, "texture": "#mushroom_stem" },
        "west":  { "uv": [ 0, 7, 16, 9 ], "rotation": 90, "texture": "#mushroom_stem" },
        "east":  { "uv": [ 12, 0, 16, 10 ], "rotation": 270, "texture": "#metal_1" }
    }
},
{
    "from": [ 5.5, 4, 4.5 ],
    "to": [ 13.5, 5.5, 14.5 ],
    "faces": {
        "down":  { "uv": [ 12.5, 7.5, 14, 9 ], "texture": "#metal_1" },
        "up":    { "uv": [ 12.5, 7.5, 14, 9 ], "texture": "#metal_1" },
        "north": { "uv": [ 0, 7, 16, 9 ], "rotation": 90, "texture": "#mushroom_stem" },
        "south": { "uv": [ 0, 7, 16, 9 ], "rotation": 90, "texture": "#mushroom_stem" },
        "west":  { "uv": [ 0, 7, 16, 9 ], "rotation": 90, "texture": "#mushroom_stem" },
        "east":  { "uv": [ 12, 0, 16, 10 ], "rotation": 270, "texture": "#metal_1" }
    }
},
{
    "from": [ 6, 5.5, 4 ],
    "to": [ 14, 7, 14 ],
    "faces": {
        "down":  { "uv": [ 12.5, 7.5, 14, 9 ], "texture": "#metal_1" },
        "up":    { "uv": [ 12.5, 7.5, 14, 9 ], "texture": "#metal_1" },
        "north": { "uv": [ 0, 7, 16, 9 ], "rotation": 90, "texture": "#mushroom_stem" },
        "south": { "uv": [ 0, 7, 16, 9 ], "rotation": 90, "texture": "#mushroom_stem" },
        "west":  { "uv": [ 0, 7, 16, 9 ], "rotation": 90, "texture": "#mushroom_stem" },
        "east":  { "uv": [ 12, 0, 16, 10 ], "rotation": 270, "texture": "#metal_1" }
    }
},
{
    "from": [ 1.5, 11, 4 ],
    "to": [ 9.5, 11.0625, 14 ],
    "rotation": { "origin": [ 1.5, 11, 4 ], "axis": "y", "angle": 22.5 },
    "faces": {
        "down":  { "uv": [ 14.5, 10.5, 15.5, 11.5 ], "texture": "#metal_1" },
        "up":    { "uv": [ 13, 0.5, 15, 6 ], "texture": "#metal_1" },
        "north": { "uv": [ 0, 8, 1, 9 ], "rotation": 90, "texture": "#mushroom_stem" },
        "south": { "uv": [ 0, 8, 1, 9 ], "rotation": 90, "texture": "#mushroom_stem" },
        "west":  { "uv": [ 0, 8, 1, 9 ], "rotation": 90, "texture": "#mushroom_stem" },
        "east":  { "uv": [ 14.5, 10.5, 15.5, 11.5 ], "rotation": 270, "texture": "#metal_1" }
    }
}
],
"display": {
    "head": {
        "rotation": [ 0, 0, 0 ],
        "translation": [ 0, -33, 0 ],
        "scale": [ 1.5, 1.5, 1.5 ]
    }
}
}