{
"__comment": "Designed by 27box",
"textures": {
    "particle": "block/black_concrete",
    "opc": "block/extra/opc",
    "texture": "block/extra/metal_1",
    "light_gray_concrete": "block/light_gray_concrete",
    "cyan_terracotta": "block/cyan_terracotta",
    "metal_0": "block/extra/metal_0"
},
"elements": [ 
{
    "from": [ 0, -4.5, 0 ],
    "to": [ 1, 8, 16 ],
    "faces": {
        "down":  { "uv": [ 0, 0, 16, 16 ], "texture": "#opc" },
        "up":    { "uv": [ 0, 0, 16, 16 ], "texture": "#opc" },
        "north": { "uv": [ 0, 0, 16, 16 ], "texture": "#opc" },
        "south": { "uv": [ 0, 0, 16, 16 ], "texture": "#opc" },
        "west":  { "uv": [ 0, 0, 8, 8 ], "texture": "#metal_0" },
        "east":  { "uv": [ 0, 0, 16, 16 ], "texture": "#opc" }
    }
},
{
    "from": [ 1, 7, 0 ],
    "to": [ 27, 8, 16 ],
    "faces": {
        "down":  { "uv": [ 10, 0, 12, 2 ], "texture": "#opc" },
        "up":    { "uv": [ 14.5, 10.5, 15.5, 11.5 ], "texture": "#opc" },
        "north": { "uv": [ 10, 0, 12, 2 ], "texture": "#opc" },
        "south": { "uv": [ 10, 0, 12, 2 ], "texture": "#opc" },
        "west":  { "uv": [ 10, 0, 12, 2 ], "texture": "#opc" },
        "east":  { "uv": [ 10, 0, 12, 2 ], "texture": "#opc" }
    }
},
{
    "from": [ 1, -4.5, 0 ],
    "to": [ 27, -3.5, 16 ],
    "faces": {
        "down":  { "uv": [ 10, 0, 12, 2 ], "texture": "#opc" },
        "up":    { "uv": [ 0, 0, 16, 16 ], "texture": "#cyan_terracotta" },
        "north": { "uv": [ 10, 0, 12, 2 ], "texture": "#opc" },
        "south": { "uv": [ 10, 0, 12, 2 ], "texture": "#opc" },
        "west":  { "uv": [ 10, 0, 12, 2 ], "texture": "#opc" },
        "east":  { "uv": [ 10, 0, 12, 2 ], "texture": "#opc" }
    }
},
{
    "from": [ 1, -3.5, 1.25 ],
    "to": [ 3, 5, 10.75 ],
    "faces": {
        "down":  { "uv": [ 14, 10, 16, 12 ], "texture": "#texture" },
        "up":    { "uv": [ 14, 10, 16, 12 ], "texture": "#texture" },
        "north": { "uv": [ 12, 0, 16, 10 ], "texture": "#texture" },
        "south": { "uv": [ 12, 8, 14, 10 ], "texture": "#texture" },
        "west":  { "uv": [ 12, 8, 14, 10 ], "texture": "#texture" },
        "east":  { "uv": [ 12, 8, 14, 10 ], "texture": "#texture" }
    }
},
{
    "from": [ 5.75, -3.5, 1.25 ],
    "to": [ 7.75, 5, 10.75 ],
    "faces": {
        "down":  { "uv": [ 14, 10, 16, 12 ], "texture": "#texture" },
        "up":    { "uv": [ 14, 10, 16, 12 ], "texture": "#texture" },
        "north": { "uv": [ 8, 6, 12, 16 ], "texture": "#texture" },
        "south": { "uv": [ 14, 10, 16, 12 ], "texture": "#texture" },
        "west":  { "uv": [ 8, 14, 10, 16 ], "texture": "#texture" },
        "east":  { "uv": [ 8, 14, 10, 16 ], "texture": "#texture" }
    }
},
{
    "from": [ 3.375, -3.5, 1.25 ],
    "to": [ 5.375, 5, 10.75 ],
    "faces": {
        "down":  { "uv": [ 14, 10, 16, 12 ], "texture": "#texture" },
        "up":    { "uv": [ 14, 10, 16, 12 ], "texture": "#texture" },
        "north": { "uv": [ 12, 0, 16, 10 ], "texture": "#texture" },
        "south": { "uv": [ 12, 8, 14, 10 ], "texture": "#texture" },
        "west":  { "uv": [ 12, 8, 14, 10 ], "texture": "#texture" },
        "east":  { "uv": [ 12, 8, 14, 10 ], "texture": "#texture" }
    }
},
{
    "from": [ 24.8125, -3.5, 1 ],
    "to": [ 26.8125, 5, 10.5 ],
    "faces": {
        "down":  { "uv": [ 14, 10, 16, 12 ], "texture": "#texture" },
        "up":    { "uv": [ 14, 10, 16, 12 ], "texture": "#texture" },
        "north": { "uv": [ 8, 6, 12, 16 ], "texture": "#texture" },
        "south": { "uv": [ 14, 10, 16, 12 ], "texture": "#texture" },
        "west":  { "uv": [ 8, 14, 10, 16 ], "texture": "#texture" },
        "east":  { "uv": [ 8, 14, 10, 16 ], "texture": "#texture" }
    }
},
{
    "from": [ 0, -4.5, 16 ],
    "to": [ 27.9375, 8, 16.5 ],
    "faces": {
        "down":  { "uv": [ 0, 0, 16, 16 ], "texture": "#opc" },
        "up":    { "uv": [ 0, 0, 16, 16 ], "texture": "#opc" },
        "north": { "uv": [ 0, 0, 16, 16 ], "texture": "#light_gray_concrete" },
        "south": { "uv": [ 0, 0, 8, 8 ], "texture": "#metal_0" },
        "west":  { "uv": [ 0, 0, 8, 8 ], "texture": "#metal_0" },
        "east":  { "uv": [ 8, 0, 0, 8 ], "texture": "#metal_0" }
    }
},
{
    "from": [ 27, -4.5, 0 ],
    "to": [ 28, 8, 16 ],
    "faces": {
        "down":  { "uv": [ 0, 0, 16, 16 ], "texture": "#opc" },
        "up":    { "uv": [ 0, 0, 16, 16 ], "texture": "#opc" },
        "north": { "uv": [ 0, 0, 16, 16 ], "texture": "#opc" },
        "south": { "uv": [ 0, 0, 16, 16 ], "texture": "#opc" },
        "west":  { "uv": [ 0, 0, 8, 8 ], "texture": "#opc" },
        "east":  { "uv": [ 0, 0, 8, 8 ], "texture": "#metal_0" }
    }
},
{
    "from": [ 6.5, -4, 0.375 ],
    "to": [ 27.5, 7, 0.875 ],
    "faces": {
        "down":  { "uv": [ 0, 0, 16, 16 ], "texture": "#opc" },
        "up":    { "uv": [ 0, 0, 16, 16 ], "texture": "#opc" },
        "north": { "uv": [ 0, 0, 16, 16 ], "texture": "#opc" },
        "south": { "uv": [ 0, 0, 16, 16 ], "texture": "#opc" },
        "west":  { "uv": [ 0, 0, 16, 16 ], "texture": "#opc" },
        "east":  { "uv": [ 0, 0, 16, 16 ], "texture": "#opc" }
    }
},
{
    "from": [ 7.5, 1.0625, 0.125 ],
    "to": [ 8.5, 5.0625, 0.625 ],
    "faces": {
        "down":  { "uv": [ 0, 0, 16, 16 ], "texture": "#cyan_terracotta" },
        "up":    { "uv": [ 0, 0, 16, 16 ], "texture": "#cyan_terracotta" },
        "north": { "uv": [ 0, 0, 16, 16 ], "texture": "#cyan_terracotta" },
        "south": { "uv": [ 0, 0, 16, 16 ], "texture": "#cyan_terracotta" },
        "west":  { "uv": [ 0, 0, 16, 16 ], "texture": "#cyan_terracotta" },
        "east":  { "uv": [ 0, 0, 16, 16 ], "texture": "#cyan_terracotta" }
    }
}
],
"display": {
    "head": {
        "rotation": [ 0, 0, 0 ],
        "translation": [ 2, -17, -0.5 ],
        "scale": [ 1.85, 2.1, 1.6 ]
    }
}
}