{
"__comment": "Designed by 27box",
"textures": {
    "particle": "block/extra/metal_0",
    "texture": "block/extra/opc",
    "lattice": "block/extra/lattice",
    "metal_1": "block/extra/metal_1",
    "phone": "block/extra/phone",
    "gray_concrete": "block/gray_concrete"
},
"elements": [ 
{
    "from": [ 2, -2, 0 ],
    "to": [ 3, 25, 16 ],
    "faces": {
        "down":  { "uv": [ 0, 0, 8, 8 ], "texture": "#particle" },
        "up":    { "uv": [ 0, 0, 8, 7.5 ], "texture": "#particle" },
        "north": { "uv": [ 0, 0, 16, 16 ], "texture": "#gray_concrete" },
        "south": { "uv": [ 0, 0, 16, 16 ], "texture": "#gray_concrete" },
        "west":  { "uv": [ 0, 0, 16, 16 ], "texture": "#gray_concrete" },
        "east":  { "uv": [ 15.5, 10, 16, 10.5 ], "texture": "#particle" }
    }
},
{
    "from": [ 3, -2, -0.3125 ],
    "to": [ 13, 10.75, 0.5625 ],
    "faces": {
        "down":  { "uv": [ 0, 0, 16, 16 ], "texture": "#texture" },
        "up":    { "uv": [ 0, 0, 16, 16 ], "texture": "#texture" },
        "north": { "uv": [ 0, 0, 16, 16 ], "texture": "#texture" },
        "south": { "uv": [ 0, 0, 16, 16 ], "texture": "#texture" },
        "west":  { "uv": [ 0, 0, 16, 16 ], "texture": "#texture" },
        "east":  { "uv": [ 0, 0, 16, 16 ], "texture": "#texture" }
    }
},
{
    "from": [ 3, 23, 0 ],
    "to": [ 13, 25, 16 ],
    "faces": {
        "down":  { "uv": [ 0, 0, 16, 16 ], "texture": "#texture" },
        "up":    { "uv": [ 0, 0, 16, 16 ], "texture": "#texture" },
        "north": { "uv": [ 0, 0, 16, 16 ], "texture": "#texture" },
        "south": { "uv": [ 0, 0, 16, 16 ], "texture": "#texture" },
        "west":  { "uv": [ 0, 0, 16, 16 ], "texture": "#texture" },
        "east":  { "uv": [ 0, 0, 16, 16 ], "texture": "#texture" }
    }
},
{
    "from": [ 3, 9.5, 3 ],
    "to": [ 13, 22.5, 16 ],
    "faces": {
        "down":  { "uv": [ 0, 0, 16, 16 ], "texture": "#texture" },
        "up":    { "uv": [ 0, 0, 16, 16 ], "texture": "#texture" },
        "north": { "uv": [ 0, 2, 8, 7 ], "rotation": 180, "texture": "#particle" },
        "south": { "uv": [ 0, 0, 16, 16 ], "texture": "#texture" },
        "west":  { "uv": [ 0, 0, 16, 16 ], "texture": "#texture" },
        "east":  { "uv": [ 0, 0, 16, 16 ], "texture": "#texture" }
    }
},
{
    "from": [ 3, 22.4375, 1.4375 ],
    "to": [ 13, 24.4375, 5.4375 ],
    "rotation": { "origin": [ 3, 24.4375, 1.4375 ], "axis": "x", "angle": 45 },
    "faces": {
        "down":  { "uv": [ 9.5, 0, 10, 0.5 ], "texture": "#particle" },
        "up":    { "uv": [ 0, 0, 16, 16 ], "texture": "#texture" },
        "north": { "uv": [ 0, 0, 16, 16 ], "texture": "#texture" },
        "south": { "uv": [ 0, 0, 16, 16 ], "texture": "#texture" },
        "west":  { "uv": [ 0, 0, 16, 16 ], "texture": "#texture" },
        "east":  { "uv": [ 0, 0, 16, 16 ], "texture": "#texture" }
    }
},
{
    "from": [ 3, -2, 0.5 ],
    "to": [ 13, 10.5, 12 ],
    "faces": {
        "down":  { "uv": [ 0, 0, 16, 16 ], "texture": "#texture" },
        "up":    { "uv": [ 1, 0, 15, 16 ], "texture": "#lattice" },
        "north": { "uv": [ 0, 0, 16, 16 ], "texture": "#texture" },
        "south": { "uv": [ 0, 0, 16, 16 ], "texture": "#texture" },
        "west":  { "uv": [ 0, 0, 16, 16 ], "texture": "#texture" },
        "east":  { "uv": [ 0, 0, 16, 16 ], "texture": "#texture" }
    }
},
{
    "from": [ 5.5625, 19.1875, 0.3125 ],
    "to": [ 6.5625, 19.5, 1.8125 ],
    "rotation": { "origin": [ 5.5625, 19.5, 0.3125 ], "axis": "x", "angle": 22.5 },
    "faces": {
        "down":  { "uv": [ 12.5, 14.5, 13.5, 15.5 ], "texture": "#metal_1" },
        "up":    { "uv": [ 12.5, 14.5, 13.5, 15.5 ], "texture": "#metal_1" },
        "north": { "uv": [ 12.5, 14.5, 13.5, 15.5 ], "texture": "#metal_1" },
        "south": { "uv": [ 12.5, 14.5, 13.5, 15.5 ], "texture": "#metal_1" },
        "west":  { "uv": [ 12.5, 14.5, 13.5, 15.5 ], "texture": "#metal_1" },
        "east":  { "uv": [ 12.5, 14.5, 13.5, 15.5 ], "texture": "#metal_1" }
    }
},
{
    "from": [ 9.5625, 19.25, 0.375 ],
    "to": [ 10.5625, 19.625, 1.875 ],
    "rotation": { "origin": [ 9.5625, 19.625, 0.375 ], "axis": "x", "angle": 22.5 },
    "faces": {
        "down":  { "uv": [ 14.5, 14.5, 15.5, 15.5 ], "texture": "#metal_1" },
        "up":    { "uv": [ 14.5, 14.5, 15.5, 15.5 ], "texture": "#metal_1" },
        "north": { "uv": [ 14.5, 14.5, 15.5, 15.5 ], "texture": "#metal_1" },
        "south": { "uv": [ 14.5, 14, 15.5, 15 ], "texture": "#metal_1" },
        "west":  { "uv": [ 14.5, 14.5, 15.5, 15.5 ], "texture": "#metal_1" },
        "east":  { "uv": [ 14.5, 14.5, 15.5, 15.5 ], "texture": "#metal_1" }
    }
},
{
    "from": [ 9.75, 17.3125, 0.8125 ],
    "to": [ 10.375, 18.8125, 1.5 ],
    "faces": {
        "down":  { "uv": [ 8, 3, 8.5, 3.5 ], "texture": "#particle" },
        "up":    { "uv": [ 8.5, 8, 11.5, 16 ], "texture": "#particle" },
        "north": { "uv": [ 8.5, 8, 11.5, 16 ], "texture": "#particle" },
        "south": { "uv": [ 8.5, 8, 11.5, 16 ], "texture": "#particle" },
        "west":  { "uv": [ 8.5, 8, 11.5, 16 ], "texture": "#particle" },
        "east":  { "uv": [ 8.5, 8, 11.5, 16 ], "texture": "#particle" }
    }
},
{
    "from": [ 9.75, 17.8125, 1.5 ],
    "to": [ 10.375, 18.5, 3 ],
    "faces": {
        "down":  { "uv": [ 8.5, 0, 11.5, 8 ], "rotation": 90, "texture": "#particle" },
        "up":    { "uv": [ 8.5, 0, 11.5, 8 ], "rotation": 90, "texture": "#particle" },
        "north": { "uv": [ 8.5, 0, 11.5, 8 ], "rotation": 90, "texture": "#particle" },
        "south": { "uv": [ 8.5, 0, 11.5, 8 ], "rotation": 90, "texture": "#particle" },
        "west":  { "uv": [ 8.5, 0, 11.5, 8 ], "rotation": 90, "texture": "#particle" },
        "east":  { "uv": [ 8.5, 0, 11.5, 8 ], "rotation": 90, "texture": "#particle" }
    }
},
{
    "from": [ 5.75, 17.8125, 1.5 ],
    "to": [ 6.375, 18.5, 3 ],
    "faces": {
        "down":  { "uv": [ 8.5, 0, 11.5, 8 ], "rotation": 90, "texture": "#particle" },
        "up":    { "uv": [ 8.5, 0, 11.5, 8 ], "rotation": 90, "texture": "#particle" },
        "north": { "uv": [ 8.5, 0, 11.5, 8 ], "rotation": 90, "texture": "#particle" },
        "south": { "uv": [ 8.5, 0, 11.5, 8 ], "rotation": 90, "texture": "#particle" },
        "west":  { "uv": [ 8.5, 0, 11.5, 8 ], "rotation": 90, "texture": "#particle" },
        "east":  { "uv": [ 8.5, 0, 11.5, 8 ], "rotation": 90, "texture": "#particle" }
    }
},
{
    "from": [ 5.75, 17.25, 0.8125 ],
    "to": [ 6.375, 18.75, 1.5 ],
    "faces": {
        "down":  { "uv": [ 8, 3, 8.5, 3.5 ], "texture": "#particle" },
        "up":    { "uv": [ 8.5, 8, 11.5, 16 ], "texture": "#particle" },
        "north": { "uv": [ 8.5, 8, 11.5, 16 ], "texture": "#particle" },
        "south": { "uv": [ 8.5, 8, 11.5, 16 ], "texture": "#particle" },
        "west":  { "uv": [ 8.5, 8, 11.5, 16 ], "texture": "#particle" },
        "east":  { "uv": [ 8.5, 8, 11.5, 16 ], "texture": "#particle" }
    }
},
{
    "from": [ 14.0625, -1, 1 ],
    "to": [ 14.125, 3.5, 15 ],
    "faces": {
        "west":  { "uv": [ 0.5, 0, 15.5, 12.5 ], "texture": "#lattice" },
        "east":  { "uv": [ 0.5, 0, 15.5, 11 ], "texture": "#lattice" }
    }
},
{
    "from": [ 13, -2, 0 ],
    "to": [ 14, 25, 16 ],
    "faces": {
        "down":  { "uv": [ 0, 0, 8, 8 ], "texture": "#particle" },
        "up":    { "uv": [ 0, 0, 8, 7.5 ], "texture": "#particle" },
        "north": { "uv": [ 0, 0, 16, 16 ], "texture": "#gray_concrete" },
        "south": { "uv": [ 0, 0, 16, 16 ], "texture": "#gray_concrete" },
        "west":  { "uv": [ 0, 0, 8, 8 ], "texture": "#particle" },
        "east":  { "uv": [ 0, 0, 16, 16 ], "texture": "#gray_concrete" }
    }
},
{
    "from": [ 5.8125, 18.5625, 0.9375 ],
    "to": [ 6.25, 19, 1.3125 ],
    "faces": {
        "down":  { "uv": [ 8, 3, 8.5, 3.5 ], "texture": "#particle" },
        "up":    { "uv": [ 8.5, 8, 11.5, 16 ], "texture": "#particle" },
        "north": { "uv": [ 8.5, 8, 11.5, 16 ], "texture": "#particle" },
        "south": { "uv": [ 8.5, 8, 11.5, 16 ], "texture": "#particle" },
        "west":  { "uv": [ 8.5, 8, 11.5, 16 ], "texture": "#particle" },
        "east":  { "uv": [ 8.5, 8, 11.5, 16 ], "texture": "#particle" }
    }
},
{
    "from": [ 9.8125, 18.75, 0.875 ],
    "to": [ 10.25, 19.1875, 1.25 ],
    "faces": {
        "down":  { "uv": [ 8, 3, 8.5, 3.5 ], "texture": "#particle" },
        "up":    { "uv": [ 8.5, 8, 11.5, 16 ], "texture": "#particle" },
        "north": { "uv": [ 8.5, 8, 11.5, 16 ], "texture": "#particle" },
        "south": { "uv": [ 8.5, 8, 11.5, 16 ], "texture": "#particle" },
        "west":  { "uv": [ 8.5, 8, 11.5, 16 ], "texture": "#particle" },
        "east":  { "uv": [ 8.5, 8, 11.5, 16 ], "texture": "#particle" }
    }
}
],
"display": {
    "head": {
        "rotation": [ 0, 0, 0 ],
        "translation": [ 0, -23, 0 ],
        "scale": [ 1.7, 1.85, 1.5 ]
    }
}
}