{
"__comment": "Designed by 27box",
"textures": {
    "particle": "block/black_concrete",
    "opc": "block/extra/opc",
    "texture": "block/extra/metal_1",
    "light_gray_concrete": "block/light_gray_concrete",
    "cyan_terracotta": "block/cyan_terracotta",
    "metal_0": "block/extra/metal_0"
},
"elements": [ 
{
    "from": [ 0, 7, 0 ],
    "to": [ 27, 8, 16 ],
    "faces": {
        "down":  { "uv": [ 10, 0, 12, 2 ], "texture": "#opc" },
        "up":    { "uv": [ 14.5, 10.5, 15.5, 11.5 ], "texture": "#opc" },
        "north": { "uv": [ 10, 0, 12, 2 ], "texture": "#opc" },
        "south": { "uv": [ 10, 0, 12, 2 ], "texture": "#opc" },
        "west":  { "uv": [ 10, 0, 12, 2 ], "texture": "#opc" },
        "east":  { "uv": [ 10, 0, 12, 2 ], "texture": "#opc" }
    }
},
{
    "from": [ 27, -4.5, 0 ],
    "to": [ 28, 8, 6.5 ],
    "faces": {
        "down":  { "uv": [ 0, 0, 16, 16 ], "texture": "#opc" },
        "up":    { "uv": [ 0, 0, 16, 16 ], "texture": "#opc" },
        "north": { "uv": [ 0, 0, 16, 16 ], "texture": "#opc" },
        "south": { "uv": [ 0, 0, 16, 16 ], "texture": "#opc" },
        "west":  { "uv": [ 0, 0, 8, 8 ], "texture": "#opc" },
        "east":  { "uv": [ 0, 0, 8, 8 ], "texture": "#metal_0" }
    }
},
{
    "from": [ 27, -4.5, 9.5 ],
    "to": [ 28, 8, 16 ],
    "faces": {
        "down":  { "uv": [ 0, 0, 16, 16 ], "texture": "#opc" },
        "up":    { "uv": [ 0, 0, 16, 16 ], "texture": "#opc" },
        "north": { "uv": [ 0, 0, 16, 16 ], "texture": "#opc" },
        "south": { "uv": [ 0, 0, 16, 16 ], "texture": "#opc" },
        "west":  { "uv": [ 0, 0, 8, 8 ], "texture": "#opc" },
        "east":  { "uv": [ 0, 0, 8, 8 ], "texture": "#metal_0" }
    }
},
{
    "from": [ 27, 7, 6.5 ],
    "to": [ 28, 8, 9.5 ],
    "faces": {
        "down":  { "uv": [ 0, 0, 16, 16 ], "texture": "#opc" },
        "up":    { "uv": [ 0, 0, 16, 16 ], "texture": "#opc" },
        "north": { "uv": [ 0, 0, 16, 16 ], "texture": "#opc" },
        "south": { "uv": [ 0, 0, 16, 16 ], "texture": "#opc" },
        "west":  { "uv": [ 0, 0, 8, 8 ], "texture": "#metal_0" },
        "east":  { "uv": [ 0, 0, 8, 1 ], "texture": "#metal_0" }
    }
},
{
    "from": [ 0, 1.5, 0 ],
    "to": [ 27, 2.5, 16 ],
    "faces": {
        "down":  { "uv": [ 0, 0, 16, 16 ], "texture": "#opc" },
        "up":    { "uv": [ 0, 0, 16, 16 ], "texture": "#opc" },
        "north": { "uv": [ 0, 0, 16, 16 ], "texture": "#opc" },
        "south": { "uv": [ 0, 0, 16, 16 ], "texture": "#opc" },
        "west":  { "uv": [ 0, 0, 16, 16 ], "texture": "#opc" },
        "east":  { "uv": [ 0, 0, 16, 16 ], "texture": "#opc" }
    }
},
{
    "from": [ 27, -4.5, 6.5 ],
    "to": [ 28, -3.5, 9.5 ],
    "faces": {
        "down":  { "uv": [ 0, 0, 16, 16 ], "texture": "#opc" },
        "up":    { "uv": [ 0, 0, 16, 16 ], "texture": "#opc" },
        "north": { "uv": [ 0, 0, 16, 16 ], "texture": "#opc" },
        "south": { "uv": [ 0, 0, 16, 16 ], "texture": "#opc" },
        "west":  { "uv": [ 0, 0, 8, 8 ], "texture": "#metal_0" },
        "east":  { "uv": [ 0, 7, 8, 8 ], "texture": "#metal_0" }
    }
},
{
    "from": [ 0, -4.5, 0 ],
    "to": [ 27, -3.5, 16 ],
    "faces": {
        "down":  { "uv": [ 0, 0, 16, 16 ], "texture": "#opc" },
        "up":    { "uv": [ 0, 0, 16, 16 ], "texture": "#opc" },
        "north": { "uv": [ 0, 0, 16, 16 ], "texture": "#opc" },
        "south": { "uv": [ 0, 0, 16, 16 ], "texture": "#opc" },
        "west":  { "uv": [ 0, 0, 16, 16 ], "texture": "#opc" },
        "east":  { "uv": [ 0, 0, 16, 16 ], "texture": "#opc" }
    }
}
],
"display": {
    "head": {
        "rotation": [ 0, 0, 0 ],
        "translation": [ 2, -17, -0.5 ],
        "scale": [ 1.81, 2.1, 1.6 ]
    }
}
}