{
    "__comment": "Model generated using MrCrayfish's Model Creator (http://mrcrayfish.com/modelcreator/)",
    "textures": {
        "0": "block/extra/metal_0",
		"-1": "block/blue_concrete_powder",
		"particle": "block/blue_concrete_powder"
    },
    "elements": [
        {
            "name": "Cube",
            "from": [ -7.0, 11.0, 7.5 ], 
            "to": [ 23.0, 12.0, 8.5 ], 
            "faces": {
                "north": { "texture": "#0", "uv": [ 0.0, 0.0, 8.0, 8.0 ] },
                "east": { "texture": "#0", "uv": [ 0.0, 0.0, 1.0, 1.0 ] },
                "south": { "texture": "#0", "uv": [ 0.0, 0.0, 8.0, 8.0 ] },
                "west": { "texture": "#0", "uv": [ 0.0, 0.0, 1.0, 1.0 ] },
                "up": { "texture": "#0", "uv": [ 0.0, 0.0, 8.0, 8.0 ] },
                "down": { "texture": "#0", "uv": [ 0.0, 0.0, 8.0, 8.0 ] }
            }
        },
        {
            "name": "Cube1",
            "from": [ -8.0, 0.0, 0.0 ], 
            "to": [ -7.0, 1.0, 16.0 ], 
            "faces": {
                "north": { "texture": "#0", "uv": [ 0.0, 0.0, 1.0, 1.0 ] },
                "east": { "texture": "#0", "uv": [ 0.0, 0.0, 8.0, 8.0 ], "rotation": 90 },
                "south": { "texture": "#0", "uv": [ 0.0, 7.0, 1.0, 8.0 ] },
                "west": { "texture": "#0", "uv": [ 0.0, 0.0, 8.0, 8.0 ], "rotation": 270 },
                "up": { "texture": "#0", "uv": [ 0.0, 0.0, 8.0, 8.0 ] },
                "down": { "texture": "#0", "uv": [ 0.0, 0.0, 8.0, 8.0 ], "rotation": 180 }
            }
        },
        {
            "name": "Cube1",
            "from": [ -8.0, 1.0, 0.0 ], 
            "to": [ -7.0, 11.0, 1.0 ], 
            "faces": {
                "north": { "texture": "#0", "uv": [ 0.0, 0.0, 1.0, 8.0 ] },
                "east": { "texture": "#0", "uv": [ 0.0, 0.0, 1.0, 8.0 ] },
                "south": { "texture": "#0", "uv": [ 0.0, 0.0, 1.0, 8.0 ] },
                "west": { "texture": "#0", "uv": [ 0.0, 0.0, 1.0, 8.0 ] },
                "up": { "texture": "#0", "uv": [ 0.0, 0.0, 1.0, 1.0 ] },
                "down": { "texture": "#0", "uv": [ 0.0, 7.0, 1.0, 8.0 ] }
            }
        },
        {
            "name": "Cube1",
            "from": [ -8.0, 1.0, 15.0 ], 
            "to": [ -7.0, 11.0, 16.0 ], 
            "faces": {
                "north": { "texture": "#0", "uv": [ 0.0, 0.0, 1.0, 8.0 ] },
                "east": { "texture": "#0", "uv": [ 0.0, 0.0, 1.0, 8.0 ] },
                "south": { "texture": "#0", "uv": [ 0.0, 0.0, 1.0, 8.0 ] },
                "west": { "texture": "#0", "uv": [ 0.0, 0.0, 1.0, 8.0 ] },
                "up": { "texture": "#0", "uv": [ 0.0, 0.0, 1.0, 1.0 ] },
                "down": { "texture": "#0", "uv": [ 0.0, 0.0, 1.0, 1.0 ] }
            }
        },
        {
            "name": "Cube1",
            "from": [ -8.0, 11.0, 0.0 ], 
            "to": [ -7.0, 12.0, 16.0 ], 
            "faces": {
                "north": { "texture": "#0", "uv": [ 0.0, 0.0, 1.0, 1.0 ] },
                "east": { "texture": "#0", "uv": [ 0.0, 0.0, 8.0, 8.0 ], "rotation": 90 },
                "south": { "texture": "#0", "uv": [ 0.0, 7.0, 1.0, 8.0 ] },
                "west": { "texture": "#0", "uv": [ 0.0, 0.0, 8.0, 8.0 ], "rotation": 270 },
                "up": { "texture": "#0", "uv": [ 0.0, 0.0, 8.0, 8.0 ] },
                "down": { "texture": "#0", "uv": [ 0.0, 0.0, 8.0, 8.0 ], "rotation": 180 }
            }
        },
        {
            "name": "Cube2",
            "from": [ 23.0, 0.0, 0.0 ], 
            "to": [ 24.0, 1.0, 16.0 ], 
            "faces": {
                "north": { "texture": "#0", "uv": [ 0.0, 0.0, 1.0, 1.0 ] },
                "east": { "texture": "#0", "uv": [ 0.0, 0.0, 8.0, 8.0 ], "rotation": 90 },
                "south": { "texture": "#0", "uv": [ 0.0, 7.0, 1.0, 8.0 ] },
                "west": { "texture": "#0", "uv": [ 0.0, 0.0, 8.0, 8.0 ], "rotation": 270 },
                "up": { "texture": "#0", "uv": [ 0.0, 0.0, 8.0, 8.0 ] },
                "down": { "texture": "#0", "uv": [ 0.0, 0.0, 8.0, 8.0 ], "rotation": 180 }
            }
        },
        {
            "name": "Cube2",
            "from": [ 23.0, 1.0, 0.0 ], 
            "to": [ 24.0, 11.0, 1.0 ], 
            "faces": {
                "north": { "texture": "#0", "uv": [ 0.0, 0.0, 1.0, 8.0 ] },
                "east": { "texture": "#0", "uv": [ 0.0, 0.0, 1.0, 8.0 ] },
                "south": { "texture": "#0", "uv": [ 0.0, 0.0, 1.0, 8.0 ] },
                "west": { "texture": "#0", "uv": [ 0.0, 0.0, 1.0, 8.0 ] },
                "up": { "texture": "#0", "uv": [ 0.0, 0.0, 1.0, 1.0 ] },
                "down": { "texture": "#0", "uv": [ 0.0, 7.0, 1.0, 8.0 ] }
            }
        },
        {
            "name": "Cube2",
            "from": [ 23.0, 1.0, 15.0 ], 
            "to": [ 24.0, 11.0, 16.0 ], 
            "faces": {
                "north": { "texture": "#0", "uv": [ 0.0, 0.0, 1.0, 8.0 ] },
                "east": { "texture": "#0", "uv": [ 0.0, 0.0, 1.0, 7.0 ] },
                "south": { "texture": "#0", "uv": [ 0.0, 0.0, 1.0, 8.0 ] },
                "west": { "texture": "#0", "uv": [ 0.0, 0.0, 1.0, 8.0 ] },
                "up": { "texture": "#0", "uv": [ 0.0, 0.0, 1.0, 1.0 ] },
                "down": { "texture": "#0", "uv": [ 0.0, 7.0, 1.0, 8.0 ] }
            }
        },
        {
            "name": "Cube2",
            "from": [ 23.0, 11.0, 0.0 ], 
            "to": [ 24.0, 12.0, 16.0 ], 
            "faces": {
                "north": { "texture": "#0", "uv": [ 0.0, 0.0, 1.0, 1.0 ] },
                "east": { "texture": "#0", "uv": [ 0.0, 0.0, 8.0, 8.0 ], "rotation": 90 },
                "south": { "texture": "#0", "uv": [ 0.0, 7.0, 1.0, 8.0 ] },
                "west": { "texture": "#0", "uv": [ 0.0, 0.0, 8.0, 8.0 ], "rotation": 270 },
                "up": { "texture": "#0", "uv": [ 0.0, 0.0, 8.0, 8.0 ] },
                "down": { "texture": "#0", "uv": [ 0.0, 0.0, 8.0, 8.0 ], "rotation": 180 }
            }
        },
        {
            "name": "Cube3",
            "from": [ -7.0, 12.0, 2.0 ], 
            "to": [ 7.0, 13.0, 14.0 ], 
            "faces": {
                "north": { "texture": "#-1", "uv": [ 0.0, 0.0, 14.0, 1.0 ] },
                "east": { "texture": "#-1", "uv": [ 0.0, 0.0, 12.0, 1.0 ] },
                "south": { "texture": "#-1", "uv": [ 0.0, 0.0, 14.0, 1.0 ] },
                "west": { "texture": "#-1", "uv": [ 0.0, 0.0, 12.0, 1.0 ] },
                "up": { "texture": "#-1", "uv": [ 0.0, 0.0, 14.0, 12.0 ] },
                "down": { "texture": "#-1", "uv": [ 0.0, 0.0, 14.0, 12.0 ] }
            }
        },
        {
            "name": "Cube3",
            "from": [ -7.0, 14.0, 4.0 ], 
            "to": [ 7.0, 26.0, 5.0 ], 
            "rotation": { "origin": [ 8.0, 8.0, 8.0 ], "axis": "x", "angle": -22.5 },
            "faces": {
                "north": { "texture": "#-1", "uv": [ 0.0, 0.0, 14.0, 12.0 ] },
                "east": { "texture": "#-1", "uv": [ 0.0, 0.0, 1.0, 12.0 ] },
                "south": { "texture": "#-1", "uv": [ 0.0, 0.0, 14.0, 12.0 ] },
                "west": { "texture": "#-1", "uv": [ 0.0, 0.0, 1.0, 12.0 ] },
                "up": { "texture": "#-1", "uv": [ 0.0, 0.0, 14.0, 1.0 ] },
                "down": { "texture": "#-1", "uv": [ 0.0, 0.0, 14.0, 1.0 ] }
            }
        },
        {
            "name": "Cube4",
            "from": [ 9.0, 12.0, 2.0 ], 
            "to": [ 23.0, 13.0, 14.0 ], 
            "faces": {
                "north": { "texture": "#-1", "uv": [ 0.0, 0.0, 14.0, 1.0 ] },
                "east": { "texture": "#-1", "uv": [ 0.0, 0.0, 12.0, 1.0 ] },
                "south": { "texture": "#-1", "uv": [ 0.0, 0.0, 14.0, 1.0 ] },
                "west": { "texture": "#-1", "uv": [ 0.0, 0.0, 12.0, 1.0 ] },
                "up": { "texture": "#-1", "uv": [ 0.0, 0.0, 14.0, 12.0 ] },
                "down": { "texture": "#-1", "uv": [ 0.0, 0.0, 14.0, 12.0 ] }
            }
        },
        {
            "name": "Cube4",
            "from": [ 9.0, 14.0, 4.0 ], 
            "to": [ 23.0, 26.0, 5.0 ], 
            "rotation": { "origin": [ 8.0, 8.0, 8.0 ], "axis": "x", "angle": -22.5 },
            "faces": {
                "north": { "texture": "#-1", "uv": [ 0.0, 0.0, 14.0, 12.0 ] },
                "east": { "texture": "#-1", "uv": [ 0.0, 0.0, 1.0, 12.0 ] },
                "south": { "texture": "#-1", "uv": [ 0.0, 0.0, 14.0, 12.0 ] },
                "west": { "texture": "#-1", "uv": [ 0.0, 0.0, 1.0, 12.0 ] },
                "up": { "texture": "#-1", "uv": [ 0.0, 0.0, 14.0, 1.0 ] },
                "down": { "texture": "#-1", "uv": [ 0.0, 0.0, 14.0, 1.0 ] }
            }
        }
    ],
"display": {
    "thirdperson_righthand": {
        "rotation": [ 270, 0, 0 ],
        "translation": [ -6, -2, 10 ],
        "scale": [ 1, 1, 1 ]
    },
    "ground": {
        "rotation": [ 0, 0, 0 ],
        "translation": [ 0, 0, 0 ],
        "scale": [ 0.5, 0.5, 0.5 ]
    },
    "firstperson_righthand": {
        "rotation": [ 0, 0, 0 ],
        "translation": [ 0, 0, 0 ],
        "scale": [ 0.3, 0.3, 0.3 ]
    },
    "gui": {
        "rotation": [ 0, 0, 0 ],
        "translation": [ 0, 0, 0 ],
        "scale": [ 0.2, 0.2, 0.2 ]
    }
}
}