{
    "__comment": "Model generated using MrCrayfish's Model Creator (http://mrcrayfish.com/modelcreator/)",
    "textures": {
		"-1": "block/white_concrete",
		"particle": "block/white_concrete"
    },
    "elements": [
        {
            "name": "Cube",
            "from": [ -8.0, 0.0, -8.0 ], 
            "to": [ 24.0, 8.0, 24.0 ], 
            "faces": {
                "north": { "texture": "#-1", "uv": [ 0.0, 0.0, 16.0, 8.0 ] },
                "east": { "texture": "#-1", "uv": [ 0.0, 0.0, 16.0, 8.0 ] },
                "south": { "texture": "#-1", "uv": [ 0.0, 0.0, 16.0, 8.0 ] },
                "west": { "texture": "#-1", "uv": [ 0.0, 0.0, 16.0, 8.0 ] },
                "up": { "texture": "#-1", "uv": [ 0.0, 0.0, 16.0, 16.0 ] },
                "down": { "texture": "#-1", "uv": [ 0.0, 0.0, 16.0, 16.0 ] }
            }
        },
        {
            "name": "Cube",
            "from": [ 0.0, 8.0, 0.0 ], 
            "to": [ 16.0, 16.0, 16.0 ], 
            "faces": {
                "north": { "texture": "#-1", "uv": [ 0.0, 0.0, 16.0, 8.0 ] },
                "east": { "texture": "#-1", "uv": [ 0.0, 0.0, 16.0, 8.0 ] },
                "south": { "texture": "#-1", "uv": [ 0.0, 0.0, 16.0, 8.0 ] },
                "west": { "texture": "#-1", "uv": [ 0.0, 0.0, 16.0, 8.0 ] },
                "up": { "texture": "#-1", "uv": [ 0.0, 0.0, 16.0, 16.0 ] },
                "down": { "texture": "#-1", "uv": [ 0.0, 0.0, 16.0, 16.0 ] }
            }
        },
        {
            "name": "CubeL",
            "from": [ -13.0, -2.0, 2.0 ], 
            "to": [ 8.0, 19.0, 3.0 ], 
            "rotation": { "origin": [ 8.0, 8.0, 8.0 ], "axis": "z", "angle": 45.0 },
            "faces": {
                "north": { "texture": "#-1", "uv": [ 0.0, 0.0, 16.0, 16.0 ] },
                "east": { "texture": "#-1", "uv": [ 0.0, 0.0, 1.0, 16.0 ] },
                "south": { "texture": "#-1", "uv": [ 0.0, 0.0, 16.0, 16.0 ] },
                "west": { "texture": "#-1", "uv": [ 0.0, 0.0, 1.0, 16.0 ] },
                "up": { "texture": "#-1", "uv": [ 0.0, 0.0, 16.0, 1.0 ] },
                "down": { "texture": "#-1", "uv": [ 0.0, 0.0, 16.0, 1.0 ] }
            }
        },
        {
            "name": "CubeL",
            "from": [ -13.0, -2.0, 13.0 ], 
            "to": [ 8.0, 19.0, 14.0 ], 
            "rotation": { "origin": [ 8.0, 8.0, 8.0 ], "axis": "z", "angle": 45.0 },
            "faces": {
                "north": { "texture": "#-1", "uv": [ 0.0, 0.0, 16.0, 16.0 ] },
                "east": { "texture": "#-1", "uv": [ 0.0, 0.0, 1.0, 16.0 ] },
                "south": { "texture": "#-1", "uv": [ 0.0, 0.0, 16.0, 16.0 ] },
                "west": { "texture": "#-1", "uv": [ 0.0, 0.0, 1.0, 16.0 ] },
                "up": { "texture": "#-1", "uv": [ 0.0, 0.0, 16.0, 1.0 ] },
                "down": { "texture": "#-1", "uv": [ 0.0, 0.0, 16.0, 1.0 ] }
            }
        },
        {
            "name": "CubeR",
            "from": [ -2.0, -13.0, 2.0 ], 
            "to": [ 19.0, 8.0, 3.0 ], 
            "rotation": { "origin": [ 8.0, 8.0, 8.0 ], "axis": "z", "angle": 45.0 },
            "faces": {
                "north": { "texture": "#-1", "uv": [ 0.0, 0.0, 16.0, 16.0 ] },
                "east": { "texture": "#-1", "uv": [ 0.0, 0.0, 1.0, 16.0 ] },
                "south": { "texture": "#-1", "uv": [ 0.0, 0.0, 16.0, 16.0 ] },
                "west": { "texture": "#-1", "uv": [ 0.0, 0.0, 1.0, 16.0 ] },
                "up": { "texture": "#-1", "uv": [ 0.0, 0.0, 16.0, 1.0 ] },
                "down": { "texture": "#-1", "uv": [ 0.0, 0.0, 16.0, 1.0 ] }
            }
        },
        {
            "name": "CubeR",
            "from": [ -2.0, -13.0, 13.0 ], 
            "to": [ 19.0, 8.0, 14.0 ], 
            "rotation": { "origin": [ 8.0, 8.0, 8.0 ], "axis": "z", "angle": 45.0 },
            "faces": {
                "north": { "texture": "#-1", "uv": [ 0.0, 0.0, 16.0, 16.0 ] },
                "east": { "texture": "#-1", "uv": [ 0.0, 0.0, 1.0, 16.0 ] },
                "south": { "texture": "#-1", "uv": [ 0.0, 0.0, 16.0, 16.0 ] },
                "west": { "texture": "#-1", "uv": [ 0.0, 0.0, 1.0, 16.0 ] },
                "up": { "texture": "#-1", "uv": [ 0.0, 0.0, 16.0, 1.0 ] },
                "down": { "texture": "#-1", "uv": [ 0.0, 0.0, 16.0, 1.0 ] }
            }
        },
        {
            "name": "CubeB",
            "from": [ 2.0, -2.0, 8.0 ], 
            "to": [ 3.0, 19.0, 29.0 ], 
            "rotation": { "origin": [ 8.0, 8.0, 8.0 ], "axis": "x", "angle": 45.0 },
            "faces": {
                "north": { "texture": "#-1", "uv": [ 0.0, 0.0, 1.0, 16.0 ] },
                "east": { "texture": "#-1", "uv": [ 0.0, 0.0, 16.0, 16.0 ] },
                "south": { "texture": "#-1", "uv": [ 0.0, 0.0, 1.0, 16.0 ] },
                "west": { "texture": "#-1", "uv": [ 0.0, 0.0, 16.0, 16.0 ] },
                "up": { "texture": "#-1", "uv": [ 0.0, 0.0, 1.0, 16.0 ] },
                "down": { "texture": "#-1", "uv": [ 0.0, 0.0, 1.0, 16.0 ] }
            }
        },
        {
            "name": "CubeB",
            "from": [ 13.0, -2.0, 8.0 ], 
            "to": [ 14.0, 19.0, 29.0 ], 
            "rotation": { "origin": [ 8.0, 8.0, 8.0 ], "axis": "x", "angle": 45.0 },
            "faces": {
                "north": { "texture": "#-1", "uv": [ 0.0, 0.0, 1.0, 16.0 ] },
                "east": { "texture": "#-1", "uv": [ 0.0, 0.0, 16.0, 16.0 ] },
                "south": { "texture": "#-1", "uv": [ 0.0, 0.0, 1.0, 16.0 ] },
                "west": { "texture": "#-1", "uv": [ 0.0, 0.0, 16.0, 16.0 ] },
                "up": { "texture": "#-1", "uv": [ 0.0, 0.0, 1.0, 16.0 ] },
                "down": { "texture": "#-1", "uv": [ 0.0, 0.0, 1.0, 16.0 ] }
            }
        },
        {
            "name": "CubeF",
            "from": [ 13.0, -13.0, -3.0 ], 
            "to": [ 14.0, 8.0, 18.0 ], 
            "rotation": { "origin": [ 8.0, 8.0, 8.0 ], "axis": "x", "angle": 45.0 },
            "faces": {
                "north": { "texture": "#-1", "uv": [ 0.0, 0.0, 1.0, 16.0 ] },
                "east": { "texture": "#-1", "uv": [ 0.0, 0.0, 16.0, 16.0 ] },
                "south": { "texture": "#-1", "uv": [ 0.0, 0.0, 1.0, 16.0 ] },
                "west": { "texture": "#-1", "uv": [ 0.0, 0.0, 16.0, 16.0 ] },
                "up": { "texture": "#-1", "uv": [ 0.0, 0.0, 1.0, 16.0 ] },
                "down": { "texture": "#-1", "uv": [ 0.0, 0.0, 1.0, 16.0 ] }
            }
        },
        {
            "name": "CubeF",
            "from": [ 2.0, -13.0, -3.0 ], 
            "to": [ 3.0, 8.0, 18.0 ], 
            "rotation": { "origin": [ 8.0, 8.0, 8.0 ], "axis": "x", "angle": 45.0 },
            "faces": {
                "north": { "texture": "#-1", "uv": [ 0.0, 0.0, 1.0, 16.0 ] },
                "east": { "texture": "#-1", "uv": [ 0.0, 0.0, 16.0, 16.0 ] },
                "south": { "texture": "#-1", "uv": [ 0.0, 0.0, 1.0, 16.0 ] },
                "west": { "texture": "#-1", "uv": [ 0.0, 0.0, 16.0, 16.0 ] },
                "up": { "texture": "#-1", "uv": [ 0.0, 0.0, 1.0, 16.0 ] },
                "down": { "texture": "#-1", "uv": [ 0.0, 0.0, 1.0, 16.0 ] }
            }
        },
        {
            "name": "Cube11",
            "from": [ 2.0, 0.0, -11.0 ], 
            "to": [ 14.0, 4.0, 27.0 ], 
            "faces": {
                "north": { "texture": "#-1", "uv": [ 0.0, 0.0, 12.0, 4.0 ] },
                "east": { "texture": "#-1", "uv": [ 0.0, 0.0, 16.0, 4.0 ] },
                "south": { "texture": "#-1", "uv": [ 0.0, 0.0, 12.0, 4.0 ] },
                "west": { "texture": "#-1", "uv": [ 0.0, 0.0, 16.0, 4.0 ] },
                "up": { "texture": "#-1", "uv": [ 0.0, 0.0, 12.0, 16.0 ] },
                "down": { "texture": "#-1", "uv": [ 0.0, 0.0, 12.0, 16.0 ] }
            }
        },
        {
            "name": "Cube12",
            "from": [ 2.0, 8.0, -3.0 ], 
            "to": [ 14.0, 12.0, 19.0 ], 
            "faces": {
                "north": { "texture": "#-1", "uv": [ 0.0, 0.0, 12.0, 4.0 ] },
                "east": { "texture": "#-1", "uv": [ 0.0, 0.0, 16.0, 4.0 ] },
                "south": { "texture": "#-1", "uv": [ 0.0, 0.0, 12.0, 4.0 ] },
                "west": { "texture": "#-1", "uv": [ 0.0, 0.0, 16.0, 4.0 ] },
                "up": { "texture": "#-1", "uv": [ 0.0, 0.0, 12.0, 16.0 ] },
                "down": { "texture": "#-1", "uv": [ 0.0, 0.0, 12.0, 16.0 ] }
            }
        },
        {
            "name": "Cube21",
            "from": [ -11.0, 0.0, 3.0 ], 
            "to": [ 27.0, 4.0, 13.0 ], 
            "faces": {
                "north": { "texture": "#-1", "uv": [ 0.0, 0.0, 16.0, 4.0 ] },
                "east": { "texture": "#-1", "uv": [ 0.0, 0.0, 10.0, 4.0 ] },
                "south": { "texture": "#-1", "uv": [ 0.0, 0.0, 16.0, 4.0 ] },
                "west": { "texture": "#-1", "uv": [ 0.0, 0.0, 10.0, 4.0 ] },
                "up": { "texture": "#-1", "uv": [ 0.0, 0.0, 16.0, 10.0 ] },
                "down": { "texture": "#-1", "uv": [ 0.0, 0.0, 16.0, 10.0 ] }
            }
        },
        {
            "name": "Cube22",
            "from": [ -3.0, 8.0, 3.0 ], 
            "to": [ 19.0, 12.0, 13.0 ], 
            "faces": {
                "north": { "texture": "#-1", "uv": [ 0.0, 0.0, 16.0, 4.0 ] },
                "east": { "texture": "#-1", "uv": [ 0.0, 0.0, 10.0, 4.0 ] },
                "south": { "texture": "#-1", "uv": [ 0.0, 0.0, 16.0, 4.0 ] },
                "west": { "texture": "#-1", "uv": [ 0.0, 0.0, 10.0, 4.0 ] },
                "up": { "texture": "#-1", "uv": [ 0.0, 0.0, 16.0, 10.0 ] },
                "down": { "texture": "#-1", "uv": [ 0.0, 0.0, 16.0, 10.0 ] }
            }
        },
        {
            "name": "CubeP",
            "from": [ -9.0, 0.0, -9.0 ], 
            "to": [ -5.0, 9.0, -5.0 ], 
            "faces": {
                "north": { "texture": "#-1", "uv": [ 0.0, 0.0, 4.0, 9.0 ] },
                "east": { "texture": "#-1", "uv": [ 0.0, 0.0, 4.0, 9.0 ] },
                "south": { "texture": "#-1", "uv": [ 0.0, 0.0, 4.0, 9.0 ] },
                "west": { "texture": "#-1", "uv": [ 0.0, 0.0, 4.0, 9.0 ] },
                "up": { "texture": "#-1", "uv": [ 0.0, 0.0, 4.0, 4.0 ] },
                "down": { "texture": "#-1", "uv": [ 0.0, 0.0, 4.0, 4.0 ] }
            }
        },
        {
            "name": "CubeP",
            "from": [ -9.0, 0.0, 21.0 ], 
            "to": [ -5.0, 9.0, 25.0 ], 
            "faces": {
                "north": { "texture": "#-1", "uv": [ 0.0, 0.0, 4.0, 9.0 ] },
                "east": { "texture": "#-1", "uv": [ 0.0, 0.0, 4.0, 9.0 ] },
                "south": { "texture": "#-1", "uv": [ 0.0, 0.0, 4.0, 9.0 ] },
                "west": { "texture": "#-1", "uv": [ 0.0, 0.0, 4.0, 9.0 ] },
                "up": { "texture": "#-1", "uv": [ 0.0, 0.0, 4.0, 4.0 ] },
                "down": { "texture": "#-1", "uv": [ 0.0, 0.0, 4.0, 4.0 ] }
            }
        },
        {
            "name": "CubeP",
            "from": [ 20.0, 0.0, 21.0 ], 
            "to": [ 24.0, 9.0, 25.0 ], 
            "faces": {
                "north": { "texture": "#-1", "uv": [ 0.0, 0.0, 4.0, 9.0 ] },
                "east": { "texture": "#-1", "uv": [ 0.0, 0.0, 4.0, 9.0 ] },
                "south": { "texture": "#-1", "uv": [ 0.0, 0.0, 4.0, 9.0 ] },
                "west": { "texture": "#-1", "uv": [ 0.0, 0.0, 4.0, 9.0 ] },
                "up": { "texture": "#-1", "uv": [ 0.0, 0.0, 4.0, 4.0 ] },
                "down": { "texture": "#-1", "uv": [ 0.0, 0.0, 4.0, 4.0 ] }
            }
        },
        {
            "name": "CubeP",
            "from": [ 20.0, 0.0, -9.0 ], 
            "to": [ 24.0, 9.0, -5.0 ], 
            "faces": {
                "north": { "texture": "#-1", "uv": [ 0.0, 0.0, 4.0, 9.0 ] },
                "east": { "texture": "#-1", "uv": [ 0.0, 0.0, 4.0, 9.0 ] },
                "south": { "texture": "#-1", "uv": [ 0.0, 0.0, 4.0, 9.0 ] },
                "west": { "texture": "#-1", "uv": [ 0.0, 0.0, 4.0, 9.0 ] },
                "up": { "texture": "#-1", "uv": [ 0.0, 0.0, 4.0, 4.0 ] },
                "down": { "texture": "#-1", "uv": [ 0.0, 0.0, 4.0, 4.0 ] }
            }
        }
    ],
"display": {
    "thirdperson_righthand": {
        "rotation": [ 270, 0, 0 ],
        "translation": [ -6, -2, 10 ],
        "scale": [ 2.1, 1.5, 2.1 ]
    },
    "ground": {
        "rotation": [ 0, 0, 0 ],
        "translation": [ 0, 0, 0 ],
        "scale": [ 0.5, 0.5, 0.5 ]
    },
    "firstperson_righthand": {
        "rotation": [ 0, 0, 0 ],
        "translation": [ 0, 0, 0 ],
        "scale": [ 0.3, 0.3, 0.3 ]
    },
    "gui": {
        "rotation": [ 0, 0, 0 ],
        "translation": [ 0, 0, 0 ],
        "scale": [ 0.2, 0.2, 0.2 ]
    }
}
}