{
"__comment": "Designed by 27box",
"textures": {
    "particle": "block/light_gray_concrete",
    "texture": "block/extra/metal_0",
    "gray_concrete": "block/black_concrete",
    "black_concrete": "block/gray_concrete"
},
"elements": [ 
{
    "from": [ -2, 0, 6.5 ],
    "to": [ 18, 1.5, 10.5 ],
    "faces": {
        "north": { "uv": [ 0, 0, 16, 16 ], "rotation": 90, "texture": "#gray_concrete" },
        "south": { "uv": [ 0, 0, 16, 16 ], "rotation": 90, "texture": "#gray_concrete" },
        "west":  { "uv": [ 0, 0, 16, 16 ], "texture": "#gray_concrete" },
        "east":  { "uv": [ 0, 0, 16, 16 ], "texture": "#gray_concrete" }
    }
},
{
    "from": [ -2, 1.5, 6.5 ],
    "to": [ 18, 1.8125, 10.5 ],
    "faces": {
        "down":  { "uv": [ 0, 0, 16, 16 ], "rotation": 90, "texture": "#black_concrete" },
        "up":    { "uv": [ 0, 0, 16, 16 ], "rotation": 90, "texture": "#black_concrete" },
        "north": { "uv": [ 0, 0, 16, 16 ], "rotation": 90, "texture": "#black_concrete" },
        "south": { "uv": [ 0, 0, 16, 16 ], "rotation": 90, "texture": "#black_concrete" },
        "west":  { "uv": [ 0, 0, 16, 16 ], "texture": "#black_concrete" },
        "east":  { "uv": [ 0, 0, 16, 16 ], "texture": "#black_concrete" }
    }
},
{
    "from": [ 0.0625, 1.875, 8.5 ],
    "to": [ 0.125, 14.375, 8.5625 ],
    "faces": {
        "down":  { "uv": [ 3, 6, 4, 7 ], "texture": "#particle" },
        "up":    { "uv": [ 3, 6.5, 4, 7.5 ], "texture": "#particle" },
        "north": { "uv": [ 2, 6.5, 3, 7.5 ], "texture": "#particle" },
        "south": { "uv": [ 2, 6.5, 3, 7.5 ], "texture": "#particle" },
        "west":  { "uv": [ 2.5, 6.5, 3.5, 7.5 ], "texture": "#particle" },
        "east":  { "uv": [ 2, 6.5, 3, 7.5 ], "texture": "#particle" }
    }
},
{
    "from": [ 15.75, 14.375, 8.125 ],
    "to": [ 16.4375, 14.4375, 8.875 ],
    "faces": {
        "down":  { "uv": [ 9.5, 3, 11, 4.5 ], "rotation": 90, "texture": "#texture" },
        "up":    { "uv": [ 9.5, 3.5, 11, 5 ], "rotation": 90, "texture": "#texture" },
        "north": { "uv": [ 9.5, 4.5, 11, 4.8125 ], "texture": "#texture" },
        "south": { "uv": [ 9.5, 4.5, 11, 4.8125 ], "texture": "#texture" },
        "west":  { "uv": [ 9.5, 4.5, 11, 4.8125 ], "texture": "#texture" },
        "east":  { "uv": [ 9.5, 4.5, 11, 4.8125 ], "texture": "#texture" }
    }
},
{
    "from": [ -1.9375, 0.25, 6.625 ],
    "to": [ 17.9375, 0.3125, 10.4375 ],
    "faces": {
        "down":  { "uv": [ 4.5, 7.5, 3.5, 6.5 ], "texture": "#texture" }
    }
},
{
    "from": [ 16.0625, 1.9375, 8.5 ],
    "to": [ 16.125, 14.4375, 8.5625 ],
    "faces": {
        "down":  { "uv": [ 3, 6, 4, 7 ], "texture": "#particle" },
        "up":    { "uv": [ 3, 6.5, 4, 7.5 ], "texture": "#particle" },
        "north": { "uv": [ 2, 6.5, 3, 7.5 ], "texture": "#particle" },
        "south": { "uv": [ 2, 6.5, 3, 7.5 ], "texture": "#particle" },
        "west":  { "uv": [ 2.5, 6.5, 3.5, 7.5 ], "texture": "#particle" },
        "east":  { "uv": [ 2, 6.5, 3, 7.5 ], "texture": "#particle" }
    }
},
{
    "from": [ -0.25, 14.375, 8.125 ],
    "to": [ 0.4375, 14.4375, 8.875 ],
    "faces": {
        "down":  { "uv": [ 9.5, 3, 11, 4.5 ], "rotation": 90, "texture": "#texture" },
        "up":    { "uv": [ 9.5, 3.5, 11, 5 ], "rotation": 90, "texture": "#texture" },
        "north": { "uv": [ 9.5, 4.5, 11, 4.8125 ], "texture": "#texture" },
        "south": { "uv": [ 9.5, 4.5, 11, 4.8125 ], "texture": "#texture" },
        "west":  { "uv": [ 9.5, 4.5, 11, 4.8125 ], "texture": "#texture" },
        "east":  { "uv": [ 9.5, 4.5, 11, 4.8125 ], "texture": "#texture" }
    }
},
{
    "from": [ -0.25, 1.875, 8.125 ],
    "to": [ 0.4375, 1.9375, 8.875 ],
    "faces": {
        "down":  { "uv": [ 9.5, 3, 11, 4.5 ], "rotation": 90, "texture": "#texture" },
        "up":    { "uv": [ 9.5, 3.5, 11, 5 ], "rotation": 90, "texture": "#texture" },
        "north": { "uv": [ 9.5, 4.5, 11, 4.8125 ], "texture": "#texture" },
        "south": { "uv": [ 9.5, 4.5, 11, 4.8125 ], "texture": "#texture" },
        "west":  { "uv": [ 9.5, 4.5, 11, 4.8125 ], "texture": "#texture" },
        "east":  { "uv": [ 9.5, 4.5, 11, 4.8125 ], "texture": "#texture" }
    }
},
{
    "from": [ 15.75, 1.875, 8.125 ],
    "to": [ 16.4375, 1.9375, 8.875 ],
    "faces": {
        "down":  { "uv": [ 9.5, 3, 11, 4.5 ], "rotation": 90, "texture": "#texture" },
        "up":    { "uv": [ 9.5, 3.5, 11, 5 ], "rotation": 90, "texture": "#texture" },
        "north": { "uv": [ 9.5, 4.5, 11, 4.8125 ], "texture": "#texture" },
        "south": { "uv": [ 9.5, 4.5, 11, 4.8125 ], "texture": "#texture" },
        "west":  { "uv": [ 9.5, 4.5, 11, 4.8125 ], "texture": "#texture" },
        "east":  { "uv": [ 9.5, 4.5, 11, 4.8125 ], "texture": "#texture" }
    }
}
],
"display": {
    "head": {
        "rotation": [ 0, 0, 0 ],
        "translation": [ 0, -5, 0 ],
        "scale": [ 3.8, 2, 2 ]
    }
}
}