{
"__comment": "Designed by 27box",
"textures": {
    "particle": "block/black_concrete",
    "texture": "block/white_concrete",
    "metal_0": "block/extra/metal_0",
    "lattice": "block/extra/lattice",
    "phone": "block/extra/phone"
},
"elements": [ 
{
    "from": [ 5, 7, 2.5 ],
    "to": [ 13, 10, 10.5 ],
    "faces": {
        "down":  { "uv": [ 3, 1, 0, 0 ], "texture": "#metal_0" },
        "up":    { "uv": [ 0, 0, 8, 8 ], "rotation": 90, "texture": "#metal_0" },
        "north": { "uv": [ 0, 0, 8, 8 ], "texture": "#metal_0" },
        "south": { "uv": [ 8, 6, 8.5, 7 ], "texture": "#metal_0" },
        "west":  { "uv": [ 0, 0, 8, 8 ], "texture": "#metal_0" },
        "east":  { "uv": [ 0, 0, 8, 8 ], "texture": "#metal_0" }
    }
},
{
    "from": [ 13, 7.1875, 3 ],
    "to": [ 13.0625, 9.6875, 10 ],
    "faces": {
        "down":  { "uv": [ 13, 3, 13.0625, 13 ], "texture": "#lattice" },
        "up":    { "uv": [ 13, 3, 13.0625, 13 ], "texture": "#lattice" },
        "east":  { "uv": [ 0.5, 6.5, 15.5, 16 ], "texture": "#lattice" }
    }
},
{
    "from": [ 5.3125, 7.5625, 10.625 ],
    "to": [ 5.375, 9.5625, 12.8125 ],
    "faces": {
        "west":  { "uv": [ 13.5, 0, 16, 2.5 ], "texture": "#phone" }
    }
},
{
    "from": [ 5.375, 7.5, 10.5 ],
    "to": [ 5.6875, 9.5, 13 ],
    "faces": {
        "down":  { "uv": [ 0, 3, 3.5, 0 ], "texture": "#metal_0" },
        "up":    { "uv": [ 1, 6.5, 2, 7.5 ], "texture": "#metal_0" },
        "north": { "uv": [ 0, 0, 1.5, 8 ], "texture": "#metal_0" },
        "south": { "uv": [ 0, 0, 2, 8 ], "texture": "#metal_0" },
        "west":  { "uv": [ 12, 0, 12.5, 0.5 ], "texture": "#metal_0" },
        "east":  { "uv": [ 11.5, 0, 12, 0.5 ], "texture": "#metal_0" }
    }
},
{
    "from": [ 5, 9.5, 10.5 ],
    "to": [ 13, 10, 13 ],
    "faces": {
        "down":  { "uv": [ 8.5, 6, 8, 5.5 ], "texture": "#metal_0" },
        "up":    { "uv": [ 0, 0, 8, 8 ], "rotation": 90, "texture": "#metal_0" },
        "north": { "uv": [ 0, 0, 8, 8 ], "texture": "#metal_0" },
        "south": { "uv": [ 0, 0, 8, 8 ], "texture": "#metal_0" },
        "west":  { "uv": [ 0, 0, 8, 2 ], "texture": "#metal_0" },
        "east":  { "uv": [ 0, 0, 8, 1 ], "texture": "#metal_0" }
    }
},
{
    "from": [ 5, 7, 10.5 ],
    "to": [ 13, 7.5, 13 ],
    "faces": {
        "down":  { "uv": [ 3, 1, 0, 0 ], "texture": "#metal_0" },
        "up":    { "uv": [ 13.5, 3, 14, 4 ], "rotation": 180, "texture": "#metal_0" },
        "north": { "uv": [ 0, 0, 8, 8 ], "texture": "#metal_0" },
        "south": { "uv": [ 0, 0, 8, 8 ], "texture": "#metal_0" },
        "west":  { "uv": [ 0, 6.5, 8, 7.5 ], "texture": "#metal_0" },
        "east":  { "uv": [ 0, 0, 8, 8 ], "texture": "#metal_0" }
    }
},
{
    "from": [ 5, 7, 13 ],
    "to": [ 13, 10, 13.5 ],
    "faces": {
        "down":  { "uv": [ 3, 1, 0, 0 ], "texture": "#metal_0" },
        "up":    { "uv": [ 0, 0, 8, 8 ], "rotation": 90, "texture": "#metal_0" },
        "north": { "uv": [ 8, 6, 8.5, 7 ], "texture": "#metal_0" },
        "south": { "uv": [ 0, 0, 8, 8 ], "texture": "#metal_0" },
        "west":  { "uv": [ 0, 0, 8, 8 ], "texture": "#metal_0" },
        "east":  { "uv": [ 0, 0, 8, 8 ], "texture": "#metal_0" }
    }
},
{
    "from": [ 5.5, 6.1875, 12.5 ],
    "to": [ 5.875, 7, 12.875 ],
    "faces": {
        "down":  { "uv": [ 3, 1, 0, 0 ], "texture": "#metal_0" },
        "up":    { "uv": [ 0, 0, 8, 8 ], "rotation": 90, "texture": "#metal_0" },
        "north": { "uv": [ 0, 0, 8, 8 ], "texture": "#metal_0" },
        "south": { "uv": [ 0, 0, 8, 8 ], "texture": "#metal_0" },
        "west":  { "uv": [ 0, 0, 8, 8 ], "texture": "#metal_0" },
        "east":  { "uv": [ 0, 0, 8, 8 ], "texture": "#metal_0" }
    }
},
{
    "from": [ 5.5, 6.1875, 3.125 ],
    "to": [ 5.875, 7, 3.5 ],
    "faces": {
        "down":  { "uv": [ 3, 1, 0, 0 ], "texture": "#metal_0" },
        "up":    { "uv": [ 0, 0, 8, 8 ], "rotation": 90, "texture": "#metal_0" },
        "north": { "uv": [ 0, 0, 8, 8 ], "texture": "#metal_0" },
        "south": { "uv": [ 0, 0, 8, 8 ], "texture": "#metal_0" },
        "west":  { "uv": [ 0, 0, 8, 8 ], "texture": "#metal_0" },
        "east":  { "uv": [ 0, 0, 8, 8 ], "texture": "#metal_0" }
    }
},
{
    "from": [ 13, 7.1875, 10.5 ],
    "to": [ 13.0625, 9.6875, 13.125 ],
    "faces": {
        "down":  { "uv": [ 13, 3, 13.0625, 13 ], "texture": "#lattice" },
        "up":    { "uv": [ 13, 3, 13.0625, 13 ], "texture": "#lattice" },
        "east":  { "uv": [ 0.5, 6.5, 5, 15 ], "texture": "#lattice" }
    }
},
{
    "from": [ 4.9375, 7, 4 ],
    "to": [ 5.125, 10, 7 ],
    "faces": {
        "down":  { "uv": [ 8, 4.5, 0, 1.5 ], "texture": "#metal_0" },
        "up":    { "uv": [ 0, 0, 8, 1 ], "rotation": 90, "texture": "#metal_0" },
        "north": { "uv": [ 0, 2.5, 8, 5.5 ], "texture": "#metal_0" },
        "south": { "uv": [ 0, 2.5, 8, 5.5 ], "texture": "#metal_0" },
        "west":  { "uv": [ 0, 0, 2, 3 ], "rotation": 180, "texture": "#metal_0" },
        "east":  { "uv": [ 0, 2.5, 8, 5.5 ], "texture": "#metal_0" }
    }
},
{
    "from": [ 4.9375, 10, 4 ],
    "to": [ 13, 10.0625, 7 ],
    "faces": {
        "down":  { "uv": [ 8, 4.5, 0, 1.5 ], "texture": "#metal_0" },
        "up":    { "uv": [ 0, 0, 2.5, 4 ], "texture": "#metal_0" },
        "north": { "uv": [ 0, 2.5, 8, 5.5 ], "texture": "#metal_0" },
        "south": { "uv": [ 0, 2, 8, 5 ], "texture": "#metal_0" },
        "west":  { "uv": [ 1.5, 3, 2, 3.5 ], "rotation": 90, "texture": "#metal_0" },
        "east":  { "uv": [ 4.5, 0, 5, 0.5 ], "texture": "#metal_0" }
    }
}
],
"display": {
    "head": {
        "rotation": [ 0, -90, -6.5 ],
        "translation": [ 0, -15, 0 ],
        "scale": [ 2, 2, 2 ]
    }
}
}