{
"__comment": "Designed by 27box",
"textures": {
    "texture": "block/extra/obj_elestart"
},
"elements": [ 
{
    "from": [ 0, 0, 0.5 ],
    "to": [ 14, 0.0625, 17.5 ],
    "faces": {
        "up":    { "uv": [ 0, 3.5, 6.5, 12.5 ], "texture": "#texture" }
    }
},
{
    "from": [ 0, 1.125, -3.3125 ],
    "to": [ 16, 1.1875, -0.3125 ],
    "rotation": { "origin": [ 0, 1.1875, -3.3125 ], "axis": "x", "angle": 22.5 },
    "faces": {
        "up":    { "uv": [ 0, 2, 5, 3.5 ], "texture": "#texture" }
    }
}
],
"display": {
    "head": {
        "rotation": [ 0, 0, 0 ],
        "translation": [ 0, -20, 0 ],
        "scale": [ 3, 2, 2.8 ]
    }
}
}