{
"__comment": "Designed by 27box",
"textures": {
    "particle": "block/black_concrete",
    "opc": "block/extra/opc",
    "metal_0": "block/extra/metal_0",
    "texture": "block/extra/metal_1",
    "cyan_terracotta": "block/cyan_terracotta",
    "light_gray_concrete": "block/light_gray_concrete"
},
"elements": [ 
{
    "from": [ 0, -4.5, 0 ],
    "to": [ 1, 32, 16 ],
    "faces": {
        "down":  { "uv": [ 0, 0, 16, 16 ], "texture": "#opc" },
        "up":    { "uv": [ 0, 0, 16, 16 ], "texture": "#opc" },
        "north": { "uv": [ 0, 0, 16, 16 ], "texture": "#opc" },
        "south": { "uv": [ 0, 0, 16, 16 ], "texture": "#opc" },
        "west":  { "uv": [ 0, 0, 8, 8 ], "texture": "#metal_0" },
        "east":  { "uv": [ 0, 0, 16, 16 ], "texture": "#opc" }
    }
},
{
    "from": [ 1, 13.125, 0 ],
    "to": [ 27, 14.125, 15.5 ],
    "faces": {
        "down":  { "uv": [ 10, 0, 12, 2 ], "texture": "#opc" },
        "up":    { "uv": [ 10.5, 0.5, 11.5, 1.5 ], "texture": "#texture" },
        "north": { "uv": [ 10, 0, 12, 2 ], "texture": "#opc" },
        "south": { "uv": [ 10, 0, 12, 2 ], "texture": "#opc" },
        "west":  { "uv": [ 10, 0, 12, 2 ], "texture": "#opc" },
        "east":  { "uv": [ 10, 0, 12, 2 ], "texture": "#opc" }
    }
},
{
    "from": [ 3.5, -4.3125, 0.375 ],
    "to": [ 16.4375, 12.125, 0.875 ],
    "faces": {
        "down":  { "uv": [ 7, 9.5, 9, 11.5 ], "texture": "#opc" },
        "up":    { "uv": [ 8.5, 11.5, 10.5, 13.5 ], "texture": "#opc" },
        "north": { "uv": [ 13, 1, 13, 1.5 ], "texture": "#texture" },
        "south": { "uv": [ 4, 8, 6, 10 ], "texture": "#opc" },
        "west":  { "uv": [ 8, 2, 10, 4 ], "texture": "#cyan_terracotta" },
        "east":  { "uv": [ 8, 2, 10, 4 ], "texture": "#cyan_terracotta" }
    }
},
{
    "from": [ 1, 12.0625, 0 ],
    "to": [ 27, 13.0625, 15.5 ],
    "faces": {
        "down":  { "uv": [ 10, 0, 12, 2 ], "texture": "#opc" },
        "up":    { "uv": [ 10, 0, 12, 2 ], "texture": "#opc" },
        "north": { "uv": [ 10, 0, 12, 2 ], "texture": "#opc" },
        "south": { "uv": [ 10, 0, 12, 2 ], "texture": "#opc" },
        "west":  { "uv": [ 10, 0, 12, 2 ], "texture": "#opc" },
        "east":  { "uv": [ 10, 0, 12, 2 ], "texture": "#opc" }
    }
},
{
    "from": [ 1, -4.5, 0 ],
    "to": [ 27, -3.5, 16 ],
    "faces": {
        "down":  { "uv": [ 10, 0, 12, 2 ], "texture": "#opc" },
        "up":    { "uv": [ 10.5, 0.5, 11.5, 1.5 ], "texture": "#texture" },
        "north": { "uv": [ 10, 0, 12, 2 ], "texture": "#opc" },
        "south": { "uv": [ 10, 0, 12, 2 ], "texture": "#opc" },
        "west":  { "uv": [ 10, 0, 12, 2 ], "texture": "#opc" },
        "east":  { "uv": [ 10, 0, 12, 2 ], "texture": "#opc" }
    }
},
{
    "from": [ 27, -4.5, 0 ],
    "to": [ 28, 32, 16 ],
    "faces": {
        "down":  { "uv": [ 0, 0, 16, 16 ], "texture": "#opc" },
        "up":    { "uv": [ 0, 0, 16, 16 ], "texture": "#opc" },
        "north": { "uv": [ 0, 0, 16, 16 ], "texture": "#opc" },
        "south": { "uv": [ 0, 0, 16, 16 ], "texture": "#opc" },
        "west":  { "uv": [ 0, 0, 16, 16 ], "texture": "#opc" },
        "east":  { "uv": [ 0, 0, 8, 8 ], "texture": "#metal_0" }
    }
},
{
    "from": [ 1, 31, 0 ],
    "to": [ 27, 32, 16 ],
    "faces": {
        "down":  { "uv": [ 10, 0, 12, 2 ], "texture": "#light_gray_concrete" },
        "up":    { "uv": [ 10, 0, 12, 2 ], "texture": "#opc" },
        "north": { "uv": [ 10, 0, 12, 2 ], "texture": "#opc" },
        "south": { "uv": [ 10, 0, 12, 2 ], "texture": "#opc" },
        "west":  { "uv": [ 10, 0, 12, 2 ], "texture": "#opc" },
        "east":  { "uv": [ 10, 0, 12, 2 ], "texture": "#opc" }
    }
},
{
    "from": [ 1, 22.8125, 0 ],
    "to": [ 27, 23.3125, 16 ],
    "faces": {
        "down":  { "uv": [ 10, 0, 12, 2 ], "texture": "#light_gray_concrete" },
        "up":    { "uv": [ 10, 0, 12, 2 ], "texture": "#opc" },
        "north": { "uv": [ 10, 0, 12, 2 ], "texture": "#opc" },
        "south": { "uv": [ 10, 0, 12, 2 ], "texture": "#opc" },
        "west":  { "uv": [ 10, 0, 12, 2 ], "texture": "#opc" },
        "east":  { "uv": [ 10, 0, 12, 2 ], "texture": "#opc" }
    }
},
{
    "from": [ 25, 14, 1 ],
    "to": [ 27, 22, 10.5 ],
    "faces": {
        "down":  { "uv": [ 14, 10, 16, 12 ], "texture": "#texture" },
        "up":    { "uv": [ 14, 10, 16, 12 ], "texture": "#texture" },
        "north": { "uv": [ 12, 0, 16, 10 ], "texture": "#texture" },
        "south": { "uv": [ 12, 8, 14, 10 ], "texture": "#texture" },
        "west":  { "uv": [ 12, 8, 14, 10 ], "texture": "#texture" },
        "east":  { "uv": [ 12, 8, 14, 10 ], "texture": "#texture" }
    }
},
{
    "from": [ 14, -4.125, 0.75 ],
    "to": [ 27, 12.125, 1.25 ],
    "faces": {
        "down":  { "uv": [ 10.5, 0.5, 11.5, 1.5 ], "texture": "#texture" },
        "up":    { "uv": [ 10.5, 0.5, 11.5, 1.5 ], "texture": "#texture" },
        "north": { "uv": [ 13, 1, 13, 1.5 ], "texture": "#texture" },
        "south": { "uv": [ 10.5, 0.5, 11.5, 1.5 ], "texture": "#texture" },
        "west":  { "uv": [ 10.5, 0.5, 11.5, 1.5 ], "texture": "#texture" },
        "east":  { "uv": [ 10.5, 0.5, 11.5, 1.5 ], "texture": "#texture" }
    }
},
{
    "from": [ 4.5, 7, 0.25 ],
    "to": [ 5, 9.5, 0.75 ],
    "faces": {
        "down":  { "uv": [ 8, 2, 10, 4 ], "texture": "#texture" },
        "up":    { "uv": [ 8, 2, 10, 4 ], "texture": "#texture" },
        "north": { "uv": [ 8, 2, 10, 4 ], "texture": "#texture" },
        "south": { "uv": [ 8, 2, 10, 4 ], "texture": "#texture" },
        "west":  { "uv": [ 8, 2, 10, 4 ], "texture": "#texture" },
        "east":  { "uv": [ 8, 2, 10, 4 ], "texture": "#texture" }
    }
},
{
    "from": [ 25.5, 7, 0.5625 ],
    "to": [ 26, 9.5, 1.0625 ],
    "faces": {
        "down":  { "uv": [ 8, 2, 10, 4 ], "texture": "#light_gray_concrete" },
        "up":    { "uv": [ 8, 2, 10, 4 ], "texture": "#texture" },
        "north": { "uv": [ 8, 2, 10, 4 ], "texture": "#texture" },
        "south": { "uv": [ 8, 2, 10, 4 ], "texture": "#texture" },
        "west":  { "uv": [ 8, 2, 10, 4 ], "texture": "#texture" },
        "east":  { "uv": [ 8, 2, 10, 4 ], "texture": "#texture" }
    }
},
{
    "from": [ 1, 4.4375, 1.375 ],
    "to": [ 27.5, 5, 16.5 ],
    "faces": {
        "down":  { "uv": [ 10.5, 0.5, 11.5, 1.5 ], "texture": "#texture" },
        "up":    { "uv": [ 10.5, 0.5, 11.5, 1.5 ], "texture": "#texture" },
        "north": { "uv": [ 10.5, 0.5, 11.5, 1.5 ], "texture": "#texture" },
        "south": { "uv": [ 10.5, 0.5, 11.5, 1.5 ], "texture": "#texture" },
        "west":  { "uv": [ 10.5, 0.5, 11.5, 1.5 ], "texture": "#texture" },
        "east":  { "uv": [ 10.5, 0.5, 11.5, 1.5 ], "texture": "#texture" }
    }
},
{
    "from": [ 20.875, 14.1875, 1 ],
    "to": [ 22.875, 22.1875, 10.5 ],
    "faces": {
        "down":  { "uv": [ 14, 10, 16, 12 ], "texture": "#texture" },
        "up":    { "uv": [ 14, 10, 16, 12 ], "texture": "#texture" },
        "north": { "uv": [ 12, 0, 16, 10 ], "texture": "#texture" },
        "south": { "uv": [ 12, 8, 14, 10 ], "texture": "#texture" },
        "west":  { "uv": [ 12, 8, 14, 10 ], "texture": "#texture" },
        "east":  { "uv": [ 12, 8, 14, 10 ], "texture": "#texture" }
    }
},
{
    "from": [ 22.6875, 14, 1 ],
    "to": [ 24.6875, 22, 10.5 ],
    "faces": {
        "down":  { "uv": [ 14, 10, 16, 12 ], "texture": "#texture" },
        "up":    { "uv": [ 14, 10, 16, 12 ], "texture": "#texture" },
        "north": { "uv": [ 12, 0, 16, 10 ], "texture": "#texture" },
        "south": { "uv": [ 14, 10, 16, 12 ], "texture": "#texture" },
        "west":  { "uv": [ 12, 8, 14, 10 ], "texture": "#texture" },
        "east":  { "uv": [ 12, 8, 14, 10 ], "texture": "#texture" }
    }
},
{
    "from": [ 1, 14, 1 ],
    "to": [ 3, 22, 10.5 ],
    "faces": {
        "down":  { "uv": [ 14, 10, 16, 12 ], "texture": "#texture" },
        "up":    { "uv": [ 14, 10, 16, 12 ], "texture": "#texture" },
        "north": { "uv": [ 12, 0, 16, 10 ], "texture": "#texture" },
        "south": { "uv": [ 12, 8, 14, 10 ], "texture": "#texture" },
        "west":  { "uv": [ 12, 8, 14, 10 ], "texture": "#texture" },
        "east":  { "uv": [ 12, 8, 14, 10 ], "texture": "#texture" }
    }
},
{
    "from": [ 14.5625, 22.875, 1 ],
    "to": [ 16.5625, 30.875, 10.5 ],
    "faces": {
        "down":  { "uv": [ 14, 10, 16, 12 ], "texture": "#texture" },
        "up":    { "uv": [ 14, 10, 16, 12 ], "texture": "#texture" },
        "north": { "uv": [ 8, 6, 12, 16 ], "texture": "#texture" },
        "south": { "uv": [ 14, 10, 16, 12 ], "texture": "#texture" },
        "west":  { "uv": [ 8, 14, 10, 16 ], "texture": "#texture" },
        "east":  { "uv": [ 8, 14, 10, 16 ], "texture": "#texture" }
    }
},
{
    "from": [ 3.3125, 14, 1 ],
    "to": [ 5.3125, 22, 10.5 ],
    "faces": {
        "down":  { "uv": [ 14, 10, 16, 12 ], "texture": "#texture" },
        "up":    { "uv": [ 14, 10, 16, 12 ], "texture": "#texture" },
        "north": { "uv": [ 12, 0, 16, 10 ], "texture": "#texture" },
        "south": { "uv": [ 12, 8, 14, 10 ], "texture": "#texture" },
        "west":  { "uv": [ 12, 8, 14, 10 ], "texture": "#texture" },
        "east":  { "uv": [ 12, 8, 14, 10 ], "texture": "#texture" }
    }
},
{
    "from": [ 6.8125, 23.0625, 1 ],
    "to": [ 8.8125, 31.0625, 10.5 ],
    "faces": {
        "down":  { "uv": [ 14, 10, 16, 12 ], "texture": "#texture" },
        "up":    { "uv": [ 14, 10, 16, 12 ], "texture": "#texture" },
        "north": { "uv": [ 12, 0, 16, 10 ], "texture": "#texture" },
        "south": { "uv": [ 12, 8, 14, 10 ], "texture": "#texture" },
        "west":  { "uv": [ 12, 8, 14, 10 ], "texture": "#texture" },
        "east":  { "uv": [ 12, 8, 14, 10 ], "texture": "#texture" }
    }
},
{
    "from": [ 9.25, 22.9375, 1 ],
    "to": [ 11.25, 30.9375, 10.5 ],
    "faces": {
        "down":  { "uv": [ 14, 10, 16, 12 ], "texture": "#texture" },
        "up":    { "uv": [ 14, 10, 16, 12 ], "texture": "#texture" },
        "north": { "uv": [ 12, 0, 16, 10 ], "texture": "#texture" },
        "south": { "uv": [ 12, 8, 14, 10 ], "texture": "#texture" },
        "west":  { "uv": [ 12, 8, 14, 10 ], "texture": "#texture" },
        "east":  { "uv": [ 12, 8, 14, 10 ], "texture": "#texture" }
    }
},
{
    "from": [ 11.875, 22.875, 1 ],
    "to": [ 13.875, 30.875, 10.5 ],
    "faces": {
        "down":  { "uv": [ 14, 10, 16, 12 ], "texture": "#texture" },
        "up":    { "uv": [ 14, 10, 16, 12 ], "texture": "#texture" },
        "north": { "uv": [ 8, 6, 12, 16 ], "texture": "#texture" },
        "south": { "uv": [ 14, 10, 16, 12 ], "texture": "#texture" },
        "west":  { "uv": [ 8, 14, 10, 16 ], "texture": "#texture" },
        "east":  { "uv": [ 8, 14, 10, 16 ], "texture": "#texture" }
    }
},
{
    "from": [ 0, -4.5, 16 ],
    "to": [ 27.9375, 32, 16.5 ],
    "faces": {
        "down":  { "uv": [ 0, 0, 16, 16 ], "texture": "#opc" },
        "up":    { "uv": [ 0, 0, 16, 16 ], "texture": "#opc" },
        "north": { "uv": [ 0, 0, 16, 16 ], "texture": "#light_gray_concrete" },
        "south": { "uv": [ 0, 0, 16, 16 ], "texture": "#light_gray_concrete" },
        "west":  { "uv": [ 0, 0, 8, 8 ], "texture": "#metal_0" },
        "east":  { "uv": [ 0, 0, 8, 8 ], "texture": "#metal_0" }
    }
}
],
"display": {
    "head": {
        "rotation": [ 0, 0, 0 ],
        "translation": [ 2, -17, -0.5 ],
        "scale": [ 1.85, 2.1, 1.6 ]
    }
}
}