{
"__comment": "Designed by 27box",
"textures": {
    "particle": "block/extra/phone",
    "texture": "block/cyan_terracotta",
    "white_concrete": "block/black_concrete"
},
"elements": [ 
{
    "from": [ -0.5, 6, 8.4375 ],
    "to": [ 16.5, 11.5, 8.5 ],
    "faces": {
        "north": { "uv": [ 9.5, 1, 13, 2 ], "texture": "#particle" }
    }
},
{
    "from": [ -2.5, 12.5, 8 ],
    "to": [ 18.5, 13, 9 ],
    "faces": {
        "down":  { "uv": [ 16, 9, 0, 8 ], "texture": "#texture" },
        "up":    { "uv": [ 0, 8, 16, 9 ], "texture": "#texture" },
        "north": { "uv": [ 0, 3, 16, 3.5 ], "texture": "#texture" },
        "south": { "uv": [ 0, 3, 16, 3.5 ], "texture": "#texture" },
        "west":  { "uv": [ 8, 3, 9, 3.5 ], "texture": "#texture" },
        "east":  { "uv": [ 7, 3, 8, 3.5 ], "texture": "#texture" }
    }
},
{
    "from": [ -2.5, 4, 8 ],
    "to": [ 18.5, 4.5, 9 ],
    "faces": {
        "down":  { "uv": [ 16, 9, 0, 8 ], "texture": "#texture" },
        "up":    { "uv": [ 0, 8, 16, 9 ], "texture": "#texture" },
        "north": { "uv": [ 0, 11.5, 16, 12 ], "texture": "#texture" },
        "south": { "uv": [ 0, 11.5, 16, 12 ], "texture": "#texture" },
        "west":  { "uv": [ 8, 11.5, 9, 12 ], "texture": "#texture" },
        "east":  { "uv": [ 7, 11.5, 8, 12 ], "texture": "#texture" }
    }
},
{
    "from": [ -3, 4, 8 ],
    "to": [ -2, 13, 9 ],
    "faces": {
        "down":  { "uv": [ 16, 9, 16, 8 ], "texture": "#texture" },
        "up":    { "uv": [ 0, 8, 0, 9 ], "texture": "#texture" },
        "north": { "uv": [ 16, 3, 16, 12 ], "texture": "#texture" },
        "south": { "uv": [ 0, 3, 0, 12 ], "texture": "#texture" },
        "west":  { "uv": [ 8, 3, 9, 12 ], "texture": "#texture" },
        "east":  { "uv": [ 7, 3, 8, 12 ], "texture": "#texture" }
    }
},
{
    "from": [ 18, 4, 8 ],
    "to": [ 19, 13, 9 ],
    "faces": {
        "down":  { "uv": [ 0, 9, 0, 8 ], "texture": "#texture" },
        "up":    { "uv": [ 16, 8, 16, 9 ], "texture": "#texture" },
        "north": { "uv": [ 0, 3, 0, 12 ], "texture": "#texture" },
        "south": { "uv": [ 16, 3, 16, 12 ], "texture": "#texture" },
        "west":  { "uv": [ 8, 3, 9, 12 ], "texture": "#texture" },
        "east":  { "uv": [ 7, 3, 8, 12 ], "texture": "#texture" }
    }
},
{
    "from": [ -2.5, 4.5, 8.5 ],
    "to": [ 18.5, 12.5, 9 ],
    "faces": {
        "down":  { "uv": [ 16, 9, 0, 8.5 ], "texture": "#white_concrete" },
        "up":    { "uv": [ 0, 8.5, 16, 9 ], "texture": "#white_concrete" },
        "north": { "uv": [ 0, 3.5, 16, 11.5 ], "texture": "#white_concrete" },
        "south": { "uv": [ 0, 3.5, 16, 11.5 ], "texture": "#white_concrete" },
        "west":  { "uv": [ 8.5, 3.5, 9, 11.5 ], "texture": "#white_concrete" },
        "east":  { "uv": [ 7, 3.5, 7.5, 11.5 ], "texture": "#white_concrete" }
    }
}
],
"display": {
    "head": {
        "rotation": [ 0, 0, 0 ],
        "translation": [ 0, -5, 12 ],
        "scale": [ 1, 1, 1 ]
    }
}
}