{
"__comment": "Designed by 27box",
"textures": {
    "particle": "block/mushroom_stem",
    "texture": "block/extra/metal_1"
},
"elements": [ 
{
    "from": [ 1.5, 0, 3 ],
    "to": [ 15.5, 2, 13 ],
    "faces": {
        "down":  { "uv": [ 14, 9, 12.5, 7.5 ], "texture": "#particle" },
        "up":    { "uv": [ 12.5, 7, 14, 8.5 ], "texture": "#particle" },
        "north": { "uv": [ 0, 7, 16, 9 ], "rotation": 270, "texture": "#particle" },
        "south": { "uv": [ 0, 7, 16, 9 ], "rotation": 270, "texture": "#particle" },
        "west":  { "uv": [ 0, 7, 16, 9 ], "rotation": 90, "texture": "#particle" },
        "east":  { "uv": [ 0, 7, 16, 9 ], "rotation": 90, "texture": "#particle" }
    }
},
{
    "from": [ 1, 2, 3.5 ],
    "to": [ 15, 4, 13.5 ],
    "faces": {
        "down":  { "uv": [ 14, 9, 12.5, 7.5 ], "texture": "#particle" },
        "up":    { "uv": [ 12.5, 7, 14, 8.5 ], "texture": "#particle" },
        "north": { "uv": [ 0, 7, 16, 9 ], "rotation": 270, "texture": "#particle" },
        "south": { "uv": [ 0, 7, 16, 9 ], "rotation": 270, "texture": "#particle" },
        "west":  { "uv": [ 0, 7, 16, 9 ], "rotation": 90, "texture": "#particle" },
        "east":  { "uv": [ 0, 7, 16, 9 ], "rotation": 90, "texture": "#particle" }
    }
},
{
    "from": [ 1.5, 4, 3 ],
    "to": [ 15.5, 6, 13 ],
    "faces": {
        "down":  { "uv": [ 14, 9, 12.5, 7.5 ], "texture": "#particle" },
        "up":    { "uv": [ 12.5, 7, 14, 8.5 ], "texture": "#particle" },
        "north": { "uv": [ 0, 7, 16, 9 ], "rotation": 270, "texture": "#particle" },
        "south": { "uv": [ 0, 7, 16, 9 ], "rotation": 270, "texture": "#particle" },
        "west":  { "uv": [ 0, 7, 16, 9 ], "rotation": 90, "texture": "#particle" },
        "east":  { "uv": [ 0, 7, 16, 9 ], "rotation": 90, "texture": "#particle" }
    }
},
{
    "from": [ 1.5, 2.9375, 3.75 ],
    "to": [ 15.5, 3, 13.75 ],
    "faces": {
        "down":  { "uv": [ 14, 9, 12.5, 7.5 ], "texture": "#particle" },
        "up":    { "uv": [ 12.5, 7, 14, 8.5 ], "texture": "#particle" },
        "north": { "uv": [ 0, 7, 16, 9 ], "rotation": 270, "texture": "#particle" },
        "south": { "uv": [ 0, 7, 16, 9 ], "rotation": 270, "texture": "#particle" },
        "west":  { "uv": [ 0, 7, 16, 9 ], "rotation": 90, "texture": "#particle" },
        "east":  { "uv": [ 0, 7, 16, 9 ], "rotation": 90, "texture": "#particle" }
    }
},
{
    "from": [ 2, 0.9375, 2.5 ],
    "to": [ 16, 1, 12.5 ],
    "faces": {
        "down":  { "uv": [ 14, 9, 12.5, 7.5 ], "texture": "#particle" },
        "up":    { "uv": [ 12.5, 7, 14, 8.5 ], "texture": "#particle" },
        "north": { "uv": [ 0, 7, 16, 9 ], "rotation": 270, "texture": "#particle" },
        "south": { "uv": [ 0, 7, 16, 9 ], "rotation": 270, "texture": "#particle" },
        "west":  { "uv": [ 0, 7, 16, 9 ], "rotation": 90, "texture": "#particle" },
        "east":  { "uv": [ 0, 7, 16, 9 ], "rotation": 90, "texture": "#particle" }
    }
},
{
    "from": [ 1, 4.9375, 3 ],
    "to": [ 15, 5, 13 ],
    "faces": {
        "down":  { "uv": [ 14, 9, 12.5, 7.5 ], "texture": "#particle" },
        "up":    { "uv": [ 12.5, 7, 14, 8.5 ], "texture": "#particle" },
        "north": { "uv": [ 0, 7, 16, 9 ], "rotation": 270, "texture": "#particle" },
        "south": { "uv": [ 0, 7, 16, 9 ], "rotation": 270, "texture": "#particle" },
        "west":  { "uv": [ 0, 7, 16, 9 ], "rotation": 90, "texture": "#particle" },
        "east":  { "uv": [ 0, 7, 16, 9 ], "rotation": 90, "texture": "#particle" }
    }
},
{
    "from": [ 1, 6, 3.5 ],
    "to": [ 15, 8, 13.5 ],
    "faces": {
        "down":  { "uv": [ 14, 9, 12.5, 7.5 ], "texture": "#particle" },
        "up":    { "uv": [ 12.5, 7, 14, 8.5 ], "texture": "#particle" },
        "north": { "uv": [ 0, 7, 16, 9 ], "rotation": 270, "texture": "#particle" },
        "south": { "uv": [ 0, 7, 16, 9 ], "rotation": 270, "texture": "#particle" },
        "west":  { "uv": [ 0, 7, 16, 9 ], "rotation": 90, "texture": "#particle" },
        "east":  { "uv": [ 0, 7, 16, 9 ], "rotation": 90, "texture": "#particle" }
    }
},
{
    "from": [ 1, 8.9375, 2.5 ],
    "to": [ 15, 9, 12.5 ],
    "faces": {
        "down":  { "uv": [ 14, 9, 12.5, 7.5 ], "texture": "#particle" },
        "up":    { "uv": [ 12.5, 7, 14, 8.5 ], "texture": "#particle" },
        "north": { "uv": [ 0, 7, 16, 9 ], "rotation": 270, "texture": "#particle" },
        "south": { "uv": [ 0, 7, 16, 9 ], "rotation": 270, "texture": "#particle" },
        "west":  { "uv": [ 0, 7, 16, 9 ], "rotation": 90, "texture": "#particle" },
        "east":  { "uv": [ 0, 7, 16, 9 ], "rotation": 90, "texture": "#particle" }
    }
},
{
    "from": [ 1.5, 8, 3 ],
    "to": [ 15.5, 10, 13 ],
    "faces": {
        "down":  { "uv": [ 14, 9, 12.5, 7.5 ], "texture": "#particle" },
        "up":    { "uv": [ 12.5, 7, 14, 8.5 ], "texture": "#particle" },
        "north": { "uv": [ 0, 7, 16, 9 ], "rotation": 270, "texture": "#particle" },
        "south": { "uv": [ 0, 7, 16, 9 ], "rotation": 270, "texture": "#particle" },
        "west":  { "uv": [ 0, 7, 16, 9 ], "rotation": 90, "texture": "#particle" },
        "east":  { "uv": [ 0, 7, 16, 9 ], "rotation": 90, "texture": "#particle" }
    }
}
],
"display": {
    "head": {
        "rotation": [ 0, 0, 0 ],
        "translation": [ 0, -31.5, 0 ],
        "scale": [ 1.5, 1.5, 1.5 ]
    }
}
}