{
"__comment": "Designed by 27box",
"textures": {
    "particle": "block/white_concrete",
    "texture": "block/extra/bird",
    "eleled": "block/extra/eleled"
},
"elements": [ 
{
    "from": [ 5, 3, 8.0625 ],
    "to": [ 10, 16, 8.5625 ],
    "faces": {
        "down":  { "uv": [ 9.5, 0, 10, 16 ], "rotation": 90, "texture": "#texture" },
        "up":    { "uv": [ 9.5, 0, 10, 16 ], "texture": "#texture" },
        "north": { "uv": [ 9.5, 0, 16, 16 ], "texture": "#texture" },
        "south": { "uv": [ 9.5, 0, 10, 16 ], "rotation": 90, "texture": "#texture" },
        "west":  { "uv": [ 9.5, 0, 10, 16 ], "rotation": 90, "texture": "#texture" },
        "east":  { "uv": [ 9.5, 0, 10, 16 ], "texture": "#texture" }
    }
}
],
"display": {
    "head": {
        "rotation": [ 0, 0, 0 ],
        "translation": [ 0, -4.75, 12.4 ],
        "scale": [ 1.6, 1.6, 1.5 ]
    }
}
}