{
"__comment": "Design by 27box",
"textures": {
    "particle": "block/black_concrete",
    "texture": "block/light_gray_concrete",
    "iron_trapdoor": "block/light_gray_concrete",
    "glass_gray": "block/red_stained_glass",
    "white_concrete_powder": "block/white_concrete"
},
"elements": [ 
{
    "from": [ 5.5, 17.5, 10 ],
    "to": [ 7.5, 31, 12 ],
    "faces": {
        "down":  { "uv": [ 0, 0, 16, 16 ], "texture": "#texture" },
        "up":    { "uv": [ 0, 0, 16, 16 ], "texture": "#texture" },
        "north": { "uv": [ 0, 0, 16, 16 ], "texture": "#texture" },
        "south": { "uv": [ 0, 0, 16, 16 ], "texture": "#texture" },
        "west":  { "uv": [ 0, 0, 16, 16 ], "texture": "#texture" },
        "east":  { "uv": [ 0, 0, 16, 16 ], "texture": "#texture" }
    }
},
{
    "from": [ 5.125, -11, 9.625 ],
    "to": [ 7.875, -4, 12.375 ],
    "faces": {
        "down":  { "uv": [ 0, 0, 16, 16 ], "texture": "#texture" },
        "up":    { "uv": [ 0, 0, 16, 16 ], "texture": "#texture" },
        "north": { "uv": [ 0, 0, 16, 16 ], "texture": "#texture" },
        "south": { "uv": [ 0, 0, 16, 16 ], "texture": "#texture" },
        "west":  { "uv": [ 0, 0, 16, 16 ], "texture": "#texture" },
        "east":  { "uv": [ 0, 0, 16, 16 ], "texture": "#texture" }
    }
},
{
    "from": [ 4.5, -11.5, 8.5 ],
    "to": [ 9.5, -11, 13.5 ],
    "faces": {
        "down":  { "uv": [ 0, 0, 16, 16 ], "texture": "#texture" },
        "up":    { "uv": [ 0, 0, 16, 16 ], "texture": "#texture" },
        "north": { "uv": [ 0, 0, 16, 16 ], "texture": "#texture" },
        "south": { "uv": [ 0, 0, 16, 16 ], "texture": "#texture" },
        "west":  { "uv": [ 0, 0, 16, 16 ], "texture": "#texture" },
        "east":  { "uv": [ 0, 0, 16, 16 ], "texture": "#texture" }
    }
},
{
    "from": [ 8.5, -10.9375, 12 ],
    "to": [ 9, -10.6875, 12.5 ],
    "faces": {
        "down":  { "uv": [ 0, 0, 16, 16 ], "texture": "#texture" },
        "up":    { "uv": [ 0, 0, 16, 16 ], "texture": "#texture" },
        "north": { "uv": [ 0, 0, 16, 16 ], "texture": "#texture" },
        "south": { "uv": [ 0, 0, 16, 16 ], "texture": "#texture" },
        "west":  { "uv": [ 0, 0, 16, 16 ], "texture": "#texture" },
        "east":  { "uv": [ 0, 0, 16, 16 ], "texture": "#texture" }
    }
},
{
    "from": [ 6.5, 26.0625, 10 ],
    "to": [ 14, 27, 12 ],
    "rotation": { "origin": [ 6.5, 27, 10 ], "axis": "z", "angle": 22.5 },
    "faces": {
        "down":  { "uv": [ 0, 0, 15.5, 15.5 ], "texture": "#texture" },
        "up":    { "uv": [ 0, 0, 15.5, 15.5 ], "texture": "#texture" },
        "north": { "uv": [ 0, 0, 15.5, 15.5 ], "texture": "#texture" },
        "south": { "uv": [ 0, 0, 15.5, 15.5 ], "texture": "#texture" },
        "west":  { "uv": [ 0, 0, 15.5, 15.5 ], "texture": "#texture" },
        "east":  { "uv": [ 0, 0, 15.5, 15.5 ], "texture": "#texture" }
    }
},
{
    "from": [ 19.375, 29.125, 10 ],
    "to": [ 25.875, 29.8125, 12 ],
    "faces": {
        "down":  { "uv": [ 0, 0, 16, 16 ], "texture": "#iron_trapdoor" },
        "up":    { "uv": [ 0, 0, 16, 16 ], "texture": "#iron_trapdoor" },
        "north": { "uv": [ 0, 0, 16, 16 ], "texture": "#iron_trapdoor" },
        "south": { "uv": [ 0, 0, 16, 16 ], "texture": "#iron_trapdoor" },
        "west":  { "uv": [ 0, 0, 16, 16 ], "texture": "#iron_trapdoor" },
        "east":  { "uv": [ 0, 0, 16, 16 ], "texture": "#iron_trapdoor" }
    }
},
{
    "from": [ 5.5, -4, 10 ],
    "to": [ 7.5, 17.5, 12 ],
    "faces": {
        "down":  { "uv": [ 0, 0, 16, 16 ], "texture": "#texture" },
        "up":    { "uv": [ 0, 0, 16, 16 ], "texture": "#texture" },
        "north": { "uv": [ 0, 0, 16, 16 ], "texture": "#texture" },
        "south": { "uv": [ 0, 0, 16, 16 ], "texture": "#texture" },
        "west":  { "uv": [ 0, 0, 16, 16 ], "texture": "#texture" },
        "east":  { "uv": [ 0, 0, 16, 16 ], "texture": "#texture" }
    }
},
{
    "from": [ 7.5, 29.0625, 10 ],
    "to": [ 19.375, 29.875, 12 ],
    "faces": {
        "down":  { "uv": [ 0, 0, 16, 16 ], "texture": "#texture" },
        "up":    { "uv": [ 0, 0, 16, 16 ], "texture": "#texture" },
        "north": { "uv": [ 0, 0, 16, 16 ], "texture": "#texture" },
        "south": { "uv": [ 0, 0, 16, 16 ], "texture": "#texture" },
        "west":  { "uv": [ 0, 0, 16, 16 ], "texture": "#texture" },
        "east":  { "uv": [ 0, 0, 16, 16 ], "texture": "#texture" }
    }
},
{
    "from": [ 8.5, -10.9375, 9.5 ],
    "to": [ 9, -10.6875, 10 ],
    "faces": {
        "down":  { "uv": [ 0, 0, 16, 16 ], "texture": "#texture" },
        "up":    { "uv": [ 0, 0, 16, 16 ], "texture": "#texture" },
        "north": { "uv": [ 0, 0, 16, 16 ], "texture": "#texture" },
        "south": { "uv": [ 0, 0, 16, 16 ], "texture": "#texture" },
        "west":  { "uv": [ 0, 0, 16, 16 ], "texture": "#texture" },
        "east":  { "uv": [ 0, 0, 16, 16 ], "texture": "#texture" }
    }
},
{
    "from": [ 19.375, 29.8125, 10.5 ],
    "to": [ 25.375, 30.125, 11.5 ],
    "faces": {
        "down":  { "uv": [ 0, 0, 16, 16 ], "texture": "#iron_trapdoor" },
        "up":    { "uv": [ 0, 0, 16, 16 ], "texture": "#iron_trapdoor" },
        "north": { "uv": [ 0, 0, 16, 16 ], "texture": "#iron_trapdoor" },
        "south": { "uv": [ 0, 0, 16, 16 ], "texture": "#iron_trapdoor" },
        "west":  { "uv": [ 0, 0, 16, 16 ], "texture": "#iron_trapdoor" },
        "east":  { "uv": [ 0, 0, 16, 16 ], "texture": "#iron_trapdoor" }
    }
},
{
    "from": [ 18.3125, 28.5, 10 ],
    "to": [ 25.8125, 29, 12 ],
    "faces": {
        "down":  { "uv": [ 0, 0, 16, 16 ], "rotation": 90, "texture": "#white_concrete_powder" },
        "north": { "uv": [ 0, 0, 16, 16 ], "texture": "#glass_gray" },
        "south": { "uv": [ 0, 0, 16, 16 ], "texture": "#glass_gray" },
        "west":  { "uv": [ 0, 0, 16, 16 ], "texture": "#glass_gray" },
        "east":  { "uv": [ 0, 0, 16, 16 ], "texture": "#glass_gray" }
    }
}
],
"display": {
    "head": {
        "rotation": [ 0, 0, 0 ],
        "translation": [ 0, 0, 0 ],
        "scale": [ 3, 3, 3 ]
    }
}
}