{
"__comment": "Designed by 27box",
"textures": {
    "particle": "block/npc/1b",
    "texture": "block/extra/none",
    "1a": "block/npc/1a",
    "1f": "block/npc/1f",
    "1j": "block/npc/1j",
    "1m": "block/npc/1m",
    "1n": "block/npc/1n",
    "1r": "block/npc/1r",
    "1w": "block/npc/1w",
    "1y": "block/npc/1y"
},
"elements": [ 
{
    "from": [ -6, 4.5, 4 ],
    "to": [ -1, 10, 4.0625 ],
    "faces": {
        "north": { "uv": [ 3, 6, 15, 16 ], "texture": "#particle" }
    }
},
{
    "from": [ 1.5, 12, 4 ],
    "to": [ 6.5, 17.5, 4.0625 ],
    "faces": {
        "north": { "uv": [ 1.5, 1.5, 14, 15 ], "texture": "#1a" }
    }
},
{
    "from": [ 4.125, 0.125, 4 ],
    "to": [ 9.125, 5.625, 4.0625 ],
    "rotation": { "origin": [ 4.125, 5.625, 4 ], "axis": "z", "angle": 22.5 },
    "faces": {
        "north": { "uv": [ 0, 0, 16, 16 ], "texture": "#1n" }
    }
},
{
    "from": [ 10.5, 16, 4 ],
    "to": [ 15.5, 21.5, 4.0625 ],
    "faces": {
        "north": { "uv": [ 0.5, 0.5, 14.5, 15 ], "texture": "#1y" }
    }
},
{
    "from": [ 27, 2.5, 4 ],
    "to": [ 32, 8, 4.0625 ],
    "faces": {
        "north": { "uv": [ 0, 0, 16, 16 ], "texture": "#1m" }
    }
},
{
    "from": [ -15.5, 0.5, 4 ],
    "to": [ -10.5, 6, 4.0625 ],
    "faces": {
        "north": { "uv": [ 0, 0, 16, 16 ], "texture": "#1j" }
    }
},
{
    "from": [ -12.5, 13, 4 ],
    "to": [ -7.5, 18.5, 4.0625 ],
    "faces": {
        "north": { "uv": [ 0, 0, 16, 16 ], "texture": "#1r" }
    }
},
{
    "from": [ 16, -1, 4 ],
    "to": [ 21, 4.5, 4.0625 ],
    "faces": {
        "north": { "uv": [ 0, 0, 16, 16 ], "texture": "#1w" }
    }
},
{
    "from": [ 21.5, 12.5, 4 ],
    "to": [ 26.5, 18, 4.0625 ],
    "rotation": { "origin": [ 21.5, 18, 4 ], "axis": "z", "angle": -22.5 },
    "faces": {
        "north": { "uv": [ 0, 0, 16, 16 ], "texture": "#1f" }
    }
},
{
    "from": [ 1.5, 11.5, 4.0625 ],
    "to": [ 6.5, 19, 4.125 ],
    "faces": {
        "north": { "uv": [ 0, 0, 6, 10 ], "texture": "#texture" }
    }
},
{
    "from": [ 10.5, 15.5, 4.0625 ],
    "to": [ 15.5, 23, 4.125 ],
    "faces": {
        "north": { "uv": [ 0, 0, 6, 9.5 ], "texture": "#texture" }
    }
},
{
    "from": [ 3.5, -0.5, 4.0625 ],
    "to": [ 8.5, 7, 4.125 ],
    "rotation": { "origin": [ 3.5, 7, 4.0625 ], "axis": "z", "angle": 22.5 },
    "faces": {
        "north": { "uv": [ 0, 0, 6, 9 ], "texture": "#texture" }
    }
},
{
    "from": [ 16, -1.5, 4.0625 ],
    "to": [ 21, 6, 4.125 ],
    "faces": {
        "north": { "uv": [ 0, 0, 6, 9 ], "texture": "#texture" }
    }
},
{
    "from": [ -6, 4, 4.0625 ],
    "to": [ -1, 11.5, 4.125 ],
    "faces": {
        "north": { "uv": [ 0, 1, 6, 10.5 ], "texture": "#texture" }
    }
},
{
    "from": [ -12.5, 12.4375, 4.0625 ],
    "to": [ -7.5, 20, 4.125 ],
    "faces": {
        "north": { "uv": [ 0, 1.5, 5.5, 8 ], "texture": "#texture" }
    }
},
{
    "from": [ -15.5, 0, 4.0625 ],
    "to": [ -10.5, 7.5, 4.125 ],
    "faces": {
        "north": { "uv": [ 0, 1, 6, 9 ], "texture": "#texture" }
    }
},
{
    "from": [ 22, 12, 4.0625 ],
    "to": [ 27, 19.5, 4.125 ],
    "rotation": { "origin": [ 22, 19.5, 4.0625 ], "axis": "z", "angle": -22.5 },
    "faces": {
        "north": { "uv": [ 0, 1, 6, 8.5 ], "texture": "#texture" }
    }
},
{
    "from": [ 27, 2, 4.0625 ],
    "to": [ 32, 9.5, 4.125 ],
    "faces": {
        "north": { "uv": [ 0, 2, 5.5, 8 ], "texture": "#texture" }
    }
}
],
"display": {
    "head": {
        "rotation": [ 0, 0, 0 ],
        "translation": [ 0, -20, 16 ],
        "scale": [ 1, 1, 1 ]
    }
}
}