{
"__comment": "Designed by 27box",
"textures": {
    "particle": "block/white_concrete",
    "texture": "block/extra/bird",
    "eleled": "block/extra/eleled"
},
"elements": [ 
{
    "from": [ 5, 3, 8.0625 ],
    "to": [ 10, 16, 8.5625 ],
    "faces": {
        "down":  { "uv": [ 9.5, 0, 10, 16 ], "rotation": 90, "texture": "#texture" },
        "up":    { "uv": [ 9.5, 0, 10, 16 ], "texture": "#texture" },
        "north": { "uv": [ 9.5, 0, 16, 16 ], "texture": "#texture" },
        "south": { "uv": [ 9.5, 0, 10, 16 ], "rotation": 90, "texture": "#texture" },
        "west":  { "uv": [ 9.5, 0, 10, 16 ], "rotation": 90, "texture": "#texture" },
        "east":  { "uv": [ 9.5, 0, 10, 16 ], "texture": "#texture" }
    }
},
{
    "from": [ 6.125, 11.25, 8 ],
    "to": [ 9.125, 14.75, 8.0625 ],
    "faces": {
        "north": { "uv": [ 0, 0, 16, 16 ], "texture": "#eleled" }
    }
},
{
    "from": [ 5.0625, 3, 7.9375 ],
    "to": [ 9.9375, 13.1875, 8 ],
    "faces": {
        "north": { "uv": [ 9.5, 3.5, 16, 16 ], "texture": "#texture" }
    }
},
{
    "from": [ 5.6875, 13.8125, 8 ],
    "to": [ 7.1875, 14.8125, 8.0625 ],
    "faces": {
        "north": { "uv": [ 13, 2.5, 13.5, 3 ], "texture": "#texture" }
    }
}
],
"display": {
    "head": {
        "rotation": [ 0, 0, 0 ],
        "translation": [ 0, -4.75, 12.4 ],
        "scale": [ 1.6, 1.6, 1.5 ]
    }
}
}