{
"__comment": "Designed by 27box",
"textures": {
    "particle": "block/cyan_terracotta",
    "texture": "block/stripped_birch_log",
    "metal_0": "block/extra/metal_0"
},
"elements": [ 
{
    "from": [ 0, 11, 0 ],
    "to": [ 16, 13, 16 ],
    "faces": {
        "down":  { "uv": [ 0, 0, 16, 6.5 ], "texture": "#texture" },
        "up":    { "uv": [ 4, 1, 16, 5 ], "rotation": 180, "texture": "#texture" },
        "north": { "uv": [ 3.5, 8, 10.5, 13 ], "texture": "#texture" },
        "south": { "uv": [ 4.5, 7, 11, 12 ], "rotation": 270, "texture": "#texture" },
        "west":  { "uv": [ 4, 8, 10.5, 13 ], "rotation": 180, "texture": "#texture" },
        "east":  { "uv": [ 3.5, 8.5, 10, 15 ], "rotation": 270, "texture": "#texture" }
    }
},
{
    "from": [ 0, 0, 0 ],
    "to": [ 1.5, 11, 1 ],
    "faces": {
        "down":  { "uv": [ 0, 0, 16, 16 ], "texture": "#particle" },
        "up":    { "uv": [ 0, 0, 16, 16 ], "texture": "#particle" },
        "north": { "uv": [ 0, 0, 16, 16 ], "texture": "#particle" },
        "south": { "uv": [ 0, 0, 16, 16 ], "texture": "#particle" },
        "west":  { "uv": [ 0, 0, 16, 16 ], "texture": "#particle" },
        "east":  { "uv": [ 0, 0, 16, 16 ], "texture": "#particle" }
    }
},
{
    "from": [ 1.5, 0, 0 ],
    "to": [ 16, 2, 1 ],
    "faces": {
        "down":  { "uv": [ 0, 0, 16, 16 ], "texture": "#particle" },
        "up":    { "uv": [ 0, 0, 16, 16 ], "texture": "#particle" },
        "north": { "uv": [ 0, 0, 16, 16 ], "texture": "#particle" },
        "south": { "uv": [ 0, 0, 16, 16 ], "texture": "#particle" },
        "west":  { "uv": [ 0, 0, 16, 16 ], "texture": "#particle" },
        "east":  { "uv": [ 0, 0, 16, 16 ], "texture": "#particle" }
    }
},
{
    "from": [ -3.875, 11.375, 0 ],
    "to": [ -1.875, 22.375, 16 ],
    "rotation": { "origin": [ -3.875, 22.375, 0 ], "axis": "z", "angle": 22.5 },
    "faces": {
        "down":  { "uv": [ 0, 0, 16, 6.5 ], "texture": "#texture" },
        "up":    { "uv": [ 4, 1, 16, 5 ], "rotation": 180, "texture": "#texture" },
        "north": { "uv": [ 5, 0, 12, 5.5 ], "rotation": 90, "texture": "#texture" },
        "south": { "uv": [ 5, 0, 11.5, 6 ], "rotation": 90, "texture": "#texture" },
        "west":  { "uv": [ 0, 0, 6.5, 6 ], "rotation": 90, "texture": "#texture" },
        "east":  { "uv": [ 6, 0, 12.5, 6.5 ], "rotation": 90, "texture": "#texture" }
    }
},
{
    "from": [ 0, 0, 15 ],
    "to": [ 1.5, 11, 16 ],
    "faces": {
        "down":  { "uv": [ 0, 0, 16, 16 ], "texture": "#particle" },
        "up":    { "uv": [ 0, 0, 16, 16 ], "texture": "#particle" },
        "north": { "uv": [ 0, 0, 16, 16 ], "texture": "#particle" },
        "south": { "uv": [ 0, 0, 16, 16 ], "texture": "#particle" },
        "west":  { "uv": [ 0, 0, 16, 16 ], "texture": "#particle" },
        "east":  { "uv": [ 0, 0, 16, 16 ], "texture": "#particle" }
    }
},
{
    "from": [ 1.5, 0, 15 ],
    "to": [ 16, 2, 16 ],
    "faces": {
        "down":  { "uv": [ 0, 0, 16, 16 ], "texture": "#particle" },
        "up":    { "uv": [ 0, 0, 16, 16 ], "texture": "#particle" },
        "north": { "uv": [ 0, 0, 16, 16 ], "texture": "#particle" },
        "south": { "uv": [ 0, 0, 16, 16 ], "texture": "#particle" },
        "west":  { "uv": [ 0, 0, 16, 16 ], "texture": "#particle" },
        "east":  { "uv": [ 0, 0, 16, 16 ], "texture": "#particle" }
    }
},
{
    "from": [ 5.0625, 10.9375, 14.9375 ],
    "to": [ 20.5625, 12.9375, 15.9375 ],
    "rotation": { "origin": [ 5.0625, 12.9375, 14.9375 ], "axis": "z", "angle": -45 },
    "faces": {
        "down":  { "uv": [ 0, 0, 16, 16 ], "texture": "#particle" },
        "up":    { "uv": [ 0, 0, 16, 16 ], "texture": "#particle" },
        "north": { "uv": [ 0, 0, 16, 16 ], "texture": "#particle" },
        "south": { "uv": [ 0, 0, 16, 16 ], "texture": "#particle" },
        "west":  { "uv": [ 0, 0, 16, 16 ], "texture": "#particle" },
        "east":  { "uv": [ 0, 0, 16, 16 ], "texture": "#particle" }
    }
},
{
    "from": [ 5, 10.9375, 0.0625 ],
    "to": [ 20.5, 12.9375, 1.0625 ],
    "rotation": { "origin": [ 5, 12.9375, 0.0625 ], "axis": "z", "angle": -45 },
    "faces": {
        "down":  { "uv": [ 0, 0, 16, 16 ], "texture": "#particle" },
        "up":    { "uv": [ 0, 0, 16, 16 ], "texture": "#particle" },
        "north": { "uv": [ 0, 0, 16, 16 ], "texture": "#particle" },
        "south": { "uv": [ 0, 0, 16, 16 ], "texture": "#particle" },
        "west":  { "uv": [ 0, 0, 16, 16 ], "texture": "#particle" },
        "east":  { "uv": [ 0, 0, 16, 16 ], "texture": "#particle" }
    }
},
{
    "from": [ 0, 10.5, 0 ],
    "to": [ 16, 11, 16 ],
    "faces": {
        "down":  { "uv": [ 0, 0, 16, 16 ], "texture": "#particle" },
        "up":    { "uv": [ 0, 0, 16, 16 ], "texture": "#particle" },
        "north": { "uv": [ 0, 0, 16, 16 ], "texture": "#particle" },
        "south": { "uv": [ 0, 0, 16, 16 ], "texture": "#particle" },
        "west":  { "uv": [ 0, 0, 16, 16 ], "texture": "#particle" },
        "east":  { "uv": [ 0, 0, 16, 16 ], "texture": "#particle" }
    }
}
],
"display": {
    "head": {
        "rotation": [ 0, 90, 0 ],
        "translation": [ 0, -33, 0 ],
        "scale": [ 1.3, 1.3, 1.3 ]
    }
}
}