{
"__comment": "Designed by 27box",
"textures": {
    "particle": "block/pink_tulip",
    "texture": "block/extra/wood1",
    "light_gray_concrete": "block/end_stone_bricks",
    "clay": "block/clay"
},
"elements": [ 
{
    "from": [ -5, -4.5, 15 ],
    "to": [ 20, 19, 16 ],
    "faces": {
        "down":  { "uv": [ 16, 16, 0, 15 ], "texture": "#texture" },
        "up":    { "uv": [ 0, 15, 16, 16 ], "texture": "#texture" },
        "north": { "uv": [ 0, 0, 16, 16 ], "texture": "#texture" },
        "south": { "uv": [ 0, 0, 16, 16 ], "texture": "#texture" },
        "west":  { "uv": [ 15, 0, 16, 16 ], "texture": "#texture" },
        "east":  { "uv": [ 0, 0, 1, 16 ], "texture": "#texture" }
    }
},
{
    "from": [ -4.5, 17.5, 0 ],
    "to": [ -3.5, 18.5, 15 ],
    "faces": {
        "down":  { "uv": [ 3, 10.5, 10.5, 12 ], "rotation": 90, "texture": "#texture" },
        "up":    { "uv": [ 7.5, 13, 13.5, 14.5 ], "rotation": 90, "texture": "#texture" },
        "north": { "uv": [ 4.5, 1.5, 7, 3 ], "texture": "#texture" },
        "south": { "uv": [ 5, 4, 8, 5 ], "texture": "#texture" },
        "west":  { "uv": [ 0.5, 1.5, 6, 3 ], "rotation": 180, "texture": "#texture" },
        "east":  { "uv": [ 2.5, 4, 6.5, 5.5 ], "texture": "#texture" }
    }
},
{
    "from": [ 18.5, -4, 0 ],
    "to": [ 19.5, -3, 15 ],
    "faces": {
        "down":  { "uv": [ 3, 10.5, 10.5, 12 ], "rotation": 90, "texture": "#texture" },
        "up":    { "uv": [ 7.5, 13, 13.5, 14.5 ], "texture": "#texture" },
        "north": { "uv": [ 4.5, 1.5, 7, 3 ], "texture": "#texture" },
        "south": { "uv": [ 5, 4, 8, 5 ], "texture": "#texture" },
        "west":  { "uv": [ 0.5, 1.5, 6, 3 ], "rotation": 180, "texture": "#texture" },
        "east":  { "uv": [ 2.5, 4, 6.5, 5.5 ], "texture": "#texture" }
    }
},
{
    "from": [ 18.5, 17.5, 0 ],
    "to": [ 19.5, 18.5, 15 ],
    "faces": {
        "down":  { "uv": [ 3, 10.5, 10.5, 12 ], "rotation": 90, "texture": "#texture" },
        "up":    { "uv": [ 7.5, 13, 13.5, 14.5 ], "rotation": 90, "texture": "#texture" },
        "north": { "uv": [ 4.5, 1.5, 7, 3 ], "texture": "#texture" },
        "south": { "uv": [ 5, 4, 8, 5 ], "texture": "#texture" },
        "west":  { "uv": [ 0.5, 1.5, 6, 3 ], "rotation": 180, "texture": "#texture" },
        "east":  { "uv": [ 2.5, 4, 6.5, 5.5 ], "texture": "#texture" }
    }
},
{
    "from": [ -4.5, -4, 0 ],
    "to": [ -3.5, -3, 15 ],
    "faces": {
        "down":  { "uv": [ 3, 10.5, 10.5, 12 ], "rotation": 90, "texture": "#texture" },
        "up":    { "uv": [ 7.5, 13, 13.5, 14.5 ], "texture": "#texture" },
        "north": { "uv": [ 4.5, 1.5, 7, 3 ], "texture": "#texture" },
        "south": { "uv": [ 5, 4, 8, 5 ], "texture": "#texture" },
        "west":  { "uv": [ 0.5, 1.5, 6, 3 ], "rotation": 180, "texture": "#texture" },
        "east":  { "uv": [ 2.5, 4, 6.5, 5.5 ], "texture": "#texture" }
    }
},
{
    "from": [ -4, 17, 16 ],
    "to": [ -1, 17.5, 19 ],
    "faces": {
        "down":  { "uv": [ 8.5, 2, 11.5, 7 ], "texture": "#light_gray_concrete" },
        "up":    { "uv": [ 8, 5, 11.5, 12.5 ], "texture": "#light_gray_concrete" },
        "north": { "uv": [ 4.5, 2, 7, 9 ], "rotation": 90, "texture": "#light_gray_concrete" },
        "south": { "uv": [ 4.5, 9.5, 7, 13.5 ], "rotation": 90, "texture": "#light_gray_concrete" },
        "west":  { "uv": [ 4.5, 4, 7, 11 ], "rotation": 90, "texture": "#light_gray_concrete" },
        "east":  { "uv": [ 4.5, 2, 7.5, 9 ], "texture": "#light_gray_concrete" }
    }
},
{
    "from": [ -4, 16.9375, 18 ],
    "to": [ 0, 17, 23 ],
    "rotation": { "origin": [ -4, 17, 18 ], "axis": "z", "angle": -45 },
    "faces": {
        "down":  { "uv": [ 11.5, 3, 2.5, 16 ], "texture": "#particle" },
        "up":    { "uv": [ 2.5, 3, 11.5, 16 ], "rotation": 180, "texture": "#particle" }
    }
},
{
    "from": [ -3.5, 14.5, 18 ],
    "to": [ -1.5, 17, 18.5 ],
    "faces": {
        "down":  { "uv": [ -3, 18, 0, 18.5 ], "texture": "#clay" },
        "up":    { "uv": [ 0, 18, 3, 18.5 ], "texture": "#clay" },
        "north": { "uv": [ 1, 1, 4, 3.5 ], "texture": "#clay" },
        "south": { "uv": [ 1, 1, 4, 3.5 ], "texture": "#clay" },
        "west":  { "uv": [ 18, 0, 18.5, 2.5 ], "texture": "#clay" },
        "east":  { "uv": [ 18, 0, 18.5, 2.5 ], "texture": "#clay" }
    }
},
{
    "from": [ -1.4375, 13.5625, 18.5 ],
    "to": [ -1.375, 17.0625, 23 ],
    "rotation": { "origin": [ -1.4375, 17.0625, 18.5 ], "axis": "z", "angle": -45 },
    "faces": {
        "west":  { "uv": [ 2.5, 3, 11.5, 16 ], "rotation": 90, "texture": "#particle" },
        "east":  { "uv": [ 2.5, 3, 11.5, 16 ], "rotation": 90, "texture": "#particle" }
    }
},
{
    "from": [ -4, 14, 16 ],
    "to": [ -1, 14.5, 19 ],
    "faces": {
        "down":  { "uv": [ 8.5, 2, 11.5, 7 ], "texture": "#light_gray_concrete" },
        "up":    { "uv": [ 8, 5, 11.5, 12.5 ], "texture": "#light_gray_concrete" },
        "north": { "uv": [ 4.5, 2, 7, 9 ], "rotation": 90, "texture": "#light_gray_concrete" },
        "south": { "uv": [ 4.5, 9.5, 7, 13.5 ], "rotation": 90, "texture": "#light_gray_concrete" },
        "west":  { "uv": [ 4.5, 4, 7, 11 ], "rotation": 90, "texture": "#light_gray_concrete" },
        "east":  { "uv": [ 4.5, 2, 7.5, 9 ], "texture": "#light_gray_concrete" }
    }
},
{
    "from": [ -1.5, 14.5, 16 ],
    "to": [ -1, 17, 19 ],
    "faces": {
        "down":  { "uv": [ 8.5, 2, 11.5, 7 ], "texture": "#light_gray_concrete" },
        "up":    { "uv": [ 8, 5, 11.5, 12.5 ], "texture": "#light_gray_concrete" },
        "north": { "uv": [ 4.5, 2, 7, 9 ], "rotation": 90, "texture": "#light_gray_concrete" },
        "south": { "uv": [ 4.5, 9.5, 7, 13.5 ], "rotation": 90, "texture": "#light_gray_concrete" },
        "west":  { "uv": [ 4.5, 4, 7, 11 ], "rotation": 90, "texture": "#light_gray_concrete" },
        "east":  { "uv": [ 4.5, 2, 7.5, 9 ], "texture": "#light_gray_concrete" }
    }
},
{
    "from": [ -4, 14.5, 16 ],
    "to": [ -3.5, 17, 19 ],
    "faces": {
        "down":  { "uv": [ 8.5, 2, 11.5, 7 ], "texture": "#light_gray_concrete" },
        "up":    { "uv": [ 8, 5, 11.5, 12.5 ], "texture": "#light_gray_concrete" },
        "north": { "uv": [ 4.5, 2, 7, 9 ], "rotation": 180, "texture": "#light_gray_concrete" },
        "south": { "uv": [ 4.5, 9.5, 7, 13.5 ], "rotation": 90, "texture": "#light_gray_concrete" },
        "west":  { "uv": [ 4.5, 4, 7, 11 ], "rotation": 180, "texture": "#light_gray_concrete" },
        "east":  { "uv": [ 4.5, 2, 7.5, 9 ], "texture": "#light_gray_concrete" }
    }
}
],
"display": {
    "head": {
        "rotation": [ 0, 180, 0 ],
        "translation": [ 0, 0, 20 ],
        "scale": [ 4, 4, 3 ]
    }
}
}