{
"__comment": "Designed by 27box",
"textures": {
    "particle": "block/gray_concrete",
    "texture": "block/extra/metal_0"
},
"elements": [ 
{
    "from": [ -0.3125, 11, 0 ],
    "to": [ 1.1875, 16, 16 ],
    "rotation": { "origin": [ -0.3125, 16, 0 ], "axis": "z", "angle": 22.5 },
    "faces": {
        "down":  { "uv": [ 0, 0, 16, 16 ], "texture": "#particle" },
        "up":    { "uv": [ 0, 0, 16, 16 ], "texture": "#particle" },
        "north": { "uv": [ 2, 7, 2.5, 7.5 ], "texture": "#particle" },
        "south": { "uv": [ 2, 7, 2.5, 7.5 ], "texture": "#particle" },
        "west":  { "uv": [ 0, 2.5, 8, 5 ], "texture": "#particle" },
        "east":  { "uv": [ 0, 0, 16, 16 ], "texture": "#particle" }
    }
},
{
    "from": [ 1.5, 7, 0 ],
    "to": [ 2.9375, 12, 16 ],
    "faces": {
        "down":  { "uv": [ 0, 0, 16, 16 ], "texture": "#particle" },
        "up":    { "uv": [ 0, 0, 16, 16 ], "texture": "#particle" },
        "north": { "uv": [ 2, 7, 2.5, 7.5 ], "texture": "#particle" },
        "south": { "uv": [ 2, 7, 2.5, 7.5 ], "texture": "#particle" },
        "west":  { "uv": [ 0, 0, 8, 7.5 ], "rotation": 180, "texture": "#particle" },
        "east":  { "uv": [ 0, 0, 8, 5 ], "rotation": 180, "texture": "#particle" }
    }
},
{
    "from": [ 2.9375, 7, 0 ],
    "to": [ 15.0625, 8.625, 16 ],
    "faces": {
        "down":  { "uv": [ 0, 0, 16, 16 ], "texture": "#particle" },
        "up":    { "uv": [ 0, 0, 8, 8 ], "rotation": 270, "texture": "#particle" },
        "north": { "uv": [ 0, 0, 16, 16 ], "texture": "#particle" },
        "south": { "uv": [ 0, 0, 16, 16 ], "texture": "#particle" },
        "west":  { "uv": [ 0, 0, 16, 16 ], "texture": "#particle" },
        "east":  { "uv": [ 0, 0, 16, 16 ], "texture": "#particle" }
    }
},
{
    "from": [ 11, -0.75, 0.0625 ],
    "to": [ 12.5, 7.75, 1.0625 ],
    "rotation": { "origin": [ 11, 7.75, 0.0625 ], "axis": "z", "angle": 22.5 },
    "faces": {
        "down":  { "uv": [ 0, 0, 8, 8 ], "texture": "#texture" },
        "up":    { "uv": [ 0, 0, 8, 8 ], "texture": "#texture" },
        "north": { "uv": [ 8.5, 8, 11.5, 16 ], "texture": "#texture" },
        "south": { "uv": [ 8.5, 8, 11.5, 16 ], "texture": "#texture" },
        "west":  { "uv": [ 8.5, 8, 11.5, 16 ], "texture": "#texture" },
        "east":  { "uv": [ 8.5, 8, 11.5, 16 ], "texture": "#texture" }
    }
},
{
    "from": [ 3.1875, -0.1875, 0.0625 ],
    "to": [ 4.6875, 8.3125, 1.0625 ],
    "rotation": { "origin": [ 3.1875, 8.3125, 0.0625 ], "axis": "z", "angle": -22.5 },
    "faces": {
        "down":  { "uv": [ 0, 0, 8, 8 ], "texture": "#texture" },
        "up":    { "uv": [ 0, 0, 8, 8 ], "texture": "#texture" },
        "north": { "uv": [ 8.5, 8, 11.5, 16 ], "texture": "#texture" },
        "south": { "uv": [ 8.5, 8, 11.5, 16 ], "texture": "#texture" },
        "west":  { "uv": [ 8.5, 8, 11.5, 16 ], "texture": "#texture" },
        "east":  { "uv": [ 8.5, 8, 11.5, 16 ], "texture": "#texture" }
    }
},
{
    "from": [ 3.1875, -0.25, 14.9375 ],
    "to": [ 4.6875, 8.25, 15.9375 ],
    "rotation": { "origin": [ 3.1875, 8.25, 14.9375 ], "axis": "z", "angle": -22.5 },
    "faces": {
        "down":  { "uv": [ 0, 0, 8, 8 ], "texture": "#texture" },
        "up":    { "uv": [ 0, 0, 8, 8 ], "texture": "#texture" },
        "north": { "uv": [ 8.5, 8, 11.5, 16 ], "texture": "#texture" },
        "south": { "uv": [ 8.5, 8, 11.5, 16 ], "texture": "#texture" },
        "west":  { "uv": [ 8.5, 8, 11.5, 16 ], "texture": "#texture" },
        "east":  { "uv": [ 8.5, 8, 11.5, 16 ], "texture": "#texture" }
    }
},
{
    "from": [ 11, -0.8125, 14.9375 ],
    "to": [ 12.5, 7.6875, 15.9375 ],
    "rotation": { "origin": [ 11, 7.6875, 14.9375 ], "axis": "z", "angle": 22.5 },
    "faces": {
        "down":  { "uv": [ 0, 0, 8, 8 ], "texture": "#texture" },
        "up":    { "uv": [ 0, 0, 8, 8 ], "texture": "#texture" },
        "north": { "uv": [ 8.5, 8, 11.5, 16 ], "texture": "#texture" },
        "south": { "uv": [ 8.5, 8, 11.5, 16 ], "texture": "#texture" },
        "west":  { "uv": [ 8.5, 8, 11.5, 16 ], "texture": "#texture" },
        "east":  { "uv": [ 8.5, 8, 11.5, 16 ], "texture": "#texture" }
    }
}
],
"display": {
    "head": {
        "rotation": [ 0, 0, 0 ],
        "translation": [ 0, -29, 0 ],
        "scale": [ 1.5, 1.8, 1.3 ]
    }
}
}