{
"__comment": "Designed by 27box",
"textures": {
    "particle": "block/white_concrete",
    "texture": "block/extra/phone"
},
"elements": [ 
{
    "from": [ -5, 0, 9 ],
    "to": [ 21, 16, 9.5 ],
    "faces": {
        "down":  { "uv": [ 4.5, 1, 4, 0.5 ], "texture": "#texture" },
        "up":    { "uv": [ 4, 0.5, 4.5, 1 ], "texture": "#texture" },
        "north": { "uv": [ 5, 3, 16, 11.5 ], "texture": "#texture" },
        "south": { "uv": [ 4, 0.5, 4.5, 1 ], "texture": "#texture" },
        "west":  { "uv": [ 4, 0.5, 4.5, 1 ], "texture": "#texture" },
        "east":  { "uv": [ 4, 0.5, 4.5, 1 ], "texture": "#texture" }
    }
}
],
"display": {
    "head": {
        "rotation": [ 0, 0, 0 ],
        "translation": [ 0, -10, 9 ],
        "scale": [ 3, 3, 3 ]
    }
}
}