{
"__comment": "Designed by 27box",
"textures": {
    "particle": "block/extra/opc",
    "texture": "block/extra/metal_0",
    "metal_1": "block/extra/metal_1"
},
"elements": [ 
{
    "from": [ 0, 13, 0 ],
    "to": [ 16, 14.5, 16 ],
    "faces": {
        "down":  { "uv": [ 13, 1, 13, 1.5 ], "texture": "#metal_1" },
        "up":    { "uv": [ 13, 1, 13, 1.5 ], "texture": "#metal_1" },
        "north": { "uv": [ 13, 1, 13, 1.5 ], "texture": "#metal_1" },
        "south": { "uv": [ 13, 1, 13, 1.5 ], "texture": "#metal_1" },
        "west":  { "uv": [ 13, 1, 13, 1.5 ], "texture": "#metal_1" },
        "east":  { "uv": [ 13, 1, 13, 1.5 ], "texture": "#metal_1" }
    }
},
{
    "from": [ 0.5, 0, 0.5 ],
    "to": [ 1.5, 13, 1.5 ],
    "faces": {
        "down":  { "uv": [ 0, 0, 8, 8 ], "texture": "#particle" },
        "up":    { "uv": [ 0, 0, 8, 8 ], "texture": "#particle" },
        "north": { "uv": [ 8.5, 8, 11, 16 ], "texture": "#particle" },
        "south": { "uv": [ 8.5, 8, 11, 16 ], "texture": "#particle" },
        "west":  { "uv": [ 8.5, 8, 11, 16 ], "texture": "#particle" },
        "east":  { "uv": [ 8.5, 8, 11, 16 ], "texture": "#particle" }
    }
},
{
    "from": [ 0.5, 0, 14.5 ],
    "to": [ 1.5, 13, 15.5 ],
    "faces": {
        "down":  { "uv": [ 0, 0, 8, 8 ], "texture": "#particle" },
        "up":    { "uv": [ 0, 0, 8, 8 ], "texture": "#particle" },
        "north": { "uv": [ 8.5, 8, 11, 16 ], "texture": "#particle" },
        "south": { "uv": [ 8.5, 8, 11, 16 ], "texture": "#particle" },
        "west":  { "uv": [ 8.5, 8, 11, 16 ], "texture": "#particle" },
        "east":  { "uv": [ 8.5, 8, 11, 16 ], "texture": "#particle" }
    }
},
{
    "from": [ 0.5, 4, 1.5 ],
    "to": [ 1.5, 13, 14.5 ],
    "faces": {
        "down":  { "uv": [ 0, 0, 8, 8 ], "texture": "#particle" },
        "up":    { "uv": [ 0, 0, 8, 8 ], "texture": "#particle" },
        "north": { "uv": [ 0, 0, 8, 5.5 ], "texture": "#particle" },
        "south": { "uv": [ 0, 0, 8, 5 ], "texture": "#particle" },
        "west":  { "uv": [ 0, 0, 8, 5.5 ], "texture": "#particle" },
        "east":  { "uv": [ 0, 0, 8, 5 ], "texture": "#particle" }
    }
},
{
    "from": [ 1.5, 4, 0.5 ],
    "to": [ 29.5, 13, 1.5 ],
    "faces": {
        "down":  { "uv": [ 0, 0, 16, 16 ], "texture": "#particle" },
        "up":    { "uv": [ 0, 0, 16, 16 ], "texture": "#particle" },
        "north": { "uv": [ 0, 0, 16, 16 ], "texture": "#particle" },
        "south": { "uv": [ 0, 0, 16, 16 ], "texture": "#particle" },
        "west":  { "uv": [ 0, 0, 16, 16 ], "texture": "#particle" },
        "east":  { "uv": [ 0, 0, 16, 16 ], "texture": "#particle" }
    }
},
{
    "from": [ 29.5, 0, 0.5 ],
    "to": [ 30.5, 13, 1.5 ],
    "faces": {
        "down":  { "uv": [ 0, 0, 8, 8 ], "texture": "#particle" },
        "up":    { "uv": [ 0, 0, 8, 8 ], "texture": "#particle" },
        "north": { "uv": [ 8.5, 8, 11, 16 ], "texture": "#particle" },
        "south": { "uv": [ 8.5, 8, 11, 16 ], "texture": "#particle" },
        "west":  { "uv": [ 8.5, 8, 11, 16 ], "texture": "#particle" },
        "east":  { "uv": [ 8.5, 8, 11, 16 ], "texture": "#particle" }
    }
},
{
    "from": [ 29.5, 0, 14.5 ],
    "to": [ 30.5, 13, 15.5 ],
    "faces": {
        "down":  { "uv": [ 0, 0, 8, 8 ], "texture": "#particle" },
        "up":    { "uv": [ 0, 0, 8, 8 ], "texture": "#particle" },
        "north": { "uv": [ 8.5, 8, 11, 16 ], "texture": "#particle" },
        "south": { "uv": [ 8.5, 8, 11, 16 ], "texture": "#particle" },
        "west":  { "uv": [ 8.5, 8, 11, 16 ], "texture": "#particle" },
        "east":  { "uv": [ 8.5, 8, 11, 16 ], "texture": "#particle" }
    }
},
{
    "from": [ 29.5, 4, 1.5 ],
    "to": [ 30.5, 13, 14.5 ],
    "faces": {
        "down":  { "uv": [ 0, 0, 8, 8 ], "texture": "#particle" },
        "up":    { "uv": [ 0, 0, 8, 8 ], "texture": "#particle" },
        "north": { "uv": [ 0, 0, 8, 5.5 ], "texture": "#particle" },
        "south": { "uv": [ 0, 0, 8, 5 ], "texture": "#particle" },
        "west":  { "uv": [ 0, 0, 8, 5.5 ], "texture": "#particle" },
        "east":  { "uv": [ 0, 0, 8, 5 ], "texture": "#particle" }
    }
},
{
    "from": [ 2.5, 10.5, 1 ],
    "to": [ 18, 13, 15.5 ],
    "faces": {
        "down":  { "uv": [ 0, 0, 8, 1.5 ], "texture": "#texture" },
        "up":    { "uv": [ 0, 0, 8, 8 ], "texture": "#texture" },
        "north": { "uv": [ 0, 0, 8, 5.5 ], "texture": "#texture" },
        "south": { "uv": [ 0, 0, 8, 4.5 ], "texture": "#texture" },
        "west":  { "uv": [ 0, 0, 8, 5.5 ], "texture": "#texture" },
        "east":  { "uv": [ 0, 0, 8, 5 ], "texture": "#texture" }
    }
},
{
    "from": [ 9, 12, 15.125 ],
    "to": [ 11.5, 12.5, 15.625 ],
    "faces": {
        "down":  { "uv": [ 0, 0, 8, 8 ], "texture": "#texture" },
        "up":    { "uv": [ 0, 0, 8, 1 ], "texture": "#texture" },
        "north": { "uv": [ 0, 0, 8, 5.5 ], "texture": "#texture" },
        "south": { "uv": [ 10, 3.5, 11.5, 6 ], "rotation": 90, "texture": "#texture" },
        "west":  { "uv": [ 0, 0, 8, 5.5 ], "texture": "#texture" },
        "east":  { "uv": [ 0, 0, 8, 5 ], "texture": "#texture" }
    }
},
{
    "from": [ 19.5, 10.5, 1.5 ],
    "to": [ 28.5, 13, 15.5 ],
    "faces": {
        "down":  { "uv": [ 0, 0, 8, 1.5 ], "texture": "#texture" },
        "up":    { "uv": [ 0, 0, 8, 8 ], "texture": "#texture" },
        "north": { "uv": [ 0, 0, 8, 2.5 ], "texture": "#texture" },
        "south": { "uv": [ 0, 0, 8, 2.5 ], "texture": "#texture" },
        "west":  { "uv": [ 0, 0, 8, 2.5 ], "texture": "#texture" },
        "east":  { "uv": [ 0, 0, 8, 2.5 ], "texture": "#texture" }
    }
},
{
    "from": [ 19.1875, 0, 4 ],
    "to": [ 19.5, 13, 5 ],
    "faces": {
        "down":  { "uv": [ 0, 0, 8, 1.5 ], "texture": "#texture" },
        "up":    { "uv": [ 0, 0, 8, 8 ], "texture": "#texture" },
        "north": { "uv": [ 0, 0, 8, 5.5 ], "texture": "#texture" },
        "south": { "uv": [ 0, 0, 8, 5.5 ], "texture": "#texture" },
        "west":  { "uv": [ 0, 0, 8, 5.5 ], "texture": "#texture" },
        "east":  { "uv": [ 0, 0, 8, 5.5 ], "texture": "#texture" }
    }
},
{
    "from": [ 19.5, 7.5, 1.5 ],
    "to": [ 28.5, 10, 15.5 ],
    "faces": {
        "down":  { "uv": [ 0, 0, 8, 1.5 ], "texture": "#texture" },
        "up":    { "uv": [ 0, 0, 8, 8 ], "texture": "#texture" },
        "north": { "uv": [ 0, 0, 8, 3 ], "texture": "#texture" },
        "south": { "uv": [ 0, 0, 8, 2.5 ], "texture": "#texture" },
        "west":  { "uv": [ 0, 0, 8, 3 ], "texture": "#texture" },
        "east":  { "uv": [ 0, 0, 8, 2.5 ], "texture": "#texture" }
    }
},
{
    "from": [ 19.5, 0, 1.5 ],
    "to": [ 28.5, 7, 15.5 ],
    "faces": {
        "down":  { "uv": [ 0, 0, 8, 1.5 ], "texture": "#texture" },
        "up":    { "uv": [ 0, 0, 8, 8 ], "texture": "#texture" },
        "north": { "uv": [ 0, 1.5, 8, 5 ], "texture": "#texture" },
        "south": { "uv": [ 0, 2, 8, 5.5 ], "texture": "#texture" },
        "west":  { "uv": [ 0, 1.5, 8, 5 ], "texture": "#texture" },
        "east":  { "uv": [ 0, 2, 8, 5.5 ], "texture": "#texture" }
    }
},
{
    "from": [ 19.1875, 0, 12.5 ],
    "to": [ 19.5, 13, 13.5 ],
    "faces": {
        "down":  { "uv": [ 0, 0, 8, 1.5 ], "texture": "#texture" },
        "up":    { "uv": [ 0, 0, 8, 8 ], "texture": "#texture" },
        "north": { "uv": [ 0, 0, 8, 5.5 ], "texture": "#texture" },
        "south": { "uv": [ 0, 0, 8, 5.5 ], "texture": "#texture" },
        "west":  { "uv": [ 0, 0, 8, 5.5 ], "texture": "#texture" },
        "east":  { "uv": [ 0, 0, 8, 5.5 ], "texture": "#texture" }
    }
},
{
    "from": [ 28.5625, 0, 12.5 ],
    "to": [ 28.875, 13, 13.5 ],
    "faces": {
        "down":  { "uv": [ 0, 0, 8, 1.5 ], "texture": "#texture" },
        "up":    { "uv": [ 0, 0, 8, 8 ], "texture": "#texture" },
        "north": { "uv": [ 0, 0, 8, 5.5 ], "texture": "#texture" },
        "south": { "uv": [ 0, 0, 8, 5.5 ], "texture": "#texture" },
        "west":  { "uv": [ 0, 0, 8, 5.5 ], "texture": "#texture" },
        "east":  { "uv": [ 0, 0, 8, 5.5 ], "texture": "#texture" }
    }
},
{
    "from": [ 28.5625, 0, 4 ],
    "to": [ 28.875, 13, 5 ],
    "faces": {
        "down":  { "uv": [ 0, 0, 8, 1.5 ], "texture": "#texture" },
        "up":    { "uv": [ 0, 0, 8, 8 ], "texture": "#texture" },
        "north": { "uv": [ 0, 0, 8, 5.5 ], "texture": "#texture" },
        "south": { "uv": [ 0, 0, 8, 5.5 ], "texture": "#texture" },
        "west":  { "uv": [ 0, 0, 8, 5.5 ], "texture": "#texture" },
        "east":  { "uv": [ 0, 0, 8, 5.5 ], "texture": "#texture" }
    }
},
{
    "from": [ 23, 12, 15.125 ],
    "to": [ 25.5, 12.5, 15.625 ],
    "faces": {
        "down":  { "uv": [ 0, 0, 8, 8 ], "texture": "#texture" },
        "up":    { "uv": [ 0, 0, 8, 1 ], "texture": "#texture" },
        "north": { "uv": [ 0, 0, 8, 5.5 ], "texture": "#texture" },
        "south": { "uv": [ 10, 3.5, 11.5, 6 ], "rotation": 90, "texture": "#texture" },
        "west":  { "uv": [ 0, 0, 8, 5.5 ], "texture": "#texture" },
        "east":  { "uv": [ 0, 0, 8, 5 ], "texture": "#texture" }
    }
},
{
    "from": [ 23, 9, 15.125 ],
    "to": [ 25.5, 9.5, 15.625 ],
    "faces": {
        "down":  { "uv": [ 0, 0, 8, 8 ], "texture": "#texture" },
        "up":    { "uv": [ 0, 0, 8, 1 ], "texture": "#texture" },
        "north": { "uv": [ 0, 0, 8, 5.5 ], "texture": "#texture" },
        "south": { "uv": [ 10, 3.5, 11.5, 6 ], "rotation": 90, "texture": "#texture" },
        "west":  { "uv": [ 0, 0, 8, 5.5 ], "texture": "#texture" },
        "east":  { "uv": [ 0, 0, 8, 5 ], "texture": "#texture" }
    }
},
{
    "from": [ 23, 5.875, 15.125 ],
    "to": [ 25.5, 6.375, 15.625 ],
    "faces": {
        "down":  { "uv": [ 0, 0, 8, 8 ], "texture": "#texture" },
        "up":    { "uv": [ 0, 0, 8, 1 ], "texture": "#texture" },
        "north": { "uv": [ 0, 0, 8, 5.5 ], "texture": "#texture" },
        "south": { "uv": [ 10, 3.5, 11.5, 6 ], "rotation": 90, "texture": "#texture" },
        "west":  { "uv": [ 0, 0, 8, 5.5 ], "texture": "#texture" },
        "east":  { "uv": [ 0, 0, 8, 5 ], "texture": "#texture" }
    }
},
{
    "from": [ 16, 13, 0 ],
    "to": [ 31, 14.5, 16 ],
    "faces": {
        "down":  { "uv": [ 13, 1, 13, 1.5 ], "texture": "#metal_1" },
        "up":    { "uv": [ 13, 1, 13, 1.5 ], "texture": "#metal_1" },
        "north": { "uv": [ 13, 1, 13, 1.5 ], "texture": "#metal_1" },
        "south": { "uv": [ 13, 1, 13, 1.5 ], "texture": "#metal_1" },
        "west":  { "uv": [ 13, 1, 13, 1.5 ], "texture": "#metal_1" },
        "east":  { "uv": [ 13, 1, 13, 1.5 ], "texture": "#metal_1" }
    }
}
],
"display": {
    "head": {
        "rotation": [ 0, 0, 0 ],
        "translation": [ -19, -29, 0 ],
        "scale": [ 2.5, 1.8, 1.6 ]
    }
}
}