{
"__comment": "Design by 27box",
"textures": {
    "particle": "block/black_concrete_powder",
    "moive01": "block/black_concrete",
    "mouse": "block/extra/opc",
    "lattice": "block/extra/lattice"
},
"elements": [ 
{
    "from": [ -1.5, 2, 3 ],
    "to": [ 18.5, 14.5, 4 ],
    "faces": {
        "down":  { "uv": [ 4, 13, 5, 14 ], "texture": "#particle" },
        "up":    { "uv": [ 4, 13, 5, 14 ], "texture": "#particle" },
        "north": { "uv": [ 4, 13, 5, 14 ], "texture": "#particle" },
        "south": { "uv": [ 4, 13, 5, 14 ], "texture": "#particle" },
        "west":  { "uv": [ 4, 13, 5, 14 ], "texture": "#particle" },
        "east":  { "uv": [ 4, 13, 5, 14 ], "texture": "#particle" }
    }
},
{
    "from": [ 8.25, 0.5, 3 ],
    "to": [ 9.8125, 2, 4 ],
    "faces": {
        "down":  { "uv": [ 6, 12, 7, 13 ], "texture": "#particle" },
        "up":    { "uv": [ 6, 12, 7, 13 ], "texture": "#particle" },
        "north": { "uv": [ 6, 12, 7, 13 ], "texture": "#particle" },
        "south": { "uv": [ 6, 12, 7, 13 ], "texture": "#particle" },
        "west":  { "uv": [ 6, 12, 7, 13 ], "texture": "#particle" },
        "east":  { "uv": [ 6, 12, 7, 13 ], "texture": "#particle" }
    }
},
{
    "from": [ -0.5, 3.5, 4 ],
    "to": [ 17.5, 13.5, 4.0625 ],
    "faces": {
        "down":  { "uv": [ 2.5, 13.5, 3.5, 14.5 ], "texture": "#particle" },
        "up":    { "uv": [ 2.5, 13, 3.5, 14 ], "texture": "#particle" },
        "north": { "uv": [ 2.5, 13, 3.5, 14 ], "texture": "#particle" },
        "south": { "uv": [ 0, 0, 16, 16 ], "texture": "#moive01" },
        "west":  { "uv": [ 2.5, 14, 3.5, 15 ], "texture": "#particle" },
        "east":  { "uv": [ 2.5, 13.5, 3.5, 14.5 ], "texture": "#particle" }
    }
},
{
    "from": [ 16.0625, -0.125, 9.1875 ],
    "to": [ 18.5625, 0.1875, 13.6875 ],
    "faces": {
        "down":  { "uv": [ 2.5, 13, 3.5, 14.5 ], "texture": "#particle" },
        "up":    { "uv": [ 3, 8, 4, 9.5 ], "rotation": 180, "texture": "#particle" },
        "north": { "uv": [ 2.5, 13.5, 3, 14 ], "texture": "#particle" },
        "south": { "uv": [ 2.5, 14, 3.5, 14.5 ], "texture": "#particle" },
        "west":  { "uv": [ 3, 13, 3.5, 13.5 ], "texture": "#particle" },
        "east":  { "uv": [ 3, 13.5, 3.5, 14 ], "texture": "#particle" }
    }
},
{
    "from": [ 17.125, 0.1875, 9.1875 ],
    "to": [ 17.5, 0.25, 10.1875 ],
    "faces": {
        "down":  { "uv": [ 2, 10, 1.5, 9 ], "texture": "#mouse" },
        "up":    { "uv": [ 14, 9, 14.5, 10 ], "texture": "#mouse" },
        "north": { "uv": [ 1.5, 14, 2, 14.5 ], "texture": "#mouse" },
        "south": { "uv": [ 14, 14, 14.5, 14.5 ], "texture": "#mouse" },
        "west":  { "uv": [ 9, 14, 10, 14.5 ], "texture": "#mouse" },
        "east":  { "uv": [ 6, 14, 7, 14.5 ], "texture": "#mouse" }
    }
},
{
    "from": [ -1.25, -0.0625, 8.5 ],
    "to": [ 14.4375, 0.25, 14.25 ],
    "faces": {
        "down":  { "uv": [ 2.5, 13, 3.5, 14 ], "texture": "#particle" },
        "up":    { "uv": [ 2.5, 13, 3.5, 14 ], "texture": "#particle" },
        "north": { "uv": [ 2.5, 13.5, 3, 14.5 ], "texture": "#particle" },
        "south": { "uv": [ 2.5, 13, 3, 14 ], "texture": "#particle" },
        "west":  { "uv": [ 2.5, 13.5, 3.5, 14.5 ], "texture": "#particle" },
        "east":  { "uv": [ 3, 14, 3.5, 15 ], "texture": "#particle" }
    }
},
{
    "from": [ 17.25, 2.625, 4 ],
    "to": [ 17.5625, 3, 4.0625 ],
    "faces": {
        "down":  { "uv": [ 1.5, 5.0625, 1, 5 ], "texture": "#mouse" },
        "up":    { "uv": [ 14.5, 5, 15, 5.0625 ], "texture": "#mouse" },
        "north": { "uv": [ 1, 12.5, 1.5, 13 ], "texture": "#mouse" },
        "south": { "uv": [ 14.5, 12.5, 15, 13 ], "texture": "#mouse" },
        "west":  { "uv": [ 5, 12.5, 5.0625, 13 ], "texture": "#mouse" },
        "east":  { "uv": [ 10.9375, 12.5, 11, 13 ], "texture": "#mouse" }
    }
},
{
    "from": [ 11.125, 0.25, 13 ],
    "to": [ 11.625, 0.5, 13.5625 ],
    "faces": {
        "down":  { "uv": [ 2, 10, 1.5, 9 ], "texture": "#mouse" },
        "up":    { "uv": [ 14, 9, 14.5, 10 ], "texture": "#mouse" },
        "north": { "uv": [ 1.5, 14, 2, 14.5 ], "texture": "#mouse" },
        "south": { "uv": [ 14, 14, 14.5, 14.5 ], "texture": "#mouse" },
        "west":  { "uv": [ 9, 14, 10, 14.5 ], "texture": "#mouse" },
        "east":  { "uv": [ 6, 14, 7, 14.5 ], "texture": "#mouse" }
    }
},
{
    "from": [ 12.125, 0.25, 13 ],
    "to": [ 12.625, 0.5, 13.5625 ],
    "faces": {
        "down":  { "uv": [ 2, 10, 1.5, 9 ], "texture": "#mouse" },
        "up":    { "uv": [ 14, 9, 14.5, 10 ], "texture": "#mouse" },
        "north": { "uv": [ 1.5, 14, 2, 14.5 ], "texture": "#mouse" },
        "south": { "uv": [ 14, 14, 14.5, 14.5 ], "texture": "#mouse" },
        "west":  { "uv": [ 9, 14, 10, 14.5 ], "texture": "#mouse" },
        "east":  { "uv": [ 6, 14, 7, 14.5 ], "texture": "#mouse" }
    }
},
{
    "from": [ 8, 0.25, 12 ],
    "to": [ 9.5, 0.5, 12.625 ],
    "faces": {
        "down":  { "uv": [ 2, 10, 1.5, 9 ], "texture": "#mouse" },
        "up":    { "uv": [ 14, 9, 14.5, 10 ], "texture": "#mouse" },
        "north": { "uv": [ 1.5, 14, 2, 14.5 ], "texture": "#mouse" },
        "south": { "uv": [ 14, 14, 14.5, 14.5 ], "texture": "#mouse" },
        "west":  { "uv": [ 9, 14, 10, 14.5 ], "texture": "#mouse" },
        "east":  { "uv": [ 6, 14, 7, 14.5 ], "texture": "#mouse" }
    }
},
{
    "from": [ 2, 0.25, 12 ],
    "to": [ 2.5, 0.5, 12.5625 ],
    "faces": {
        "down":  { "uv": [ 2, 10, 1.5, 9 ], "texture": "#mouse" },
        "up":    { "uv": [ 14, 9, 14.5, 10 ], "texture": "#mouse" },
        "north": { "uv": [ 1.5, 14, 2, 14.5 ], "texture": "#mouse" },
        "south": { "uv": [ 14, 14, 14.5, 14.5 ], "texture": "#mouse" },
        "west":  { "uv": [ 9, 14, 10, 14.5 ], "texture": "#mouse" },
        "east":  { "uv": [ 6, 14, 7, 14.5 ], "texture": "#mouse" }
    }
},
{
    "from": [ 3, 0.25, 12 ],
    "to": [ 3.5, 0.5, 12.5625 ],
    "faces": {
        "down":  { "uv": [ 2, 10, 1.5, 9 ], "texture": "#mouse" },
        "up":    { "uv": [ 14, 9, 14.5, 10 ], "texture": "#mouse" },
        "north": { "uv": [ 1.5, 14, 2, 14.5 ], "texture": "#mouse" },
        "south": { "uv": [ 14, 14, 14.5, 14.5 ], "texture": "#mouse" },
        "west":  { "uv": [ 9, 14, 10, 14.5 ], "texture": "#mouse" },
        "east":  { "uv": [ 6, 14, 7, 14.5 ], "texture": "#mouse" }
    }
},
{
    "from": [ 4, 0.25, 12 ],
    "to": [ 4.5, 0.5, 12.5625 ],
    "faces": {
        "down":  { "uv": [ 2, 10, 1.5, 9 ], "texture": "#mouse" },
        "up":    { "uv": [ 14, 9, 14.5, 10 ], "texture": "#mouse" },
        "north": { "uv": [ 1.5, 14, 2, 14.5 ], "texture": "#mouse" },
        "south": { "uv": [ 14, 14, 14.5, 14.5 ], "texture": "#mouse" },
        "west":  { "uv": [ 9, 14, 10, 14.5 ], "texture": "#mouse" },
        "east":  { "uv": [ 6, 14, 7, 14.5 ], "texture": "#mouse" }
    }
},
{
    "from": [ 5, 0.25, 12 ],
    "to": [ 5.5, 0.5, 12.5625 ],
    "faces": {
        "down":  { "uv": [ 2, 10, 1.5, 9 ], "texture": "#mouse" },
        "up":    { "uv": [ 14, 9, 14.5, 10 ], "texture": "#mouse" },
        "north": { "uv": [ 1.5, 14, 2, 14.5 ], "texture": "#mouse" },
        "south": { "uv": [ 14, 14, 14.5, 14.5 ], "texture": "#mouse" },
        "west":  { "uv": [ 9, 14, 10, 14.5 ], "texture": "#mouse" },
        "east":  { "uv": [ 6, 14, 7, 14.5 ], "texture": "#mouse" }
    }
},
{
    "from": [ 6, 0.25, 12 ],
    "to": [ 6.5, 0.5, 12.5625 ],
    "faces": {
        "down":  { "uv": [ 2, 10, 1.5, 9 ], "texture": "#mouse" },
        "up":    { "uv": [ 14, 9, 14.5, 10 ], "texture": "#mouse" },
        "north": { "uv": [ 1.5, 14, 2, 14.5 ], "texture": "#mouse" },
        "south": { "uv": [ 14, 14, 14.5, 14.5 ], "texture": "#mouse" },
        "west":  { "uv": [ 9, 14, 10, 14.5 ], "texture": "#mouse" },
        "east":  { "uv": [ 6, 14, 7, 14.5 ], "texture": "#mouse" }
    }
},
{
    "from": [ 11.125, 0.25, 12 ],
    "to": [ 11.625, 0.5, 12.5625 ],
    "faces": {
        "down":  { "uv": [ 2, 10, 1.5, 9 ], "texture": "#mouse" },
        "up":    { "uv": [ 14, 9, 14.5, 10 ], "texture": "#mouse" },
        "north": { "uv": [ 1.5, 14, 2, 14.5 ], "texture": "#mouse" },
        "south": { "uv": [ 14, 14, 14.5, 14.5 ], "texture": "#mouse" },
        "west":  { "uv": [ 9, 14, 10, 14.5 ], "texture": "#mouse" },
        "east":  { "uv": [ 6, 14, 7, 14.5 ], "texture": "#mouse" }
    }
},
{
    "from": [ 12.125, 0.25, 12 ],
    "to": [ 12.625, 0.5, 12.5625 ],
    "faces": {
        "down":  { "uv": [ 2, 10, 1.5, 9 ], "texture": "#mouse" },
        "up":    { "uv": [ 14, 9, 14.5, 10 ], "texture": "#mouse" },
        "north": { "uv": [ 1.5, 14, 2, 14.5 ], "texture": "#mouse" },
        "south": { "uv": [ 14, 14, 14.5, 14.5 ], "texture": "#mouse" },
        "west":  { "uv": [ 9, 14, 10, 14.5 ], "texture": "#mouse" },
        "east":  { "uv": [ 6, 14, 7, 14.5 ], "texture": "#mouse" }
    }
},
{
    "from": [ 16.75, 2.625, 4 ],
    "to": [ 17.0625, 3, 4.0625 ],
    "faces": {
        "down":  { "uv": [ 1.5, 5.0625, 1, 5 ], "texture": "#mouse" },
        "up":    { "uv": [ 14.5, 5, 15, 5.0625 ], "texture": "#mouse" },
        "north": { "uv": [ 1, 12.5, 1.5, 13 ], "texture": "#mouse" },
        "south": { "uv": [ 14.5, 12.5, 15, 13 ], "texture": "#mouse" },
        "west":  { "uv": [ 5, 12.5, 5.0625, 13 ], "texture": "#mouse" },
        "east":  { "uv": [ 10.9375, 12.5, 11, 13 ], "texture": "#mouse" }
    }
},
{
    "from": [ 2, 0.25, 13 ],
    "to": [ 2.5, 0.5, 13.5 ],
    "faces": {
        "down":  { "uv": [ 2, 10, 1.5, 9 ], "texture": "#mouse" },
        "up":    { "uv": [ 14, 9, 14.5, 10 ], "texture": "#mouse" },
        "north": { "uv": [ 1.5, 14, 2, 14.5 ], "texture": "#mouse" },
        "south": { "uv": [ 14, 14, 14.5, 14.5 ], "texture": "#mouse" },
        "west":  { "uv": [ 9, 14, 10, 14.5 ], "texture": "#mouse" },
        "east":  { "uv": [ 6, 14, 7, 14.5 ], "texture": "#mouse" }
    }
},
{
    "from": [ -0.5, 0.25, 11 ],
    "to": [ 0.375, 0.5, 11.5625 ],
    "faces": {
        "down":  { "uv": [ 2, 10, 1.5, 9 ], "texture": "#mouse" },
        "up":    { "uv": [ 14, 9, 14.5, 10 ], "texture": "#mouse" },
        "north": { "uv": [ 1.5, 14, 2, 14.5 ], "texture": "#mouse" },
        "south": { "uv": [ 14, 14, 14.5, 14.5 ], "texture": "#mouse" },
        "west":  { "uv": [ 9, 14, 10, 14.5 ], "texture": "#mouse" },
        "east":  { "uv": [ 6, 14, 7, 14.5 ], "texture": "#mouse" }
    }
},
{
    "from": [ 2, 0.25, 11 ],
    "to": [ 2.5, 0.5, 11.5625 ],
    "faces": {
        "down":  { "uv": [ 2, 10, 1.5, 9 ], "texture": "#mouse" },
        "up":    { "uv": [ 14, 9, 14.5, 10 ], "texture": "#mouse" },
        "north": { "uv": [ 1.5, 14, 2, 14.5 ], "texture": "#mouse" },
        "south": { "uv": [ 14, 14, 14.5, 14.5 ], "texture": "#mouse" },
        "west":  { "uv": [ 9, 14, 10, 14.5 ], "texture": "#mouse" },
        "east":  { "uv": [ 6, 14, 7, 14.5 ], "texture": "#mouse" }
    }
},
{
    "from": [ 3, 0.25, 11 ],
    "to": [ 3.5, 0.5, 11.5625 ],
    "faces": {
        "down":  { "uv": [ 2, 10, 1.5, 9 ], "texture": "#mouse" },
        "up":    { "uv": [ 14, 9, 14.5, 10 ], "texture": "#mouse" },
        "north": { "uv": [ 1.5, 14, 2, 14.5 ], "texture": "#mouse" },
        "south": { "uv": [ 14, 14, 14.5, 14.5 ], "texture": "#mouse" },
        "west":  { "uv": [ 9, 14, 10, 14.5 ], "texture": "#mouse" },
        "east":  { "uv": [ 6, 14, 7, 14.5 ], "texture": "#mouse" }
    }
},
{
    "from": [ 5, 0.25, 11 ],
    "to": [ 5.5, 0.5, 11.5625 ],
    "faces": {
        "down":  { "uv": [ 2, 10, 1.5, 9 ], "texture": "#mouse" },
        "up":    { "uv": [ 14, 9, 14.5, 10 ], "texture": "#mouse" },
        "north": { "uv": [ 1.5, 14, 2, 14.5 ], "texture": "#mouse" },
        "south": { "uv": [ 14, 14, 14.5, 14.5 ], "texture": "#mouse" },
        "west":  { "uv": [ 9, 14, 10, 14.5 ], "texture": "#mouse" },
        "east":  { "uv": [ 6, 14, 7, 14.5 ], "texture": "#mouse" }
    }
},
{
    "from": [ 6, 0.25, 11 ],
    "to": [ 6.5, 0.5, 11.5625 ],
    "faces": {
        "down":  { "uv": [ 2, 10, 1.5, 9 ], "texture": "#mouse" },
        "up":    { "uv": [ 14, 9, 14.5, 10 ], "texture": "#mouse" },
        "north": { "uv": [ 1.5, 14, 2, 14.5 ], "texture": "#mouse" },
        "south": { "uv": [ 14, 14, 14.5, 14.5 ], "texture": "#mouse" },
        "west":  { "uv": [ 9, 14, 10, 14.5 ], "texture": "#mouse" },
        "east":  { "uv": [ 6, 14, 7, 14.5 ], "texture": "#mouse" }
    }
},
{
    "from": [ 7, 0.25, 11 ],
    "to": [ 7.5, 0.5, 11.5625 ],
    "faces": {
        "down":  { "uv": [ 2, 10, 1.5, 9 ], "texture": "#mouse" },
        "up":    { "uv": [ 14, 9, 14.5, 10 ], "texture": "#mouse" },
        "north": { "uv": [ 1.5, 14, 2, 14.5 ], "texture": "#mouse" },
        "south": { "uv": [ 14, 14, 14.5, 14.5 ], "texture": "#mouse" },
        "west":  { "uv": [ 9, 14, 10, 14.5 ], "texture": "#mouse" },
        "east":  { "uv": [ 6, 14, 7, 14.5 ], "texture": "#mouse" }
    }
},
{
    "from": [ 11.125, 0.25, 11 ],
    "to": [ 11.625, 0.5, 11.5625 ],
    "faces": {
        "down":  { "uv": [ 2, 10, 1.5, 9 ], "texture": "#mouse" },
        "up":    { "uv": [ 14, 9, 14.5, 10 ], "texture": "#mouse" },
        "north": { "uv": [ 1.5, 14, 2, 14.5 ], "texture": "#mouse" },
        "south": { "uv": [ 14, 14, 14.5, 14.5 ], "texture": "#mouse" },
        "west":  { "uv": [ 9, 14, 10, 14.5 ], "texture": "#mouse" },
        "east":  { "uv": [ 6, 14, 7, 14.5 ], "texture": "#mouse" }
    }
},
{
    "from": [ 12.125, 0.25, 11 ],
    "to": [ 12.625, 0.5, 11.5625 ],
    "faces": {
        "down":  { "uv": [ 2, 10, 1.5, 9 ], "texture": "#mouse" },
        "up":    { "uv": [ 14, 9, 14.5, 10 ], "texture": "#mouse" },
        "north": { "uv": [ 1.5, 14, 2, 14.5 ], "texture": "#mouse" },
        "south": { "uv": [ 14, 14, 14.5, 14.5 ], "texture": "#mouse" },
        "west":  { "uv": [ 9, 14, 10, 14.5 ], "texture": "#mouse" },
        "east":  { "uv": [ 6, 14, 7, 14.5 ], "texture": "#mouse" }
    }
},
{
    "from": [ 13.125, 0.25, 11 ],
    "to": [ 13.625, 0.5, 11.5625 ],
    "faces": {
        "down":  { "uv": [ 2, 10, 1.5, 9 ], "texture": "#mouse" },
        "up":    { "uv": [ 14, 9, 14.5, 10 ], "texture": "#mouse" },
        "north": { "uv": [ 1.5, 14, 2, 14.5 ], "texture": "#mouse" },
        "south": { "uv": [ 14, 14, 14.5, 14.5 ], "texture": "#mouse" },
        "west":  { "uv": [ 9, 14, 10, 14.5 ], "texture": "#mouse" },
        "east":  { "uv": [ 6, 14, 7, 14.5 ], "texture": "#mouse" }
    }
},
{
    "from": [ 2, 0.25, 10 ],
    "to": [ 2.5, 0.5, 10.5625 ],
    "faces": {
        "down":  { "uv": [ 2, 10, 1.5, 9 ], "texture": "#mouse" },
        "up":    { "uv": [ 14, 9, 14.5, 10 ], "texture": "#mouse" },
        "north": { "uv": [ 1.5, 14, 2, 14.5 ], "texture": "#mouse" },
        "south": { "uv": [ 14, 14, 14.5, 14.5 ], "texture": "#mouse" },
        "west":  { "uv": [ 9, 14, 10, 14.5 ], "texture": "#mouse" },
        "east":  { "uv": [ 6, 14, 7, 14.5 ], "texture": "#mouse" }
    }
},
{
    "from": [ 3, 0.25, 10 ],
    "to": [ 3.5, 0.5, 10.5625 ],
    "faces": {
        "down":  { "uv": [ 2, 10, 1.5, 9 ], "texture": "#mouse" },
        "up":    { "uv": [ 14, 9, 14.5, 10 ], "texture": "#mouse" },
        "north": { "uv": [ 1.5, 14, 2, 14.5 ], "texture": "#mouse" },
        "south": { "uv": [ 14, 14, 14.5, 14.5 ], "texture": "#mouse" },
        "west":  { "uv": [ 9, 14, 10, 14.5 ], "texture": "#mouse" },
        "east":  { "uv": [ 6, 14, 7, 14.5 ], "texture": "#mouse" }
    }
},
{
    "from": [ 4, 0.25, 10 ],
    "to": [ 4.5, 0.5, 10.5625 ],
    "faces": {
        "down":  { "uv": [ 2, 10, 1.5, 9 ], "texture": "#mouse" },
        "up":    { "uv": [ 14, 9, 14.5, 10 ], "texture": "#mouse" },
        "north": { "uv": [ 1.5, 14, 2, 14.5 ], "texture": "#mouse" },
        "south": { "uv": [ 14, 14, 14.5, 14.5 ], "texture": "#mouse" },
        "west":  { "uv": [ 9, 14, 10, 14.5 ], "texture": "#mouse" },
        "east":  { "uv": [ 6, 14, 7, 14.5 ], "texture": "#mouse" }
    }
},
{
    "from": [ 5, 0.25, 10 ],
    "to": [ 5.5, 0.5, 10.5625 ],
    "faces": {
        "down":  { "uv": [ 2, 10, 1.5, 9 ], "texture": "#mouse" },
        "up":    { "uv": [ 14, 9, 14.5, 10 ], "texture": "#mouse" },
        "north": { "uv": [ 1.5, 14, 2, 14.5 ], "texture": "#mouse" },
        "south": { "uv": [ 14, 14, 14.5, 14.5 ], "texture": "#mouse" },
        "west":  { "uv": [ 9, 14, 10, 14.5 ], "texture": "#mouse" },
        "east":  { "uv": [ 6, 14, 7, 14.5 ], "texture": "#mouse" }
    }
},
{
    "from": [ 6, 0.25, 10 ],
    "to": [ 6.5, 0.5, 10.5625 ],
    "faces": {
        "down":  { "uv": [ 2, 10, 1.5, 9 ], "texture": "#mouse" },
        "up":    { "uv": [ 14, 9, 14.5, 10 ], "texture": "#mouse" },
        "north": { "uv": [ 1.5, 14, 2, 14.5 ], "texture": "#mouse" },
        "south": { "uv": [ 14, 14, 14.5, 14.5 ], "texture": "#mouse" },
        "west":  { "uv": [ 9, 14, 10, 14.5 ], "texture": "#mouse" },
        "east":  { "uv": [ 6, 14, 7, 14.5 ], "texture": "#mouse" }
    }
},
{
    "from": [ 7, 0.25, 10 ],
    "to": [ 7.5, 0.5, 10.5625 ],
    "faces": {
        "down":  { "uv": [ 2, 10, 1.5, 9 ], "texture": "#mouse" },
        "up":    { "uv": [ 14, 9, 14.5, 10 ], "texture": "#mouse" },
        "north": { "uv": [ 1.5, 14, 2, 14.5 ], "texture": "#mouse" },
        "south": { "uv": [ 14, 14, 14.5, 14.5 ], "texture": "#mouse" },
        "west":  { "uv": [ 9, 14, 10, 14.5 ], "texture": "#mouse" },
        "east":  { "uv": [ 6, 14, 7, 14.5 ], "texture": "#mouse" }
    }
},
{
    "from": [ 11.125, 0.25, 10 ],
    "to": [ 11.625, 0.5, 10.5625 ],
    "faces": {
        "down":  { "uv": [ 2, 10, 1.5, 9 ], "texture": "#mouse" },
        "up":    { "uv": [ 14, 9, 14.5, 10 ], "texture": "#mouse" },
        "north": { "uv": [ 1.5, 14, 2, 14.5 ], "texture": "#mouse" },
        "south": { "uv": [ 14, 14, 14.5, 14.5 ], "texture": "#mouse" },
        "west":  { "uv": [ 9, 14, 10, 14.5 ], "texture": "#mouse" },
        "east":  { "uv": [ 6, 14, 7, 14.5 ], "texture": "#mouse" }
    }
},
{
    "from": [ 12.0625, 0.25, 10 ],
    "to": [ 12.5625, 0.5, 10.5625 ],
    "faces": {
        "down":  { "uv": [ 2, 10, 1.5, 9 ], "texture": "#mouse" },
        "up":    { "uv": [ 14, 9, 14.5, 10 ], "texture": "#mouse" },
        "north": { "uv": [ 1.5, 14, 2, 14.5 ], "texture": "#mouse" },
        "south": { "uv": [ 14, 14, 14.5, 14.5 ], "texture": "#mouse" },
        "west":  { "uv": [ 9, 14, 10, 14.5 ], "texture": "#mouse" },
        "east":  { "uv": [ 6, 14, 7, 14.5 ], "texture": "#mouse" }
    }
},
{
    "from": [ 13.125, 0.25, 10 ],
    "to": [ 13.625, 0.5, 10.5625 ],
    "faces": {
        "down":  { "uv": [ 2, 10, 1.5, 9 ], "texture": "#mouse" },
        "up":    { "uv": [ 14, 9, 14.5, 10 ], "texture": "#mouse" },
        "north": { "uv": [ 1.5, 14, 2, 14.5 ], "texture": "#mouse" },
        "south": { "uv": [ 14, 14, 14.5, 14.5 ], "texture": "#mouse" },
        "west":  { "uv": [ 9, 14, 10, 14.5 ], "texture": "#mouse" },
        "east":  { "uv": [ 6, 14, 7, 14.5 ], "texture": "#mouse" }
    }
},
{
    "from": [ 1, 0.25, 9 ],
    "to": [ 1.75, 0.5, 9.375 ],
    "faces": {
        "down":  { "uv": [ 2, 10, 1.5, 9 ], "texture": "#mouse" },
        "up":    { "uv": [ 14, 9, 14.5, 10 ], "texture": "#mouse" },
        "north": { "uv": [ 1.5, 14, 2, 14.5 ], "texture": "#mouse" },
        "south": { "uv": [ 14, 14, 14.5, 14.5 ], "texture": "#mouse" },
        "west":  { "uv": [ 9, 14, 10, 14.5 ], "texture": "#mouse" },
        "east":  { "uv": [ 6, 14, 7, 14.5 ], "texture": "#mouse" }
    }
},
{
    "from": [ 11.125, 0.25, 9 ],
    "to": [ 11.625, 0.5, 9.5625 ],
    "faces": {
        "down":  { "uv": [ 2, 10, 1.5, 9 ], "texture": "#mouse" },
        "up":    { "uv": [ 14, 9, 14.5, 10 ], "texture": "#mouse" },
        "north": { "uv": [ 1.5, 14, 2, 14.5 ], "texture": "#mouse" },
        "south": { "uv": [ 14, 14, 14.5, 14.5 ], "texture": "#mouse" },
        "west":  { "uv": [ 9, 14, 10, 14.5 ], "texture": "#mouse" },
        "east":  { "uv": [ 6, 14, 7, 14.5 ], "texture": "#mouse" }
    }
},
{
    "from": [ 12.125, 0.25, 9 ],
    "to": [ 12.625, 0.5, 9.5625 ],
    "faces": {
        "down":  { "uv": [ 2, 10, 1.5, 9 ], "texture": "#mouse" },
        "up":    { "uv": [ 14, 9, 14.5, 10 ], "texture": "#mouse" },
        "north": { "uv": [ 1.5, 14, 2, 14.5 ], "texture": "#mouse" },
        "south": { "uv": [ 14, 14, 14.5, 14.5 ], "texture": "#mouse" },
        "west":  { "uv": [ 9, 14, 10, 14.5 ], "texture": "#mouse" },
        "east":  { "uv": [ 6, 14, 7, 14.5 ], "texture": "#mouse" }
    }
},
{
    "from": [ 13.125, 0.25, 9 ],
    "to": [ 13.625, 0.5, 9.5625 ],
    "faces": {
        "down":  { "uv": [ 2, 10, 1.5, 9 ], "texture": "#mouse" },
        "up":    { "uv": [ 14, 9, 14.5, 10 ], "texture": "#mouse" },
        "north": { "uv": [ 1.5, 14, 2, 14.5 ], "texture": "#mouse" },
        "south": { "uv": [ 14, 14, 14.5, 14.5 ], "texture": "#mouse" },
        "west":  { "uv": [ 9, 14, 10, 14.5 ], "texture": "#mouse" },
        "east":  { "uv": [ 6, 14, 7, 14.5 ], "texture": "#mouse" }
    }
},
{
    "from": [ 0, 4.0625, 2.6875 ],
    "to": [ 17, 13.5, 3 ],
    "faces": {
        "down":  { "uv": [ 4, 13, 5, 14 ], "texture": "#particle" },
        "up":    { "uv": [ 4, 13, 5, 14 ], "texture": "#particle" },
        "north": { "uv": [ 4, 13, 5, 14 ], "texture": "#particle" },
        "south": { "uv": [ 4, 13, 5, 14 ], "texture": "#particle" },
        "west":  { "uv": [ 4, 13, 5, 14 ], "texture": "#particle" },
        "east":  { "uv": [ 4, 13, 5, 14 ], "texture": "#particle" }
    }
},
{
    "from": [ 0, 0, 2.25 ],
    "to": [ 17, 0.5, 4.75 ],
    "faces": {
        "down":  { "uv": [ 4, 13, 5, 14 ], "texture": "#particle" },
        "up":    { "uv": [ 4, 13, 5, 14 ], "texture": "#particle" },
        "north": { "uv": [ 4, 13, 5, 14 ], "texture": "#particle" },
        "south": { "uv": [ 4, 13, 5, 14 ], "texture": "#particle" },
        "west":  { "uv": [ 4, 13, 5, 14 ], "texture": "#particle" },
        "east":  { "uv": [ 4, 13, 5, 14 ], "texture": "#particle" }
    }
},
{
    "from": [ 7, 0.25, 12 ],
    "to": [ 7.5, 0.5, 12.5625 ],
    "faces": {
        "down":  { "uv": [ 2, 10, 1.5, 9 ], "texture": "#mouse" },
        "up":    { "uv": [ 14, 9, 14.5, 10 ], "texture": "#mouse" },
        "north": { "uv": [ 1.5, 14, 2, 14.5 ], "texture": "#mouse" },
        "south": { "uv": [ 14, 14, 14.5, 14.5 ], "texture": "#mouse" },
        "west":  { "uv": [ 9, 14, 10, 14.5 ], "texture": "#mouse" },
        "east":  { "uv": [ 6, 14, 7, 14.5 ], "texture": "#mouse" }
    }
},
{
    "from": [ 9, 0.25, 13 ],
    "to": [ 9.5, 0.5, 13.5625 ],
    "faces": {
        "down":  { "uv": [ 2, 10, 1.5, 9 ], "texture": "#mouse" },
        "up":    { "uv": [ 14, 9, 14.5, 10 ], "texture": "#mouse" },
        "north": { "uv": [ 1.5, 14, 2, 14.5 ], "texture": "#mouse" },
        "south": { "uv": [ 14, 14, 14.5, 14.5 ], "texture": "#mouse" },
        "west":  { "uv": [ 9, 14, 10, 14.5 ], "texture": "#mouse" },
        "east":  { "uv": [ 6, 14, 7, 14.5 ], "texture": "#mouse" }
    }
},
{
    "from": [ 10, 0.25, 13 ],
    "to": [ 10.5, 0.5, 13.5625 ],
    "faces": {
        "down":  { "uv": [ 2, 10, 1.5, 9 ], "texture": "#mouse" },
        "up":    { "uv": [ 14, 9, 14.5, 10 ], "texture": "#mouse" },
        "north": { "uv": [ 1.5, 14, 2, 14.5 ], "texture": "#mouse" },
        "south": { "uv": [ 14, 14, 14.5, 14.5 ], "texture": "#mouse" },
        "west":  { "uv": [ 9, 14, 10, 14.5 ], "texture": "#mouse" },
        "east":  { "uv": [ 6, 14, 7, 14.5 ], "texture": "#mouse" }
    }
},
{
    "from": [ 10, 0.25, 12 ],
    "to": [ 10.5, 0.5, 12.5625 ],
    "faces": {
        "down":  { "uv": [ 2, 10, 1.5, 9 ], "texture": "#mouse" },
        "up":    { "uv": [ 14, 9, 14.5, 10 ], "texture": "#mouse" },
        "north": { "uv": [ 1.5, 14, 2, 14.5 ], "texture": "#mouse" },
        "south": { "uv": [ 14, 14, 14.5, 14.5 ], "texture": "#mouse" },
        "west":  { "uv": [ 9, 14, 10, 14.5 ], "texture": "#mouse" },
        "east":  { "uv": [ 6, 14, 7, 14.5 ], "texture": "#mouse" }
    }
},
{
    "from": [ 4, 0.25, 11 ],
    "to": [ 4.5, 0.5, 11.5625 ],
    "faces": {
        "down":  { "uv": [ 2, 10, 1.5, 9 ], "texture": "#mouse" },
        "up":    { "uv": [ 14, 9, 14.5, 10 ], "texture": "#mouse" },
        "north": { "uv": [ 1.5, 14, 2, 14.5 ], "texture": "#mouse" },
        "south": { "uv": [ 14, 14, 14.5, 14.5 ], "texture": "#mouse" },
        "west":  { "uv": [ 9, 14, 10, 14.5 ], "texture": "#mouse" },
        "east":  { "uv": [ 6, 14, 7, 14.5 ], "texture": "#mouse" }
    }
},
{
    "from": [ 8, 0.25, 10 ],
    "to": [ 8.5, 0.5, 10.5625 ],
    "faces": {
        "down":  { "uv": [ 2, 10, 1.5, 9 ], "texture": "#mouse" },
        "up":    { "uv": [ 14, 9, 14.5, 10 ], "texture": "#mouse" },
        "north": { "uv": [ 1.5, 14, 2, 14.5 ], "texture": "#mouse" },
        "south": { "uv": [ 14, 14, 14.5, 14.5 ], "texture": "#mouse" },
        "west":  { "uv": [ 9, 14, 10, 14.5 ], "texture": "#mouse" },
        "east":  { "uv": [ 6, 14, 7, 14.5 ], "texture": "#mouse" }
    }
},
{
    "from": [ 8, 0.25, 11 ],
    "to": [ 8.5, 0.5, 11.5625 ],
    "faces": {
        "down":  { "uv": [ 2, 10, 1.5, 9 ], "texture": "#mouse" },
        "up":    { "uv": [ 14, 9, 14.5, 10 ], "texture": "#mouse" },
        "north": { "uv": [ 1.5, 14, 2, 14.5 ], "texture": "#mouse" },
        "south": { "uv": [ 14, 14, 14.5, 14.5 ], "texture": "#mouse" },
        "west":  { "uv": [ 9, 14, 10, 14.5 ], "texture": "#mouse" },
        "east":  { "uv": [ 6, 14, 7, 14.5 ], "texture": "#mouse" }
    }
},
{
    "from": [ -0.5, 0.25, 10 ],
    "to": [ 0.375, 0.5, 10.5625 ],
    "faces": {
        "down":  { "uv": [ 2, 10, 1.5, 9 ], "texture": "#mouse" },
        "up":    { "uv": [ 14, 9, 14.5, 10 ], "texture": "#mouse" },
        "north": { "uv": [ 1.5, 14, 2, 14.5 ], "texture": "#mouse" },
        "south": { "uv": [ 14, 14, 14.5, 14.5 ], "texture": "#mouse" },
        "west":  { "uv": [ 9, 14, 10, 14.5 ], "texture": "#mouse" },
        "east":  { "uv": [ 6, 14, 7, 14.5 ], "texture": "#mouse" }
    }
},
{
    "from": [ 1, 0.25, 11 ],
    "to": [ 1.5, 0.5, 11.5625 ],
    "faces": {
        "down":  { "uv": [ 2, 10, 1.5, 9 ], "texture": "#mouse" },
        "up":    { "uv": [ 14, 9, 14.5, 10 ], "texture": "#mouse" },
        "north": { "uv": [ 1.5, 14, 2, 14.5 ], "texture": "#mouse" },
        "south": { "uv": [ 14, 14, 14.5, 14.5 ], "texture": "#mouse" },
        "west":  { "uv": [ 9, 14, 10, 14.5 ], "texture": "#mouse" },
        "east":  { "uv": [ 6, 14, 7, 14.5 ], "texture": "#mouse" }
    }
},
{
    "from": [ 1, 0.25, 10 ],
    "to": [ 1.5, 0.5, 10.5625 ],
    "faces": {
        "down":  { "uv": [ 2, 10, 1.5, 9 ], "texture": "#mouse" },
        "up":    { "uv": [ 14, 9, 14.5, 10 ], "texture": "#mouse" },
        "north": { "uv": [ 1.5, 14, 2, 14.5 ], "texture": "#mouse" },
        "south": { "uv": [ 14, 14, 14.5, 14.5 ], "texture": "#mouse" },
        "west":  { "uv": [ 9, 14, 10, 14.5 ], "texture": "#mouse" },
        "east":  { "uv": [ 6, 14, 7, 14.5 ], "texture": "#mouse" }
    }
},
{
    "from": [ -0.5, 0.25, 12 ],
    "to": [ 0.375, 0.5, 12.5625 ],
    "faces": {
        "down":  { "uv": [ 2, 10, 1.5, 9 ], "texture": "#mouse" },
        "up":    { "uv": [ 14, 9, 14.5, 10 ], "texture": "#mouse" },
        "north": { "uv": [ 1.5, 14, 2, 14.5 ], "texture": "#mouse" },
        "south": { "uv": [ 14, 14, 14.5, 14.5 ], "texture": "#mouse" },
        "west":  { "uv": [ 9, 14, 10, 14.5 ], "texture": "#mouse" },
        "east":  { "uv": [ 6, 14, 7, 14.5 ], "texture": "#mouse" }
    }
},
{
    "from": [ 1, 0.25, 12 ],
    "to": [ 1.5, 0.5, 12.5625 ],
    "faces": {
        "down":  { "uv": [ 2, 10, 1.5, 9 ], "texture": "#mouse" },
        "up":    { "uv": [ 14, 9, 14.5, 10 ], "texture": "#mouse" },
        "north": { "uv": [ 1.5, 14, 2, 14.5 ], "texture": "#mouse" },
        "south": { "uv": [ 14, 14, 14.5, 14.5 ], "texture": "#mouse" },
        "west":  { "uv": [ 9, 14, 10, 14.5 ], "texture": "#mouse" },
        "east":  { "uv": [ 6, 14, 7, 14.5 ], "texture": "#mouse" }
    }
},
{
    "from": [ 1, 0.25, 13 ],
    "to": [ 1.5, 0.5, 13.5625 ],
    "faces": {
        "down":  { "uv": [ 2, 10, 1.5, 9 ], "texture": "#mouse" },
        "up":    { "uv": [ 14, 9, 14.5, 10 ], "texture": "#mouse" },
        "north": { "uv": [ 1.5, 14, 2, 14.5 ], "texture": "#mouse" },
        "south": { "uv": [ 14, 14, 14.5, 14.5 ], "texture": "#mouse" },
        "west":  { "uv": [ 9, 14, 10, 14.5 ], "texture": "#mouse" },
        "east":  { "uv": [ 6, 14, 7, 14.5 ], "texture": "#mouse" }
    }
},
{
    "from": [ 2, 0.25, 9 ],
    "to": [ 2.75, 0.5, 9.375 ],
    "faces": {
        "down":  { "uv": [ 2, 10, 1.5, 9 ], "texture": "#mouse" },
        "up":    { "uv": [ 14, 9, 14.5, 10 ], "texture": "#mouse" },
        "north": { "uv": [ 1.5, 14, 2, 14.5 ], "texture": "#mouse" },
        "south": { "uv": [ 14, 14, 14.5, 14.5 ], "texture": "#mouse" },
        "west":  { "uv": [ 9, 14, 10, 14.5 ], "texture": "#mouse" },
        "east":  { "uv": [ 6, 14, 7, 14.5 ], "texture": "#mouse" }
    }
},
{
    "from": [ 3, 0.25, 9 ],
    "to": [ 3.75, 0.5, 9.375 ],
    "faces": {
        "down":  { "uv": [ 2, 10, 1.5, 9 ], "texture": "#mouse" },
        "up":    { "uv": [ 14, 9, 14.5, 10 ], "texture": "#mouse" },
        "north": { "uv": [ 1.5, 14, 2, 14.5 ], "texture": "#mouse" },
        "south": { "uv": [ 14, 14, 14.5, 14.5 ], "texture": "#mouse" },
        "west":  { "uv": [ 9, 14, 10, 14.5 ], "texture": "#mouse" },
        "east":  { "uv": [ 6, 14, 7, 14.5 ], "texture": "#mouse" }
    }
},
{
    "from": [ 4, 0.25, 9 ],
    "to": [ 4.75, 0.5, 9.375 ],
    "faces": {
        "down":  { "uv": [ 2, 10, 1.5, 9 ], "texture": "#mouse" },
        "up":    { "uv": [ 14, 9, 14.5, 10 ], "texture": "#mouse" },
        "north": { "uv": [ 1.5, 14, 2, 14.5 ], "texture": "#mouse" },
        "south": { "uv": [ 14, 14, 14.5, 14.5 ], "texture": "#mouse" },
        "west":  { "uv": [ 9, 14, 10, 14.5 ], "texture": "#mouse" },
        "east":  { "uv": [ 6, 14, 7, 14.5 ], "texture": "#mouse" }
    }
},
{
    "from": [ 5, 0.25, 9 ],
    "to": [ 5.75, 0.5, 9.375 ],
    "faces": {
        "down":  { "uv": [ 2, 10, 1.5, 9 ], "texture": "#mouse" },
        "up":    { "uv": [ 14, 9, 14.5, 10 ], "texture": "#mouse" },
        "north": { "uv": [ 1.5, 14, 2, 14.5 ], "texture": "#mouse" },
        "south": { "uv": [ 14, 14, 14.5, 14.5 ], "texture": "#mouse" },
        "west":  { "uv": [ 9, 14, 10, 14.5 ], "texture": "#mouse" },
        "east":  { "uv": [ 6, 14, 7, 14.5 ], "texture": "#mouse" }
    }
},
{
    "from": [ 6, 0.25, 9 ],
    "to": [ 6.75, 0.5, 9.375 ],
    "faces": {
        "down":  { "uv": [ 2, 10, 1.5, 9 ], "texture": "#mouse" },
        "up":    { "uv": [ 14, 9, 14.5, 10 ], "texture": "#mouse" },
        "north": { "uv": [ 1.5, 14, 2, 14.5 ], "texture": "#mouse" },
        "south": { "uv": [ 14, 14, 14.5, 14.5 ], "texture": "#mouse" },
        "west":  { "uv": [ 9, 14, 10, 14.5 ], "texture": "#mouse" },
        "east":  { "uv": [ 6, 14, 7, 14.5 ], "texture": "#mouse" }
    }
},
{
    "from": [ 7, 0.25, 9 ],
    "to": [ 7.75, 0.5, 9.375 ],
    "faces": {
        "down":  { "uv": [ 2, 10, 1.5, 9 ], "texture": "#mouse" },
        "up":    { "uv": [ 14, 9, 14.5, 10 ], "texture": "#mouse" },
        "north": { "uv": [ 1.5, 14, 2, 14.5 ], "texture": "#mouse" },
        "south": { "uv": [ 14, 14, 14.5, 14.5 ], "texture": "#mouse" },
        "west":  { "uv": [ 9, 14, 10, 14.5 ], "texture": "#mouse" },
        "east":  { "uv": [ 6, 14, 7, 14.5 ], "texture": "#mouse" }
    }
},
{
    "from": [ 8, 0.25, 9 ],
    "to": [ 8.75, 0.5, 9.375 ],
    "faces": {
        "down":  { "uv": [ 2, 10, 1.5, 9 ], "texture": "#mouse" },
        "up":    { "uv": [ 14, 9, 14.5, 10 ], "texture": "#mouse" },
        "north": { "uv": [ 1.5, 14, 2, 14.5 ], "texture": "#mouse" },
        "south": { "uv": [ 14, 14, 14.5, 14.5 ], "texture": "#mouse" },
        "west":  { "uv": [ 9, 14, 10, 14.5 ], "texture": "#mouse" },
        "east":  { "uv": [ 6, 14, 7, 14.5 ], "texture": "#mouse" }
    }
},
{
    "from": [ 9, 0.25, 9 ],
    "to": [ 9.75, 0.5, 9.375 ],
    "faces": {
        "down":  { "uv": [ 2, 10, 1.5, 9 ], "texture": "#mouse" },
        "up":    { "uv": [ 14, 9, 14.5, 10 ], "texture": "#mouse" },
        "north": { "uv": [ 1.5, 14, 2, 14.5 ], "texture": "#mouse" },
        "south": { "uv": [ 14, 14, 14.5, 14.5 ], "texture": "#mouse" },
        "west":  { "uv": [ 9, 14, 10, 14.5 ], "texture": "#mouse" },
        "east":  { "uv": [ 6, 14, 7, 14.5 ], "texture": "#mouse" }
    }
},
{
    "from": [ 10, 0.25, 9 ],
    "to": [ 10.75, 0.5, 9.375 ],
    "faces": {
        "down":  { "uv": [ 2, 10, 1.5, 9 ], "texture": "#mouse" },
        "up":    { "uv": [ 14, 9, 14.5, 10 ], "texture": "#mouse" },
        "north": { "uv": [ 1.5, 14, 2, 14.5 ], "texture": "#mouse" },
        "south": { "uv": [ 14, 14, 14.5, 14.5 ], "texture": "#mouse" },
        "west":  { "uv": [ 9, 14, 10, 14.5 ], "texture": "#mouse" },
        "east":  { "uv": [ 6, 14, 7, 14.5 ], "texture": "#mouse" }
    }
},
{
    "from": [ -0.5, 0.25, 9 ],
    "to": [ 0.375, 0.5, 9.5625 ],
    "faces": {
        "down":  { "uv": [ 2, 10, 1.5, 9 ], "texture": "#mouse" },
        "up":    { "uv": [ 14, 9, 14.5, 10 ], "texture": "#mouse" },
        "north": { "uv": [ 1.5, 14, 2, 14.5 ], "texture": "#mouse" },
        "south": { "uv": [ 14, 14, 14.5, 14.5 ], "texture": "#mouse" },
        "west":  { "uv": [ 9, 14, 10, 14.5 ], "texture": "#mouse" },
        "east":  { "uv": [ 6, 14, 7, 14.5 ], "texture": "#mouse" }
    }
},
{
    "from": [ -0.5, 0.25, 13 ],
    "to": [ 0.375, 0.5, 13.5625 ],
    "faces": {
        "down":  { "uv": [ 2, 10, 1.5, 9 ], "texture": "#mouse" },
        "up":    { "uv": [ 14, 9, 14.5, 10 ], "texture": "#mouse" },
        "north": { "uv": [ 1.5, 14, 2, 14.5 ], "texture": "#mouse" },
        "south": { "uv": [ 14, 14, 14.5, 14.5 ], "texture": "#mouse" },
        "west":  { "uv": [ 9, 14, 10, 14.5 ], "texture": "#mouse" },
        "east":  { "uv": [ 6, 14, 7, 14.5 ], "texture": "#mouse" }
    }
},
{
    "from": [ 9, 0.25, 10 ],
    "to": [ 9.5, 0.5, 10.5625 ],
    "faces": {
        "down":  { "uv": [ 2, 10, 1.5, 9 ], "texture": "#mouse" },
        "up":    { "uv": [ 14, 9, 14.5, 10 ], "texture": "#mouse" },
        "north": { "uv": [ 1.5, 14, 2, 14.5 ], "texture": "#mouse" },
        "south": { "uv": [ 14, 14, 14.5, 14.5 ], "texture": "#mouse" },
        "west":  { "uv": [ 9, 14, 10, 14.5 ], "texture": "#mouse" },
        "east":  { "uv": [ 6, 14, 7, 14.5 ], "texture": "#mouse" }
    }
},
{
    "from": [ 10, 0.25, 10 ],
    "to": [ 10.5, 0.5, 10.5625 ],
    "faces": {
        "down":  { "uv": [ 2, 10, 1.5, 9 ], "texture": "#mouse" },
        "up":    { "uv": [ 14, 9, 14.5, 10 ], "texture": "#mouse" },
        "north": { "uv": [ 1.5, 14, 2, 14.5 ], "texture": "#mouse" },
        "south": { "uv": [ 14, 14, 14.5, 14.5 ], "texture": "#mouse" },
        "west":  { "uv": [ 9, 14, 10, 14.5 ], "texture": "#mouse" },
        "east":  { "uv": [ 6, 14, 7, 14.5 ], "texture": "#mouse" }
    }
},
{
    "from": [ 9, 0.25, 11 ],
    "to": [ 10.5, 0.5, 11.5 ],
    "faces": {
        "down":  { "uv": [ 2, 10, 1.5, 9 ], "texture": "#mouse" },
        "up":    { "uv": [ 14, 9, 14.5, 10 ], "texture": "#mouse" },
        "north": { "uv": [ 1.5, 14, 2, 14.5 ], "texture": "#mouse" },
        "south": { "uv": [ 14, 14, 14.5, 14.5 ], "texture": "#mouse" },
        "west":  { "uv": [ 9, 14, 10, 14.5 ], "texture": "#mouse" },
        "east":  { "uv": [ 6, 14, 7, 14.5 ], "texture": "#mouse" }
    }
},
{
    "from": [ 13.125, 0.25, 12.0625 ],
    "to": [ 13.625, 0.5, 13.5625 ],
    "faces": {
        "down":  { "uv": [ 2, 10, 1.5, 9 ], "texture": "#mouse" },
        "up":    { "uv": [ 14, 9, 14.5, 10 ], "texture": "#mouse" },
        "north": { "uv": [ 1.5, 14, 2, 14.5 ], "texture": "#mouse" },
        "south": { "uv": [ 14, 14, 14.5, 14.5 ], "texture": "#mouse" },
        "west":  { "uv": [ 9, 14, 10, 14.5 ], "texture": "#mouse" },
        "east":  { "uv": [ 6, 14, 7, 14.5 ], "texture": "#mouse" }
    }
},
{
    "from": [ 3, 0.25, 13 ],
    "to": [ 6.5, 0.5, 13.5 ],
    "faces": {
        "down":  { "uv": [ 2, 10, 1.5, 9 ], "texture": "#mouse" },
        "up":    { "uv": [ 14, 9, 14.5, 10 ], "texture": "#mouse" },
        "north": { "uv": [ 1.5, 14, 2, 14.5 ], "texture": "#mouse" },
        "south": { "uv": [ 14, 14, 14.5, 14.5 ], "texture": "#mouse" },
        "west":  { "uv": [ 9, 14, 10, 14.5 ], "texture": "#mouse" },
        "east":  { "uv": [ 6, 14, 7, 14.5 ], "texture": "#mouse" }
    }
},
{
    "from": [ 8, 0.25, 13 ],
    "to": [ 8.5, 0.5, 13.5625 ],
    "faces": {
        "down":  { "uv": [ 2, 10, 1.5, 9 ], "texture": "#mouse" },
        "up":    { "uv": [ 14, 9, 14.5, 10 ], "texture": "#mouse" },
        "north": { "uv": [ 1.5, 14, 2, 14.5 ], "texture": "#mouse" },
        "south": { "uv": [ 14, 14, 14.5, 14.5 ], "texture": "#mouse" },
        "west":  { "uv": [ 9, 14, 10, 14.5 ], "texture": "#mouse" },
        "east":  { "uv": [ 6, 14, 7, 14.5 ], "texture": "#mouse" }
    }
},
{
    "from": [ 7, 0.25, 13 ],
    "to": [ 7.5, 0.5, 13.5625 ],
    "faces": {
        "down":  { "uv": [ 2, 10, 1.5, 9 ], "texture": "#mouse" },
        "up":    { "uv": [ 14, 9, 14.5, 10 ], "texture": "#mouse" },
        "north": { "uv": [ 1.5, 14, 2, 14.5 ], "texture": "#mouse" },
        "south": { "uv": [ 14, 14, 14.5, 14.5 ], "texture": "#mouse" },
        "west":  { "uv": [ 9, 14, 10, 14.5 ], "texture": "#mouse" },
        "east":  { "uv": [ 6, 14, 7, 14.5 ], "texture": "#mouse" }
    }
}
],
"display": {
    "head": {
        "rotation": [ 0, 0, 0 ],
        "translation": [ 0, -30.5, 0 ],
        "scale": [ 1.5, 1.5, 1.5 ]
    }
}
}