{
"__comment": "Designed by 27box",
"textures": {
    "particle": "block/extra/metal_0",
    "texture": "block/extra/metal_1",
    "hardened_clay__light_blue": "block/extra/hardened_clay__light_blue",
    "stripped_birch_log": "block/stripped_birch_log"
},
"elements": [ 
{
    "from": [ 0, 13, 0 ],
    "to": [ 16, 14.5, 16 ],
    "faces": {
        "down":  { "uv": [ 0, 1, 16, 16 ], "texture": "#stripped_birch_log" },
        "up":    { "uv": [ 2, 2, 13, 13 ], "rotation": 90, "texture": "#stripped_birch_log" },
        "north": { "uv": [ 0, 1.5, 16, 3 ], "texture": "#stripped_birch_log" },
        "south": { "uv": [ 0, 1.5, 16, 3 ], "texture": "#stripped_birch_log" },
        "west":  { "uv": [ 1, 1.5, 16, 3 ], "texture": "#stripped_birch_log" },
        "east":  { "uv": [ 1, 1.5, 16, 3 ], "texture": "#stripped_birch_log" }
    }
},
{
    "from": [ 16, 13, 0 ],
    "to": [ 31, 14.5, 16 ],
    "faces": {
        "down":  { "uv": [ 2, 4, 14, 13 ], "texture": "#stripped_birch_log" },
        "up":    { "uv": [ 2.5, 5, 13, 13.5 ], "rotation": 90, "texture": "#stripped_birch_log" },
        "north": { "uv": [ 0, 0, 8.5, 13.5 ], "texture": "#stripped_birch_log" },
        "south": { "uv": [ 0, 0, 6, 13.5 ], "texture": "#stripped_birch_log" },
        "west":  { "uv": [ 0, 0, 7.5, 14 ], "texture": "#stripped_birch_log" },
        "east":  { "uv": [ 0, 0, 5.5, 14.5 ], "texture": "#stripped_birch_log" }
    }
},
{
    "from": [ 0.5, 0, 0.5 ],
    "to": [ 1.5, 13, 1.5 ],
    "faces": {
        "down":  { "uv": [ 0, 0, 8, 8 ], "texture": "#particle" },
        "up":    { "uv": [ 0, 0, 8, 8 ], "texture": "#particle" },
        "north": { "uv": [ 8.5, 8, 11, 16 ], "texture": "#particle" },
        "south": { "uv": [ 8.5, 8, 11, 16 ], "texture": "#particle" },
        "west":  { "uv": [ 8.5, 8, 11, 16 ], "texture": "#particle" },
        "east":  { "uv": [ 8.5, 8, 11, 16 ], "texture": "#particle" }
    }
},
{
    "from": [ 21, 13, 16 ],
    "to": [ 31, 14.5, 32 ],
    "faces": {
        "down":  { "uv": [ 1.5, 1.5, 13.5, 15 ], "texture": "#stripped_birch_log" },
        "up":    { "uv": [ 2, 1.5, 13, 14 ], "texture": "#stripped_birch_log" },
        "north": { "uv": [ 3, 0.5, 5.5, 4.5 ], "rotation": 270, "texture": "#stripped_birch_log" },
        "south": { "uv": [ 2.5, 0, 6, 5 ], "rotation": 180, "texture": "#stripped_birch_log" },
        "west":  { "uv": [ 3, 0, 6.5, 16 ], "rotation": 270, "texture": "#stripped_birch_log" },
        "east":  { "uv": [ 0, 0, 6, 13.5 ], "rotation": 90, "texture": "#stripped_birch_log" }
    }
},
{
    "from": [ 0.5, 0, 14.5 ],
    "to": [ 1.5, 13, 15.5 ],
    "faces": {
        "down":  { "uv": [ 0, 0, 8, 8 ], "texture": "#particle" },
        "up":    { "uv": [ 0, 0, 8, 8 ], "texture": "#particle" },
        "north": { "uv": [ 8.5, 8, 11, 16 ], "texture": "#particle" },
        "south": { "uv": [ 8.5, 8, 11, 16 ], "texture": "#particle" },
        "west":  { "uv": [ 8.5, 8, 11, 16 ], "texture": "#particle" },
        "east":  { "uv": [ 8.5, 8, 11, 16 ], "texture": "#particle" }
    }
},
{
    "from": [ 0.5, 5, 1.5 ],
    "to": [ 1.5, 13, 14.5 ],
    "faces": {
        "down":  { "uv": [ 0, 0, 8, 8 ], "texture": "#particle" },
        "up":    { "uv": [ 0, 0, 8, 8 ], "texture": "#particle" },
        "north": { "uv": [ 0, 0, 8, 5.5 ], "texture": "#particle" },
        "south": { "uv": [ 0, 0, 8, 5 ], "texture": "#particle" },
        "west":  { "uv": [ 0, 0, 8, 5.5 ], "texture": "#particle" },
        "east":  { "uv": [ 0, 0, 8, 5 ], "texture": "#particle" }
    }
},
{
    "from": [ 0.5, 3, 1.5 ],
    "to": [ 1.5, 4, 14.5 ],
    "faces": {
        "down":  { "uv": [ 0, 0, 8, 8 ], "texture": "#particle" },
        "up":    { "uv": [ 0, 0, 8, 1.5 ], "texture": "#particle" },
        "north": { "uv": [ 0, 0, 8, 5.5 ], "texture": "#particle" },
        "south": { "uv": [ 0, 0, 8, 5 ], "texture": "#particle" },
        "west":  { "uv": [ 0, 0, 8, 5.5 ], "texture": "#particle" },
        "east":  { "uv": [ 0, 0, 8, 5 ], "texture": "#particle" }
    }
},
{
    "from": [ 1.5, 5, 0.5 ],
    "to": [ 29.5, 13, 1.5 ],
    "faces": {
        "down":  { "uv": [ 0, 0, 8, 8 ], "texture": "#particle" },
        "up":    { "uv": [ 0, 0, 8, 8 ], "texture": "#particle" },
        "north": { "uv": [ 0, 0, 8, 5.5 ], "texture": "#particle" },
        "south": { "uv": [ 0, 0, 8, 5 ], "texture": "#particle" },
        "west":  { "uv": [ 0, 0, 8, 5.5 ], "texture": "#particle" },
        "east":  { "uv": [ 0, 0, 8, 5 ], "texture": "#particle" }
    }
},
{
    "from": [ 29.5, 0, 0.5 ],
    "to": [ 30.5, 13, 1.5 ],
    "faces": {
        "down":  { "uv": [ 0, 0, 8, 8 ], "texture": "#particle" },
        "up":    { "uv": [ 0, 0, 8, 8 ], "texture": "#particle" },
        "north": { "uv": [ 8.5, 8, 11, 16 ], "texture": "#particle" },
        "south": { "uv": [ 8.5, 8, 11, 16 ], "texture": "#particle" },
        "west":  { "uv": [ 8.5, 8, 11, 16 ], "texture": "#particle" },
        "east":  { "uv": [ 8.5, 8, 11, 16 ], "texture": "#particle" }
    }
},
{
    "from": [ 1.5, 3, 0.5 ],
    "to": [ 29.5, 4, 1.5 ],
    "faces": {
        "down":  { "uv": [ 0, 0, 8, 8 ], "texture": "#particle" },
        "up":    { "uv": [ 0, 0, 8, 1.5 ], "texture": "#particle" },
        "north": { "uv": [ 0, 0, 8, 5.5 ], "texture": "#particle" },
        "south": { "uv": [ 0, 0, 8, 5 ], "texture": "#particle" },
        "west":  { "uv": [ 0, 0, 8, 5.5 ], "texture": "#particle" },
        "east":  { "uv": [ 0, 0, 8, 5 ], "texture": "#particle" }
    }
},
{
    "from": [ 29.5, 0, 30.5 ],
    "to": [ 30.5, 13, 31.5 ],
    "faces": {
        "down":  { "uv": [ 0, 0, 8, 8 ], "texture": "#particle" },
        "up":    { "uv": [ 0, 0, 8, 8 ], "texture": "#particle" },
        "north": { "uv": [ 8.5, 8, 11, 16 ], "texture": "#particle" },
        "south": { "uv": [ 8.5, 8, 11, 16 ], "texture": "#particle" },
        "west":  { "uv": [ 8.5, 8, 11, 16 ], "texture": "#particle" },
        "east":  { "uv": [ 8.5, 8, 11, 16 ], "texture": "#particle" }
    }
},
{
    "from": [ 29.5, 5, 1.5 ],
    "to": [ 30.5, 13, 30.5 ],
    "faces": {
        "down":  { "uv": [ 0, 0, 8, 8 ], "texture": "#particle" },
        "up":    { "uv": [ 0, 0, 8, 8 ], "texture": "#particle" },
        "north": { "uv": [ 0, 0, 8, 5.5 ], "texture": "#particle" },
        "south": { "uv": [ 0, 0, 8, 5 ], "texture": "#particle" },
        "west":  { "uv": [ 0, 0, 8, 5.5 ], "texture": "#particle" },
        "east":  { "uv": [ 0, 0, 8, 5 ], "texture": "#particle" }
    }
},
{
    "from": [ 29.5, 3, 1.5 ],
    "to": [ 30.5, 4, 30.5 ],
    "faces": {
        "down":  { "uv": [ 0, 0, 8, 8 ], "texture": "#particle" },
        "up":    { "uv": [ 0, 0, 8, 1.5 ], "texture": "#particle" },
        "north": { "uv": [ 0, 0, 8, 5.5 ], "texture": "#particle" },
        "south": { "uv": [ 0, 0, 8, 5 ], "texture": "#particle" },
        "west":  { "uv": [ 0, 0, 8, 5.5 ], "texture": "#particle" },
        "east":  { "uv": [ 0, 0, 8, 5 ], "texture": "#particle" }
    }
},
{
    "from": [ 21.5, 0, 30.5 ],
    "to": [ 22.5, 13, 31.5 ],
    "faces": {
        "down":  { "uv": [ 0, 0, 8, 8 ], "texture": "#particle" },
        "up":    { "uv": [ 0, 0, 8, 8 ], "texture": "#particle" },
        "north": { "uv": [ 8.5, 8, 11, 16 ], "texture": "#particle" },
        "south": { "uv": [ 8.5, 8, 11, 16 ], "texture": "#particle" },
        "west":  { "uv": [ 8.5, 8, 11, 16 ], "texture": "#particle" },
        "east":  { "uv": [ 8.5, 8, 11, 16 ], "texture": "#particle" }
    }
},
{
    "from": [ 22.5, 5, 30.5 ],
    "to": [ 29.5, 13, 31.5 ],
    "faces": {
        "down":  { "uv": [ 0, 0, 8, 8 ], "texture": "#particle" },
        "up":    { "uv": [ 0, 0, 8, 8 ], "texture": "#particle" },
        "north": { "uv": [ 0, 0, 8, 5.5 ], "texture": "#particle" },
        "south": { "uv": [ 0, 0, 8, 5 ], "texture": "#particle" },
        "west":  { "uv": [ 0, 0, 8, 5.5 ], "texture": "#particle" },
        "east":  { "uv": [ 0, 0, 8, 5 ], "texture": "#particle" }
    }
},
{
    "from": [ 22.5, 3, 30.5 ],
    "to": [ 29.5, 4, 31.5 ],
    "faces": {
        "down":  { "uv": [ 0, 0, 8, 8 ], "texture": "#particle" },
        "up":    { "uv": [ 0, 0, 8, 1.5 ], "texture": "#particle" },
        "north": { "uv": [ 0, 0, 8, 5.5 ], "texture": "#particle" },
        "south": { "uv": [ 0, 0, 8, 5 ], "texture": "#particle" },
        "west":  { "uv": [ 0, 0, 8, 5.5 ], "texture": "#particle" },
        "east":  { "uv": [ 0, 0, 8, 5 ], "texture": "#particle" }
    }
},
{
    "from": [ 2.5, 10.5, 1 ],
    "to": [ 19.5, 13, 15.5 ],
    "faces": {
        "down":  { "uv": [ 0, 0, 8, 1.5 ], "texture": "#particle" },
        "up":    { "uv": [ 0, 0, 8, 8 ], "texture": "#particle" },
        "north": { "uv": [ 0, 0, 8, 5.5 ], "texture": "#particle" },
        "south": { "uv": [ 0, 0, 8, 2.5 ], "texture": "#particle" },
        "west":  { "uv": [ 0, 0, 8, 5.5 ], "texture": "#particle" },
        "east":  { "uv": [ 0, 0, 8, 5 ], "texture": "#particle" }
    }
},
{
    "from": [ 10, 12, 15.125 ],
    "to": [ 12.5, 12.5, 15.625 ],
    "faces": {
        "down":  { "uv": [ 0, 0, 8, 8 ], "texture": "#particle" },
        "up":    { "uv": [ 0, 0, 8, 1 ], "texture": "#particle" },
        "north": { "uv": [ 0, 0, 8, 5.5 ], "texture": "#particle" },
        "south": { "uv": [ 10, 3.5, 11.5, 6 ], "rotation": 90, "texture": "#particle" },
        "west":  { "uv": [ 0, 0, 8, 5.5 ], "texture": "#particle" },
        "east":  { "uv": [ 0, 0, 8, 5 ], "texture": "#particle" }
    }
}
],
"display": {
    "head": {
        "rotation": [ 0, 0, 0 ],
        "translation": [ -19, -29, 0 ],
        "scale": [ 2.5, 1.8, 1.6 ]
    }
}
}