{
"__comment": "Designed by 27box",
"textures": {
    "texture": "block/extra/mail"
},
"elements": [ 
{
    "from": [ 0, 6.5, 8 ],
    "to": [ 16, 7, 8.5 ],
    "faces": {
        "down":  { "uv": [ 0, 8, 16, 8.5 ], "texture": "#texture" },
        "up":    { "uv": [ 0, 8, 16, 8.5 ], "texture": "#texture" },
        "north": { "uv": [ 0, 9, 16, 9.5 ], "texture": "#texture" },
        "south": { "uv": [ 0, 9, 16, 9.5 ], "texture": "#texture" },
        "west":  { "uv": [ 8, 9, 8.5, 9.5 ], "texture": "#texture" },
        "east":  { "uv": [ 8, 9, 8.5, 9.5 ], "texture": "#texture" }
    }
},
{
    "from": [ -8.125, 9.9375, 8 ],
    "to": [ 0.875, 10.4375, 8.5 ],
    "rotation": { "origin": [ -8.125, 10.4375, 8 ], "axis": "z", "angle": -22.5 },
    "faces": {
        "down":  { "uv": [ 1.5, 7, 12.5, 15 ], "rotation": 180, "texture": "#texture" },
        "up":    { "uv": [ 3, 10, 6, 13.5 ], "rotation": 180, "texture": "#texture" },
        "north": { "uv": [ 1, 7.5, 12, 13.5 ], "rotation": 180, "texture": "#texture" },
        "south": { "uv": [ 1.5, 7, 10.5, 13.5 ], "rotation": 180, "texture": "#texture" },
        "west":  { "uv": [ 0.5, 7.5, 12, 14.5 ], "texture": "#texture" },
        "east":  { "uv": [ 1.5, 7.5, 13, 15.5 ], "texture": "#texture" }
    }
},
{
    "from": [ 15.75, 6.5, 8 ],
    "to": [ 24.75, 7, 8.5 ],
    "rotation": { "origin": [ 15.75, 7, 8 ], "axis": "z", "angle": 22.5 },
    "faces": {
        "down":  { "uv": [ 1.5, 7, 9, 15 ], "texture": "#texture" },
        "up":    { "uv": [ 3.5, 8.5, 9.5, 13 ], "texture": "#texture" },
        "north": { "uv": [ 0.5, 6.5, 10.5, 14.5 ], "texture": "#texture" },
        "south": { "uv": [ 3, 8.5, 12, 15.5 ], "texture": "#texture" },
        "west":  { "uv": [ 0, 6.5, 10.5, 15.5 ], "texture": "#texture" },
        "east":  { "uv": [ 0, 7, 10.5, 15 ], "texture": "#texture" }
    }
}
],
"display": {
    "head": {
        "rotation": [ 0, 90, 0 ],
        "translation": [ 0, -20, -50 ],
        "scale": [ 3, 2, 2.5 ]
    }
}
}