{
"__comment": "Designed by 27box",
"textures": {
    "particle": "block/extra/metal_1",
    "texture": "block/extra/enb"
},
"elements": [ 
{
    "from": [ 5.5, 7.5, 8.5 ],
    "to": [ 7.5, 11, 9 ],
    "faces": {
        "down":  { "uv": [ 7.5, 2, 8.5, 3 ], "texture": "#texture" },
        "up":    { "uv": [ 7.5, 2.5, 8.5, 3.5 ], "texture": "#texture" },
        "north": { "uv": [ 6.5, 0, 9.5, 6 ], "texture": "#texture" },
        "south": { "uv": [ 7.5, 2, 8.5, 3 ], "texture": "#texture" },
        "west":  { "uv": [ 7.5, 2, 8.5, 3 ], "texture": "#texture" },
        "east":  { "uv": [ 7.5, 2, 8.5, 3 ], "texture": "#texture" }
    }
},
{
    "from": [ 8.5, 7.5, 8.5 ],
    "to": [ 10.5, 11, 9 ],
    "faces": {
        "down":  { "uv": [ 7.5, 2, 8.5, 3 ], "texture": "#texture" },
        "up":    { "uv": [ 7.5, 2.5, 8.5, 3.5 ], "texture": "#texture" },
        "north": { "uv": [ 6.5, 0, 9.5, 6 ], "texture": "#texture" },
        "south": { "uv": [ 7.5, 2, 8.5, 3 ], "texture": "#texture" },
        "west":  { "uv": [ 7.5, 2, 8.5, 3 ], "texture": "#texture" },
        "east":  { "uv": [ 7.5, 2, 8.5, 3 ], "texture": "#texture" }
    }
},
{
    "from": [ 6.1875, 8.8125, 8 ],
    "to": [ 6.6875, 9.8125, 8.5 ],
    "rotation": { "origin": [ 6.1875, 9.8125, 8 ], "axis": "x", "angle": -22.5 },
    "faces": {
        "down":  { "uv": [ 7.5, 2, 8.5, 3 ], "texture": "#texture" },
        "up":    { "uv": [ 7.5, 2, 8.5, 3 ], "texture": "#texture" },
        "north": { "uv": [ 10, 0, 10.5, 0.5 ], "texture": "#texture" },
        "south": { "uv": [ 7.5, 2, 8.5, 3 ], "texture": "#texture" },
        "west":  { "uv": [ 7.5, 2, 8.5, 3 ], "texture": "#texture" },
        "east":  { "uv": [ 7.5, 2, 8.5, 3 ], "texture": "#texture" }
    }
},
{
    "from": [ 9.1875, 8.8125, 8 ],
    "to": [ 9.6875, 9.8125, 8.5 ],
    "rotation": { "origin": [ 9.1875, 9.8125, 8 ], "axis": "x", "angle": -22.5 },
    "faces": {
        "down":  { "uv": [ 7.5, 2, 8.5, 3 ], "texture": "#texture" },
        "up":    { "uv": [ 7.5, 2.5, 8.5, 3.5 ], "texture": "#texture" },
        "north": { "uv": [ 10.5, 0, 11, 0.5 ], "texture": "#texture" },
        "south": { "uv": [ 7.5, 2, 8.5, 3 ], "texture": "#texture" },
        "west":  { "uv": [ 7.5, 2, 8.5, 3 ], "texture": "#texture" },
        "east":  { "uv": [ 7.5, 2, 8.5, 3 ], "texture": "#texture" }
    }
}
],
"display": {
    "head": {
        "rotation": [ 0, 0, 0 ],
        "translation": [ 0, -5, 11.7 ],
        "scale": [ 2.2, 2.5, 1.5 ]
    }
}
}