{
"__comment": "Designed by 27box",
"textures": {
    "particle": "block/cyan_terracotta",
    "dirt": "block/dirt",
    "texture": "block/extra/large_fern_top",
    "large_fern_bottom": "block/extra/large_fern_bottom"
},
"elements": [ 
{
    "from": [ 4.5, 1, 10.5 ],
    "to": [ 11.5, 10, 11.5 ],
    "faces": {
        "down":  { "uv": [ 0, 0, 16, 16 ], "rotation": 180, "texture": "#particle" },
        "up":    { "uv": [ 0, 0, 16, 16 ], "rotation": 180, "texture": "#particle" },
        "north": { "uv": [ 0, 0, 16, 16 ], "texture": "#particle" },
        "south": { "uv": [ 0, 0, 16, 16 ], "texture": "#particle" },
        "west":  { "uv": [ 0, 0, 16, 16 ], "texture": "#particle" },
        "east":  { "uv": [ 0, 0, 16, 16 ], "texture": "#particle" }
    }
},
{
    "from": [ 4.5, 1, 4.5 ],
    "to": [ 11.5, 10, 5.5 ],
    "faces": {
        "down":  { "uv": [ 0, 0, 16, 16 ], "rotation": 180, "texture": "#particle" },
        "up":    { "uv": [ 0, 0, 16, 16 ], "rotation": 180, "texture": "#particle" },
        "north": { "uv": [ 0, 0, 16, 16 ], "texture": "#particle" },
        "south": { "uv": [ 0, 0, 16, 16 ], "texture": "#particle" },
        "west":  { "uv": [ 0, 0, 16, 16 ], "texture": "#particle" },
        "east":  { "uv": [ 0, 0, 16, 16 ], "texture": "#particle" }
    }
},
{
    "from": [ 10.5, 1, 5.5 ],
    "to": [ 11.5, 10, 10.5 ],
    "faces": {
        "down":  { "uv": [ 0, 0, 16, 16 ], "rotation": 180, "texture": "#particle" },
        "up":    { "uv": [ 0, 0, 16, 16 ], "rotation": 180, "texture": "#particle" },
        "north": { "uv": [ 0, 0, 16, 16 ], "texture": "#particle" },
        "south": { "uv": [ 0, 0, 16, 16 ], "texture": "#particle" },
        "west":  { "uv": [ 0, 0, 16, 16 ], "texture": "#particle" },
        "east":  { "uv": [ 0, 0, 16, 16 ], "texture": "#particle" }
    }
},
{
    "from": [ 4.5, 1, 5.5 ],
    "to": [ 5.5, 10, 10.5 ],
    "faces": {
        "down":  { "uv": [ 0, 0, 16, 16 ], "rotation": 180, "texture": "#particle" },
        "up":    { "uv": [ 0, 0, 16, 16 ], "rotation": 180, "texture": "#particle" },
        "north": { "uv": [ 0, 0, 16, 16 ], "texture": "#particle" },
        "south": { "uv": [ 0, 0, 16, 16 ], "texture": "#particle" },
        "west":  { "uv": [ 0, 0, 16, 16 ], "texture": "#particle" },
        "east":  { "uv": [ 0, 0, 16, 16 ], "texture": "#particle" }
    }
},
{
    "from": [ 5.5, 1, 5.5 ],
    "to": [ 10.5, 2, 10.5 ],
    "faces": {
        "down":  { "uv": [ 0, 0, 16, 16 ], "rotation": 180, "texture": "#particle" },
        "up":    { "uv": [ 0, 0, 16, 16 ], "rotation": 180, "texture": "#particle" },
        "north": { "uv": [ 0, 0, 16, 16 ], "texture": "#particle" },
        "south": { "uv": [ 0, 0, 16, 16 ], "texture": "#particle" },
        "west":  { "uv": [ 0, 0, 16, 16 ], "texture": "#particle" },
        "east":  { "uv": [ 0, 0, 16, 16 ], "texture": "#particle" }
    }
},
{
    "from": [ 5.5, 8.5, 5.5 ],
    "to": [ 10.5, 9.5, 10.5 ],
    "faces": {
        "down":  { "uv": [ 0, 0, 16, 16 ], "rotation": 180, "texture": "#dirt" },
        "up":    { "uv": [ 0, 0, 16, 16 ], "rotation": 180, "texture": "#dirt" },
        "north": { "uv": [ 0, 0, 16, 16 ], "texture": "#dirt" },
        "south": { "uv": [ 0, 0, 16, 16 ], "texture": "#dirt" },
        "west":  { "uv": [ 0, 0, 16, 16 ], "texture": "#dirt" },
        "east":  { "uv": [ 0, 0, 16, 16 ], "texture": "#dirt" }
    }
},
{
    "from": [ 1.5, 16, 7.9375 ],
    "to": [ 15.5, 23, 8 ],
    "faces": {
        "north": { "uv": [ 0, 16, 16, 3 ], "rotation": 180, "texture": "#texture" },
        "south": { "uv": [ 0, 3, 16, 16 ], "texture": "#texture" }
    }
},
{
    "from": [ 1.5, 9.5, 7.9375 ],
    "to": [ 15.5, 16, 8 ],
    "faces": {
        "north": { "uv": [ 0, 16, 16, 3 ], "rotation": 180, "texture": "#large_fern_bottom" },
        "south": { "uv": [ 0, 3, 16, 16 ], "texture": "#large_fern_bottom" }
    }
},
{
    "from": [ 8, 16, 0.5 ],
    "to": [ 8.0625, 23, 14.5 ],
    "faces": {
        "west":  { "uv": [ 16, 3, 0, 16 ], "texture": "#texture" },
        "east":  { "uv": [ 0, 3, 16, 16 ], "texture": "#texture" }
    }
},
{
    "from": [ 8, 9, 0.5 ],
    "to": [ 8.0625, 16, 14.5 ],
    "faces": {
        "west":  { "uv": [ 16, 3, 0, 16 ], "texture": "#large_fern_bottom" },
        "east":  { "uv": [ 0, 3, 16, 16 ], "texture": "#large_fern_bottom" }
    }
}
],
"display": {
    "head": {
        "rotation": [ 0, 0, 0 ],
        "translation": [ 0, -29, 0 ],
        "scale": [ 2.1, 2.1, 2.1 ]
    }
}
}