{
"__comment": "Designed by 27box",
"textures": {
    "particle": "block/black_concrete_powder",
    "texture": "block/extra/phone"
},
"elements": [ 
{
    "from": [ 0, 0, 0.5 ],
    "to": [ 16, 1, 13.5 ],
    "faces": {
        "down":  { "uv": [ 9.5, 2.5, 9, 2.5 ], "texture": "#texture" },
        "up":    { "uv": [ 9, 2.5, 9.5, 2.5 ], "rotation": 90, "texture": "#texture" },
        "north": { "uv": [ 5, 2, 13.5, 3 ], "texture": "#texture" },
        "south": { "uv": [ 9, 2.5, 9.5, 2.5 ], "rotation": 90, "texture": "#texture" },
        "west":  { "uv": [ 9, 2.5, 9.5, 2.5 ], "rotation": 90, "texture": "#texture" },
        "east":  { "uv": [ 9, 2.5, 9.5, 2.5 ], "rotation": 90, "texture": "#texture" }
    }
},
{
    "from": [ 9.1875, 0.375, -3.75 ],
    "to": [ 14.8125, 0.625, 0.5 ],
    "faces": {
        "down":  { "uv": [ 9, 2.5, 9.5, 2.5 ], "rotation": 90, "texture": "#texture" },
        "up":    { "uv": [ 2.5, 8.5, 3, 8.5 ], "rotation": 270, "texture": "#particle" },
        "north": { "uv": [ 9, 2.5, 9.5, 2.5 ], "texture": "#texture" },
        "south": { "uv": [ 9, 2.5, 9.5, 2.5 ], "texture": "#texture" },
        "west":  { "uv": [ 9, 2.5, 9.5, 2.5 ], "texture": "#texture" },
        "east":  { "uv": [ 9, 2.5, 9.5, 2.5 ], "texture": "#texture" }
    }
},
{
    "from": [ 9.125, 0.1875, -3.9375 ],
    "to": [ 14.8125, 0.875, -3.6875 ],
    "faces": {
        "down":  { "uv": [ 9, 2.5, 9.5, 2.5 ], "texture": "#texture" },
        "up":    { "uv": [ 9, 2.5, 9.5, 2.5 ], "rotation": 180, "texture": "#texture" },
        "north": { "uv": [ 9, 2.5, 9.5, 2.5 ], "rotation": 90, "texture": "#texture" },
        "south": { "uv": [ 9, 2.5, 9.5, 2.5 ], "rotation": 90, "texture": "#texture" },
        "west":  { "uv": [ 9, 2.5, 9.5, 2.5 ], "rotation": 90, "texture": "#texture" },
        "east":  { "uv": [ 9, 2.5, 9.5, 2.5 ], "rotation": 90, "texture": "#texture" }
    }
},
{
    "from": [ 9.5625, 0.625, -3.75 ],
    "to": [ 14.4375, 0.6875, 0.5625 ],
    "faces": {
        "down":  { "uv": [ 9, 2.5, 9.5, 2.5 ], "rotation": 90, "texture": "#texture" },
        "up":    { "uv": [ 5, 0, 7.5, 2 ], "rotation": 270, "texture": "#texture" },
        "north": { "uv": [ 9, 2.5, 9.5, 2.5 ], "texture": "#particle" },
        "south": { "uv": [ 9, 2.5, 9.5, 2.5 ], "texture": "#particle" },
        "west":  { "uv": [ 9, 2.5, 9.5, 2.5 ], "texture": "#particle" },
        "east":  { "uv": [ 9, 2.5, 9.5, 2.5 ], "texture": "#particle" }
    }
}
],
"display": {
    "head": {
        "rotation": [ 0, 0, 0 ],
        "translation": [ 0, -31, 0 ],
        "scale": [ 1.3, 1.5, 1.5 ]
    }
}
}