{
"__comment": "Design by 27box",
"textures": {
    "particle": "block/bone_block_side",
    "texture": "block/extra/hardened_clay__light_blue",
    "s": "block/extra/s"
},
"elements": [ 
{
    "from": [ 0, -16, 15 ],
    "to": [ 1, 32, 16 ],
    "faces": {
        "down":  { "uv": [ 0, 0, 16, 16 ], "texture": "#texture" },
        "up":    { "uv": [ 0, 0, 16, 16 ], "texture": "#texture" },
        "north": { "uv": [ 0, 0, 16, 16 ], "texture": "#texture" },
        "south": { "uv": [ 0, 0, 16, 16 ], "texture": "#texture" },
        "west":  { "uv": [ 0, 0, 16, 16 ], "texture": "#texture" },
        "east":  { "uv": [ 0, 0, 16, 16 ], "texture": "#texture" }
    }
},
{
    "from": [ 0, -16, 0 ],
    "to": [ 1, 32, 1 ],
    "faces": {
        "down":  { "uv": [ 0, 0, 16, 16 ], "texture": "#texture" },
        "up":    { "uv": [ 0, 0, 16, 16 ], "texture": "#texture" },
        "north": { "uv": [ 0, 0, 16, 16 ], "texture": "#texture" },
        "south": { "uv": [ 0, 0, 16, 16 ], "texture": "#texture" },
        "west":  { "uv": [ 0, 0, 16, 16 ], "texture": "#texture" },
        "east":  { "uv": [ 0, 0, 16, 16 ], "texture": "#texture" }
    }
},
{
    "from": [ 0, 16, 1 ],
    "to": [ 16, 17, 15 ],
    "faces": {
        "down":  { "uv": [ 0, 0, 16, 16 ], "texture": "#particle" },
        "up":    { "uv": [ 0, 0, 16, 16 ], "texture": "#particle" },
        "north": { "uv": [ 0, 0, 16, 16 ], "texture": "#particle" },
        "south": { "uv": [ 0, 0, 16, 16 ], "texture": "#particle" },
        "west":  { "uv": [ 0, 0, 16, 16 ], "texture": "#particle" },
        "east":  { "uv": [ 0, 0, 16, 16 ], "texture": "#particle" }
    }
},
{
    "from": [ 0, -13.5, 1 ],
    "to": [ 16, -12.5, 15 ],
    "faces": {
        "down":  { "uv": [ 0, 0, 16, 16 ], "texture": "#particle" },
        "up":    { "uv": [ 0, 0, 16, 16 ], "texture": "#particle" },
        "north": { "uv": [ 0, 0, 16, 16 ], "texture": "#particle" },
        "south": { "uv": [ 0, 0, 16, 16 ], "texture": "#particle" },
        "west":  { "uv": [ 0, 0, 16, 16 ], "texture": "#particle" },
        "east":  { "uv": [ 0, 0, 16, 16 ], "texture": "#particle" }
    }
},
{
    "from": [ 16, 16, 1 ],
    "to": [ 32, 17, 15 ],
    "faces": {
        "down":  { "uv": [ 0, 0, 16, 16 ], "texture": "#particle" },
        "up":    { "uv": [ 0, 0, 16, 16 ], "texture": "#particle" },
        "north": { "uv": [ 0, 0, 16, 16 ], "texture": "#particle" },
        "south": { "uv": [ 0, 0, 16, 16 ], "texture": "#particle" },
        "west":  { "uv": [ 0, 0, 16, 16 ], "texture": "#particle" },
        "east":  { "uv": [ 0, 0, 16, 16 ], "texture": "#particle" }
    }
},
{
    "from": [ 31, -16, 15 ],
    "to": [ 32, 32, 16 ],
    "faces": {
        "down":  { "uv": [ 0, 0, 16, 16 ], "texture": "#texture" },
        "up":    { "uv": [ 0, 0, 16, 16 ], "texture": "#texture" },
        "north": { "uv": [ 0, 0, 16, 16 ], "texture": "#texture" },
        "south": { "uv": [ 0, 0, 16, 16 ], "texture": "#texture" },
        "west":  { "uv": [ 0, 0, 16, 16 ], "texture": "#texture" },
        "east":  { "uv": [ 0, 0, 16, 16 ], "texture": "#texture" }
    }
},
{
    "from": [ 31, -16, 0 ],
    "to": [ 32, 32, 1 ],
    "faces": {
        "down":  { "uv": [ 0, 0, 16, 16 ], "texture": "#texture" },
        "up":    { "uv": [ 0, 0, 16, 16 ], "texture": "#texture" },
        "north": { "uv": [ 0, 0, 16, 16 ], "texture": "#texture" },
        "south": { "uv": [ 0, 0, 16, 16 ], "texture": "#texture" },
        "west":  { "uv": [ 0, 0, 16, 16 ], "texture": "#texture" },
        "east":  { "uv": [ 0, 0, 16, 16 ], "texture": "#texture" }
    }
},
{
    "from": [ 16, -13.5, 1 ],
    "to": [ 32, -12.5, 15 ],
    "faces": {
        "down":  { "uv": [ 0, 0, 16, 16 ], "texture": "#particle" },
        "up":    { "uv": [ 0, 0, 16, 16 ], "texture": "#particle" },
        "north": { "uv": [ 0, 0, 16, 16 ], "texture": "#particle" },
        "south": { "uv": [ 0, 0, 16, 16 ], "texture": "#particle" },
        "west":  { "uv": [ 0, 0, 16, 16 ], "texture": "#particle" },
        "east":  { "uv": [ 0, 0, 16, 16 ], "texture": "#particle" }
    }
},
{
    "from": [ 1.5, 0, 2 ],
    "to": [ 12, 9, 2.5 ],
    "faces": {
        "down":  { "uv": [ 0, 5, 16, 11.5 ], "texture": "#s" },
        "up":    { "uv": [ 1, 3, 5, 7.5 ], "texture": "#s" },
        "north": { "uv": [ 0, 5.5, 16, 16 ], "texture": "#s" },
        "south": { "uv": [ 0, 5, 16, 11.5 ], "texture": "#s" },
        "west":  { "uv": [ 0, 5.5, 16, 11.5 ], "texture": "#s" },
        "east":  { "uv": [ 0, 5.5, 16, 11.5 ], "texture": "#s" }
    }
},
{
    "from": [ 0, 30, 1 ],
    "to": [ 16, 31, 15 ],
    "faces": {
        "down":  { "uv": [ 0, 0, 16, 16 ], "texture": "#particle" },
        "up":    { "uv": [ 0, 0, 16, 16 ], "texture": "#particle" },
        "north": { "uv": [ 0, 0, 16, 16 ], "texture": "#particle" },
        "south": { "uv": [ 0, 0, 16, 16 ], "texture": "#particle" },
        "west":  { "uv": [ 0, 0, 16, 16 ], "texture": "#particle" },
        "east":  { "uv": [ 0, 0, 16, 16 ], "texture": "#particle" }
    }
},
{
    "from": [ 16, 30, 1 ],
    "to": [ 32, 31, 15 ],
    "faces": {
        "down":  { "uv": [ 0, 0, 16, 16 ], "texture": "#particle" },
        "up":    { "uv": [ 0, 0, 16, 16 ], "texture": "#particle" },
        "north": { "uv": [ 0, 0, 16, 16 ], "texture": "#particle" },
        "south": { "uv": [ 0, 0, 16, 16 ], "texture": "#particle" },
        "west":  { "uv": [ 0, 0, 16, 16 ], "texture": "#particle" },
        "east":  { "uv": [ 0, 0, 16, 16 ], "texture": "#particle" }
    }
},
{
    "from": [ 16, -1, 1 ],
    "to": [ 32, 0, 15 ],
    "faces": {
        "down":  { "uv": [ 0, 0, 16, 16 ], "texture": "#particle" },
        "up":    { "uv": [ 0, 0, 16, 16 ], "texture": "#particle" },
        "north": { "uv": [ 0, 0, 16, 16 ], "texture": "#particle" },
        "south": { "uv": [ 0, 0, 16, 16 ], "texture": "#particle" },
        "west":  { "uv": [ 0, 0, 16, 16 ], "texture": "#particle" },
        "east":  { "uv": [ 0, 0, 16, 16 ], "texture": "#particle" }
    }
},
{
    "from": [ 0, -1, 1 ],
    "to": [ 16, 0, 15 ],
    "faces": {
        "down":  { "uv": [ 0, 0, 16, 16 ], "texture": "#particle" },
        "up":    { "uv": [ 0, 0, 16, 16 ], "texture": "#particle" },
        "north": { "uv": [ 0, 0, 16, 16 ], "texture": "#particle" },
        "south": { "uv": [ 0, 0, 16, 16 ], "texture": "#particle" },
        "west":  { "uv": [ 0, 0, 16, 16 ], "texture": "#particle" },
        "east":  { "uv": [ 0, 0, 16, 16 ], "texture": "#particle" }
    }
},
{
    "from": [ 3.5625, 8.5, 2 ],
    "to": [ 4.0625, 14, 13 ],
    "rotation": { "origin": [ 3.5625, 14, 2 ], "axis": "z", "angle": -22.5 },
    "faces": {
        "down":  { "uv": [ 0, 0, 5.5, 6 ], "texture": "#s" },
        "up":    { "uv": [ 0, 0, 5.5, 5.5 ], "texture": "#s" },
        "north": { "uv": [ 0, 0, 5.5, 5.5 ], "texture": "#s" },
        "south": { "uv": [ 0, 0, 5.5, 5.5 ], "texture": "#s" },
        "west":  { "uv": [ 0, 0, 16, 5 ], "texture": "#s" },
        "east":  { "uv": [ 0, 0, 5, 6 ], "texture": "#s" }
    }
},
{
    "from": [ 2, -12.5, 8.5 ],
    "to": [ 8.5, -5.5, 14.5 ],
    "faces": {
        "down":  { "uv": [ 0, 5, 16, 12 ], "texture": "#s" },
        "up":    { "uv": [ 0, 0, 16, 4.5 ], "texture": "#s" },
        "north": { "uv": [ 0, 0, 16, 10.5 ], "texture": "#s" },
        "south": { "uv": [ 0, 0, 16, 10.5 ], "texture": "#s" },
        "west":  { "uv": [ 0, 5, 16, 16 ], "texture": "#s" },
        "east":  { "uv": [ 0, 5, 16, 16 ], "texture": "#s" }
    }
},
{
    "from": [ 23, -12.5, 1.5 ],
    "to": [ 29.5, -5.5, 8 ],
    "faces": {
        "down":  { "uv": [ 0, 5.5, 16, 11.5 ], "texture": "#s" },
        "up":    { "uv": [ 0, 0, 16, 4.5 ], "texture": "#s" },
        "north": { "uv": [ 0, 0, 16, 16 ], "texture": "#s" },
        "south": { "uv": [ 0, 0, 16, 16 ], "texture": "#s" },
        "west":  { "uv": [ 0, 5.5, 16, 11.5 ], "texture": "#s" },
        "east":  { "uv": [ 0, 5, 16, 11.5 ], "texture": "#s" }
    }
},
{
    "from": [ 3, 17, 4.5 ],
    "to": [ 10.5, 24, 12 ],
    "faces": {
        "down":  { "uv": [ 0, 5, 16, 11.5 ], "texture": "#s" },
        "up":    { "uv": [ 0, 0, 16, 4.5 ], "texture": "#s" },
        "north": { "uv": [ 0, 0, 16, 16 ], "texture": "#s" },
        "south": { "uv": [ 0, 0, 16, 16 ], "texture": "#s" },
        "west":  { "uv": [ 0, 5.5, 16, 10.5 ], "texture": "#s" },
        "east":  { "uv": [ 0, 5.5, 16, 11.5 ], "texture": "#s" }
    }
},
{
    "from": [ 0, 14.8125, 0.8125 ],
    "to": [ 1, 15.8125, 22.3125 ],
    "rotation": { "origin": [ 0, 15.8125, 0.8125 ], "axis": "x", "angle": 45 },
    "faces": {
        "down":  { "uv": [ 0, 0, 16, 16 ], "texture": "#texture" },
        "up":    { "uv": [ 0, 0, 16, 16 ], "texture": "#texture" },
        "north": { "uv": [ 0, 0, 16, 16 ], "texture": "#texture" },
        "south": { "uv": [ 0, 0, 16, 16 ], "texture": "#texture" },
        "west":  { "uv": [ 0, 0, 16, 16 ], "texture": "#texture" },
        "east":  { "uv": [ 0, 0, 16, 16 ], "texture": "#texture" }
    }
},
{
    "from": [ 31, 14.875, 0.8125 ],
    "to": [ 32, 15.875, 22.3125 ],
    "rotation": { "origin": [ 31, 15.875, 0.8125 ], "axis": "x", "angle": 45 },
    "faces": {
        "down":  { "uv": [ 0, 0, 16, 16 ], "texture": "#texture" },
        "up":    { "uv": [ 0, 0, 16, 16 ], "texture": "#texture" },
        "north": { "uv": [ 0, 0, 16, 16 ], "texture": "#texture" },
        "south": { "uv": [ 0, 0, 16, 16 ], "texture": "#texture" },
        "west":  { "uv": [ 0, 0, 16, 16 ], "texture": "#texture" },
        "east":  { "uv": [ 0, 0, 16, 16 ], "texture": "#texture" }
    }
},
{
    "from": [ 1.5, 0, 12.5 ],
    "to": [ 12, 9, 13 ],
    "faces": {
        "down":  { "uv": [ 0, 5, 16, 11.5 ], "texture": "#s" },
        "up":    { "uv": [ 1, 3, 5, 7.5 ], "texture": "#s" },
        "north": { "uv": [ 0, 6.5, 16, 11.5 ], "texture": "#s" },
        "south": { "uv": [ 0, 5, 16, 16 ], "texture": "#s" },
        "west":  { "uv": [ 0, 5.5, 16, 11.5 ], "texture": "#s" },
        "east":  { "uv": [ 0, 5.5, 16, 11.5 ], "texture": "#s" }
    }
},
{
    "from": [ 1.5, 0, 2.5 ],
    "to": [ 2, 9, 12.5 ],
    "faces": {
        "down":  { "uv": [ 0, 5, 16, 11.5 ], "texture": "#s" },
        "up":    { "uv": [ 1, 3, 5, 7.5 ], "texture": "#s" },
        "north": { "uv": [ 0, 6.5, 16, 16 ], "texture": "#s" },
        "south": { "uv": [ 0, 6, 16, 16 ], "texture": "#s" },
        "west":  { "uv": [ 0, 3, 16, 9 ], "texture": "#s" },
        "east":  { "uv": [ 0, 5.5, 16, 11.5 ], "texture": "#s" }
    }
},
{
    "from": [ 11.5, 0, 2.5 ],
    "to": [ 12, 9, 12.5 ],
    "faces": {
        "down":  { "uv": [ 0, 5, 16, 11.5 ], "texture": "#s" },
        "up":    { "uv": [ 1, 3, 5, 7.5 ], "texture": "#s" },
        "north": { "uv": [ 0, 6.5, 16, 16 ], "texture": "#s" },
        "south": { "uv": [ 0, 6, 16, 16 ], "texture": "#s" },
        "west":  { "uv": [ 0, 5, 16, 11 ], "texture": "#s" },
        "east":  { "uv": [ 0, 0, 16, 11.5 ], "texture": "#s" }
    }
},
{
    "from": [ 2, 0, 2.5 ],
    "to": [ 11.5, 0.5, 12.5 ],
    "faces": {
        "down":  { "uv": [ 1, 3.5, 5.5, 8 ], "texture": "#s" },
        "up":    { "uv": [ 0.5, 2, 5.5, 7 ], "texture": "#s" },
        "north": { "uv": [ 2, 6, 11.5, 6.5 ], "texture": "#s" },
        "south": { "uv": [ 2, 6, 8.5, 9.5 ], "texture": "#s" },
        "west":  { "uv": [ 2.5, 6, 12.5, 6.5 ], "texture": "#s" },
        "east":  { "uv": [ 2.5, 6, 12.5, 6.5 ], "texture": "#s" }
    }
},
{
    "from": [ 7.375, 10.5, 2 ],
    "to": [ 12.375, 11, 13 ],
    "rotation": { "origin": [ 7.375, 11, 2 ], "axis": "z", "angle": -22.5 },
    "faces": {
        "down":  { "uv": [ 0, 0, 6, 5 ], "texture": "#s" },
        "up":    { "uv": [ 0, 0, 16, 5 ], "rotation": 90, "texture": "#s" },
        "north": { "uv": [ 0, 0, 5.5, 5.5 ], "texture": "#s" },
        "south": { "uv": [ 0, 0, 5.5, 5 ], "texture": "#s" },
        "west":  { "uv": [ 0, 0, 6, 5 ], "texture": "#s" },
        "east":  { "uv": [ 0, 0, 6, 5 ], "texture": "#s" }
    }
}
],
"display": {
    "head": {
        "rotation": [ 0, 0, 0 ],
        "translation": [ -10, -8, 1 ],
        "scale": [ 1.5, 1.5, 1.5 ]
    }
}
}