{
"__comment": "Designed by 27box",
"textures": {
    "texture": "block/extra/worldmap",
    "mail": "block/extra/mail",
    "light_gray_concrete": "block/extra/opc"
},
"elements": [ 
{
    "from": [ -3.5, 2, 8 ],
    "to": [ 18.5, 15, 8.5 ],
    "faces": {
        "up":    { "uv": [ 0, 0, 1, 1 ], "texture": "#texture" },
        "north": { "uv": [ 0, 0, 16, 9 ], "texture": "#texture" },
        "south": { "uv": [ 0, 0, 1, 1 ], "texture": "#texture" }
    }
},
{
    "from": [ 14.5, 2.5, 7.5 ],
    "to": [ 18.5, 5.5, 7.6875 ],
    "faces": {
        "down":  { "uv": [ 1.5, 7.6875, 0, 7.5 ], "texture": "#light_gray_concrete" },
        "up":    { "uv": [ 14.5, 7.5, 16, 7.6875 ], "texture": "#light_gray_concrete" },
        "north": { "uv": [ 0, 10.5, 1.5, 13.5 ], "texture": "#light_gray_concrete" },
        "south": { "uv": [ 14.5, 10.5, 16, 13.5 ], "texture": "#light_gray_concrete" },
        "west":  { "uv": [ 7.5, 10.5, 7.6875, 13.5 ], "texture": "#light_gray_concrete" },
        "east":  { "uv": [ 8.3125, 10.5, 8.5, 13.5 ], "texture": "#light_gray_concrete" }
    }
},
{
    "from": [ 18.1875, 2.5, 7.5625 ],
    "to": [ 18.5, 5.5, 8 ],
    "faces": {
        "down":  { "uv": [ 0, 8, 0, 7.5625 ], "texture": "#light_gray_concrete" },
        "up":    { "uv": [ 16, 7.5625, 16, 8 ], "texture": "#light_gray_concrete" },
        "north": { "uv": [ 0, 10.5, 0, 13.5 ], "texture": "#light_gray_concrete" },
        "south": { "uv": [ 16, 10.5, 16, 13.5 ], "texture": "#light_gray_concrete" },
        "west":  { "uv": [ 7.5625, 10.5, 8, 13.5 ], "texture": "#light_gray_concrete" },
        "east":  { "uv": [ 8, 10.5, 8.4375, 13.5 ], "texture": "#light_gray_concrete" }
    }
},
{
    "from": [ 14.5, 2.5, 7.5625 ],
    "to": [ 14.8125, 5.5, 8 ],
    "faces": {
        "down":  { "uv": [ 1.5, 8, 1.1875, 7.5625 ], "texture": "#light_gray_concrete" },
        "up":    { "uv": [ 14.5, 7.5625, 14.8125, 8 ], "texture": "#light_gray_concrete" },
        "north": { "uv": [ 1.1875, 10.5, 1.5, 13.5 ], "texture": "#light_gray_concrete" },
        "south": { "uv": [ 14.5, 10.5, 14.8125, 13.5 ], "texture": "#light_gray_concrete" },
        "west":  { "uv": [ 7.5625, 10.5, 8, 13.5 ], "texture": "#light_gray_concrete" },
        "east":  { "uv": [ 8, 10.5, 8.4375, 13.5 ], "texture": "#light_gray_concrete" }
    }
},
{
    "from": [ 14.8125, 2.8125, 7.9375 ],
    "to": [ 17.8125, 7.3125, 8 ],
    "faces": {
        "down":  { "uv": [ 0, 0, 1.5, 1.5 ], "texture": "#mail" },
        "up":    { "uv": [ 0, 0, 2, 1.5 ], "texture": "#mail" },
        "north": { "uv": [ 0, 0, 16, 16 ], "texture": "#mail" },
        "south": { "uv": [ 0, 0, 16, 16 ], "texture": "#mail" },
        "west":  { "uv": [ 0, 0, 1.5, 1.5 ], "texture": "#mail" },
        "east":  { "uv": [ 0, 0, 1.5, 2 ], "texture": "#mail" }
    }
},
{
    "from": [ 15.0625, 2.625, 7.8125 ],
    "to": [ 18.25, 7.1875, 7.875 ],
    "faces": {
        "down":  { "uv": [ 0, 0, 1.5, 1.5 ], "texture": "#mail" },
        "up":    { "uv": [ 0, 0, 2, 1.5 ], "texture": "#mail" },
        "north": { "uv": [ 0, 0, 16, 16 ], "texture": "#mail" },
        "south": { "uv": [ 0, 0, 16, 16 ], "texture": "#mail" },
        "west":  { "uv": [ 0, 0, 1.5, 1.5 ], "texture": "#mail" },
        "east":  { "uv": [ 0, 0, 1.5, 2 ], "texture": "#mail" }
    }
},
{
    "from": [ 15, 2.5625, 7.6875 ],
    "to": [ 18, 7.0625, 7.75 ],
    "faces": {
        "down":  { "uv": [ 0, 0, 1.5, 1.5 ], "texture": "#mail" },
        "up":    { "uv": [ 0, 0, 2, 1.5 ], "texture": "#mail" },
        "north": { "uv": [ 0, 0, 16, 16 ], "texture": "#mail" },
        "south": { "uv": [ 0, 0, 16, 16 ], "texture": "#mail" },
        "west":  { "uv": [ 0, 0, 1.5, 1.5 ], "texture": "#mail" },
        "east":  { "uv": [ 0, 0, 1.5, 2 ], "texture": "#mail" }
    }
},
{
    "from": [ 18.5, 2, 8 ],
    "to": [ 19, 15, 8.5 ],
    "faces": {
        "up":    { "uv": [ 0, 0, 1, 1 ], "texture": "#texture" },
        "north": { "uv": [ 0, 0, 0.5, 0.5 ], "texture": "#texture" },
        "south": { "uv": [ 0, 0, 1, 1 ], "texture": "#texture" },
        "east":  { "uv": [ 0, 0, 1, 1 ], "texture": "#texture" }
    }
},
{
    "from": [ -4, 2, 8 ],
    "to": [ -3.5, 15, 8.5 ],
    "faces": {
        "up":    { "uv": [ 0, 0, 1, 1 ], "texture": "#texture" },
        "north": { "uv": [ 0, 0, 0.5, 0.5 ], "texture": "#texture" },
        "south": { "uv": [ 0, 0, 1, 1 ], "texture": "#texture" },
        "west":  { "uv": [ 0, 0, 1, 1 ], "texture": "#texture" }
    }
}
],
"display": {
    "head": {
        "rotation": [ 0, 0, 0 ],
        "translation": [ 0, 0, 12 ],
        "scale": [ 3, 3, 3 ]
    }
}
}