{
"textures": {
    "texture": "block/extra/oldman"
},
"elements": [ 
{
    "from": [ 6, 6, 6 ],
    "to": [ 14, 14, 14 ],
    "faces": {
        "down":  { "uv": [ 4, 12, 8, 16 ], "texture": "#texture" },
        "up":    { "uv": [ 4, 4, 8, 8 ], "texture": "#texture" },
        "north": { "uv": [ 4, 8, 8, 12 ], "rotation": 0, "texture": "#texture" },
        "south": { "uv": [ 12, 8, 16, 12 ], "rotation": 0, "texture": "#texture" },
        "west":  { "uv": [ 8, 8, 12, 12 ], "rotation": 0, "texture": "#texture" },
        "east":  { "uv": [ 0, 8, 4, 12 ], "rotation": 0, "texture": "#texture" }
    }
},
{
    "from": [ 6, -2, 6 ],
    "to": [ 14, 6, 14 ],
    "faces": {
        "down":  { "uv": [ 0, 4, 4, 8 ], "texture": "#texture" },
        "up":    { "uv": [ 0, 4, 4, 8 ], "texture": "#texture" },
        "north": { "uv": [ 8, 12, 12, 16 ], "rotation": 0, "texture": "#texture" },
        "south": { "uv": [ 0, 4, 4, 8 ], "rotation": 0, "texture": "#texture" },
        "west":  { "uv": [ 0, 4, 4, 8 ], "rotation": 0, "texture": "#texture" },
        "east":  { "uv": [ 0, 4, 4, 8 ], "rotation": 0, "texture": "#texture" }
    }
},
{
    "from": [ 5.5, 5.5, 5.5 ],
    "to": [ 14.5, 14.5, 14.5 ],
    "faces": {
        "down":  { "uv": [ 0, 4, 4, 8 ], "texture": "#texture" },
        "up":    { "uv": [ 0, 4, 4, 8 ], "texture": "#texture" },
        "north": { "uv": [ 4, 0, 8, 4 ], "rotation": 0, "texture": "#texture" },
        "south": { "uv": [ 12, 0, 16, 4 ], "rotation": 0, "texture": "#texture" },
        "west":  { "uv": [ 8, 0, 12, 4 ], "rotation": 0, "texture": "#texture" },
        "east":  { "uv": [ 0, 0, 4, 4 ], "rotation": 0, "texture": "#texture" }
    }
}
],
"display": {
		"thirdperson_righthand": {
			"rotation":  [ 0, 0, 0 ],
			"translation":  [ 1, -2, -3 ],
			"scale":  [ 0.8, 0.8, 0.8 ]
		},
		"thirdperson_lefthand": {
			"rotation":  [ 0, 0, 0 ],
			"translation":  [ -1, -2, -3 ],
			"scale":  [ 0.6, 0.6, 0.6 ]
		},
		"firstperson_righthand": {
			"rotation":  [ 0, 180, 0 ],
			"translation":  [ -2, 5, 0 ],
			"scale":  [ 0.5, 0.5, 0.5 ]
		},
		"firstperson_lefthand": {
			"rotation":  [ 0, 180, 0 ],
			"translation":  [ 2, 5, 0 ],
			"scale":  [ 0.5, 0.5, 0.5 ]
		},
		"gui": {
			"rotation":  [ 0, 135, 0 ],
			"translation":  [ 0, -1, 0 ],
			"scale":  [ 1.0, 1.0, 1.0 ]
		},
		"head": {
			"rotation":  [ 0, 0, 0 ],
			"translation":  [ -3.8, -3, -4 ],
			"scale":  [ 1.8, 1.8, 1.8 ]
		},
		"ground": {
			"rotation":  [ 0, 0, 0 ],
			"scale":  [ 0.8, 0.8, 0.8 ]
		}
	}
}