{
"__comment": "Designed by Ounceabgm with BDcraft Cubik PRO 1.00 for MC1.8 - http://bdcraft.net",
"textures": {
    "particle": "block/extra/flower",
    "texture": "block/extra/metal_0"
},
"elements": [ 
{
    "from": [ 3, 0, 0 ],
    "to": [ 4, 16, 1 ],
    "faces": {
        "down":  { "uv": [ 0, 8, 1, 16 ], "texture": "#texture" },
        "up":    { "uv": [ 0, 8, 1, 16 ], "texture": "#texture" },
        "north": { "uv": [ 0, 8, 1, 16 ], "texture": "#texture" },
        "south": { "uv": [ 0, 8, 1, 16 ], "texture": "#texture" },
        "west":  { "uv": [ 0, 8, 1, 16 ], "texture": "#texture" },
        "east":  { "uv": [ 0, 8, 1, 16 ], "texture": "#texture" }
    }
},
{
    "from": [ 12, 0, 0 ],
    "to": [ 13, 16, 1 ],
    "faces": {
        "down":  { "uv": [ 4.5, 8, 5.5, 16 ], "texture": "#texture" },
        "up":    { "uv": [ 0, 8, 1, 16 ], "texture": "#texture" },
        "north": { "uv": [ 0, 8, 1, 16 ], "texture": "#texture" },
        "south": { "uv": [ 0, 8, 1, 16 ], "texture": "#texture" },
        "west":  { "uv": [ 0, 8, 1, 16 ], "texture": "#texture" },
        "east":  { "uv": [ 0, 8, 1, 16 ], "texture": "#texture" }
    }
},
{
    "from": [ 4, 15, 0 ],
    "to": [ 12, 16, 1 ],
    "faces": {
        "down":  { "uv": [ 8, 9, 4.5, 8 ], "texture": "#texture" },
        "up":    { "uv": [ 8, 9, 4.5, 8 ], "texture": "#texture" },
        "north": { "uv": [ 8, 9, 4.5, 8 ], "texture": "#texture" },
        "south": { "uv": [ 8, 9, 4.5, 8 ], "texture": "#texture" },
        "west":  { "uv": [ 8, 9, 4.5, 8 ], "texture": "#texture" },
        "east":  { "uv": [ 8, 9, 4.5, 8 ], "texture": "#texture" }
    }
},
{
    "from": [ 4, 0, 0 ],
    "to": [ 12, 1, 1 ],
    "faces": {
        "down":  { "uv": [ 3.5, 9, 0, 8 ], "texture": "#texture" },
        "up":    { "uv": [ 3.5, 9, 0, 8 ], "texture": "#texture" },
        "north": { "uv": [ 3.5, 9, 0, 8 ], "texture": "#texture" },
        "south": { "uv": [ 3.5, 9, 0, 8 ], "texture": "#texture" },
        "west":  { "uv": [ 3.5, 9, 0, 8 ], "texture": "#texture" },
        "east":  { "uv": [ 3.5, 9, 0, 8 ], "texture": "#texture" }
    }
},
{
    "from": [ 4, 1, 0.1875 ],
    "to": [ 12, 15, 0.6875 ],
    "faces": {
        "down":  { "uv": [ 4, 0, 12, 16 ], "texture": "#particle" },
        "up":    { "uv": [ 4, 0, 12, 16 ], "texture": "#particle" },
        "north": { "uv": [ 4, 0, 12, 16 ], "texture": "#particle" },
        "south": { "uv": [ 4, 0, 12, 16 ], "texture": "#particle" },
        "west":  { "uv": [ 4, 0, 12, 16 ], "texture": "#particle" },
        "east":  { "uv": [ 4, 0, 12, 16 ], "texture": "#particle" }
    }
}
],
"display": {
    "thirdperson_righthand": {
        "rotation": [ 0, 0, 0 ],
        "translation": [ 0, 0, 0 ],
        "scale": [ 2, 2, 2]
    }
	}
}