{
	"__comment": "Designed by Ounceabgm with BDcraft Cubik PRO 1.00 for MC1.8 - http://bdcraft.net",
	"textures": {
		"particle": "block/extra/popcorn",
		"texture": "block/extra/popcorn2"
	},
	"elements": [
		{
			"from": [ 3, 0, 4 ],
			"to": [ 4, 11, 8 ],
			"faces": {
				"down": { "uv": [ 9.5, 5.5, 15.5, 11 ], "texture": "#texture" },
				"up": { "uv": [ 10.5, 7, 16, 14.5 ], "texture": "#texture" },
				"north": { "uv": [ 9.5, 6, 16, 13 ], "texture": "#texture" },
				"south": { "uv": [ 0, 0, 16, 16 ], "texture": "#texture" },
				"west": { "uv": [ 0, 0, 16, 16 ], "texture": "#texture" },
				"east": { "uv": [ 0, 0, 16, 16 ], "texture": "#texture" }
			}
		},
		{
			"from": [ 3, 0, 3 ],
			"to": [ 6, 11, 4 ],
			"faces": {
				"down": { "uv": [ 9, 5, 15.5, 11 ], "texture": "#texture" },
				"up": { "uv": [ 9, 5.5, 16, 14 ], "texture": "#texture" },
				"north": { "uv": [ 0, 0, 16, 16 ], "texture": "#texture" },
				"south": { "uv": [ 0, 0, 16, 16 ], "texture": "#texture" },
				"west": { "uv": [ 8.5, 4, 14.5, 14 ], "texture": "#texture" },
				"east": { "uv": [ 0, 0, 16, 16 ], "texture": "#texture" }
			}
		},
		{
			"from": [ 3, 0, 8 ],
			"to": [ 4, 11, 12 ],
			"faces": {
				"down": { "uv": [ 10.5, 7.5, 13, 10 ], "texture": "#texture" },
				"up": { "uv": [ 9.5, 4.5, 16, 11 ], "texture": "#texture" },
				"north": { "uv": [ 0, 0, 16, 16 ], "texture": "#texture" },
				"south": { "uv": [ 1.5, 2.5, 7, 11 ], "texture": "#texture" },
				"west": { "uv": [ 0, 0, 16, 16 ], "texture": "#texture" },
				"east": { "uv": [ 0, 0, 16, 16 ], "texture": "#texture" }
			}
		},
		{
			"from": [ 3, 0, 12 ],
			"to": [ 8.5, 11, 13 ],
			"faces": {
				"down": { "uv": [ 9.5, 7, 15.5, 11.5 ], "texture": "#texture" },
				"up": { "uv": [ 9, 4, 16, 12.5 ], "texture": "#texture" },
				"north": { "uv": [ 0, 0, 16, 16 ], "texture": "#texture" },
				"south": { "uv": [ 0, 0, 16, 16 ], "texture": "#texture" },
				"west": { "uv": [ 0, 0, 7, 9 ], "texture": "#texture" },
				"east": { "uv": [ 0, 0, 16, 16 ], "texture": "#texture" }
			}
		},
		{
			"from": [ 8.5, 0, 12 ],
			"to": [ 13, 11, 13 ],
			"faces": {
				"down": { "uv": [ 9.5, 7, 15.5, 11.5 ], "texture": "#texture" },
				"up": { "uv": [ 9.5, 4.5, 16, 11.5 ], "texture": "#texture" },
				"north": { "uv": [ 0, 0, 16, 16 ], "texture": "#texture" },
				"south": { "uv": [ 0, 0, 16, 16 ], "texture": "#texture" },
				"west": { "uv": [ 0, 0, 16, 16 ], "texture": "#texture" },
				"east": { "uv": [ 10, 3, 15, 14 ], "texture": "#texture" }
			}
		},
		{
			"from": [ 9.5, 0, 3 ],
			"to": [ 13, 11, 4 ],
			"faces": {
				"down": { "uv": [ 9, 5, 15.5, 11 ], "texture": "#texture" },
				"up": { "uv": [ 8.5, 5.5, 16, 13 ], "texture": "#texture" },
				"north": { "uv": [ 0, 0, 16, 16 ], "texture": "#texture" },
				"south": { "uv": [ 0, 0, 16, 16 ], "texture": "#texture" },
				"west": { "uv": [ 0, 0, 16, 16 ], "texture": "#texture" },
				"east": { "uv": [ 0, 0, 8, 10 ], "texture": "#texture" }
			}
		},
		{
			"from": [ 12, 0, 4 ],
			"to": [ 13, 11, 8 ],
			"faces": {
				"down": { "uv": [ 9.5, 5.5, 15.5, 11 ], "texture": "#texture" },
				"up": { "uv": [ 10, 5, 16, 11 ], "texture": "#texture" },
				"north": { "uv": [ 0, 0, 16, 16 ], "texture": "#texture" },
				"south": { "uv": [ 0, 0, 16, 16 ], "texture": "#texture" },
				"west": { "uv": [ 0, 0, 16, 16 ], "texture": "#texture" },
				"east": { "uv": [ 0, 0, 16, 16 ], "texture": "#texture" }
			}
		},
		{
			"from": [ 12, 0, 8 ],
			"to": [ 13, 11, 12 ],
			"faces": {
				"down": { "uv": [ 9.5, 5.5, 15.5, 11 ], "texture": "#texture" },
				"up": { "uv": [ 11, 6, 16, 12 ], "texture": "#texture" },
				"north": { "uv": [ 0, 0, 16, 16 ], "texture": "#texture" },
				"south": { "uv": [ 0, 0, 16, 16 ], "texture": "#texture" },
				"west": { "uv": [ 0, 0, 16, 16 ], "texture": "#texture" },
				"east": { "uv": [ 0, 0, 16, 16 ], "texture": "#texture" }
			}
		},
		{
			"from": [ 6, 0, 3 ],
			"to": [ 9.5, 11, 4 ],
			"faces": {
				"down": { "uv": [ 9, 5, 15.5, 11 ], "texture": "#texture" },
				"up": { "uv": [ 9, 5.5, 16, 14 ], "texture": "#texture" },
				"north": { "uv": [ 0, 0, 16, 16 ], "texture": "#texture" },
				"south": { "uv": [ 0, 0, 16, 16 ], "texture": "#texture" },
				"west": { "uv": [ 8.5, 4, 14.5, 14 ], "texture": "#texture" },
				"east": { "uv": [ 0, 0, 16, 16 ], "texture": "#texture" }
			}
		},
		{
			"from": [ 4, 0, 4 ],
			"to": [ 12, 1, 12 ],
			"faces": {
				"down": { "uv": [ 8.5, 3.5, 14.5, 12 ], "texture": "#texture" },
				"up": { "uv": [ 0.5, 0, 6, 6.5 ], "texture": "#texture" },
				"north": { "uv": [ 0, 0, 16, 16 ], "texture": "#texture" },
				"south": { "uv": [ 0, 0, 16, 16 ], "texture": "#texture" },
				"west": { "uv": [ 0, 0, 16, 16 ], "texture": "#texture" },
				"east": { "uv": [ 0, 0, 16, 16 ], "texture": "#texture" }
			}
		},
		{
			"from": [ 3.5, 10, 3.5 ],
			"to": [ 12.5, 11.5, 12.5 ],
			"faces": {
				"down": { "uv": [ 3.5, 3.5, 12.5, 12.5 ], "texture": "#particle" },
				"up": { "uv": [ 3.5, 3.5, 12.5, 12.5 ], "texture": "#particle" },
				"north": { "uv": [ 3.5, 7.5, 12.5, 9 ], "texture": "#particle" },
				"south": { "uv": [ 6.5, 3, 15.5, 4.5 ], "texture": "#particle" },
				"west": { "uv": [ 3, 6.5, 12, 8 ], "texture": "#particle" },
				"east": { "uv": [ 4, 5.5, 13, 7 ], "texture": "#particle" }
			}
		},
		{
			"from": [ 5.5, 11.5, 9 ],
			"to": [ 7.5, 12.5, 11 ],
			"faces": {
				"down": { "uv": [ 4.5, 8.5, 6.5, 10.5 ], "texture": "#particle" },
				"up": { "uv": [ 4.5, 8.5, 6.5, 10.5 ], "texture": "#particle" },
				"north": { "uv": [ 4.5, 3.5, 6.5, 4.5 ], "texture": "#particle" },
				"south": { "uv": [ 4.5, 3.5, 6.5, 4.5 ], "texture": "#particle" },
				"west": { "uv": [ 8.5, 3.5, 10.5, 4.5 ], "texture": "#particle" },
				"east": { "uv": [ 8.5, 3.5, 10.5, 4.5 ], "texture": "#particle" }
			}
		},
		{
			"from": [ 6.5, 11.5, 11 ],
			"to": [ 8.5, 12.5, 13 ],
			"faces": {
				"down": { "uv": [ 6.5, 11, 8.5, 13 ], "texture": "#particle" },
				"up": { "uv": [ 6.5, 11, 8.5, 13 ], "texture": "#particle" },
				"north": { "uv": [ 6.5, 3.5, 8.5, 4.5 ], "texture": "#particle" },
				"south": { "uv": [ 6.5, 3.5, 8.5, 4.5 ], "texture": "#particle" },
				"west": { "uv": [ 11, 3.5, 13, 4.5 ], "texture": "#particle" },
				"east": { "uv": [ 11, 3.5, 13, 4.5 ], "texture": "#particle" }
			}
		},
		{
			"from": [ 8, 11.5, 10 ],
			"to": [ 10, 12.5, 12 ],
			"faces": {
				"down": { "uv": [ 8, 10, 10, 12 ], "texture": "#particle" },
				"up": { "uv": [ 8, 10, 10, 12 ], "texture": "#particle" },
				"north": { "uv": [ 8, 3.5, 10, 4.5 ], "texture": "#particle" },
				"south": { "uv": [ 8, 3.5, 10, 4.5 ], "texture": "#particle" },
				"west": { "uv": [ 10, 3.5, 12, 4.5 ], "texture": "#particle" },
				"east": { "uv": [ 10, 3.5, 12, 4.5 ], "texture": "#particle" }
			}
		},
		{
			"from": [ 9, 11.5, 9 ],
			"to": [ 11, 12.5, 11 ],
			"faces": {
				"down": { "uv": [ 9, 9, 11, 11 ], "texture": "#particle" },
				"up": { "uv": [ 9, 9, 11, 11 ], "texture": "#particle" },
				"north": { "uv": [ 9, 3.5, 11, 4.5 ], "texture": "#particle" },
				"south": { "uv": [ 9, 3.5, 11, 4.5 ], "texture": "#particle" },
				"west": { "uv": [ 9, 3.5, 11, 4.5 ], "texture": "#particle" },
				"east": { "uv": [ 9, 3.5, 11, 4.5 ], "texture": "#particle" }
			}
		},
		{
			"from": [ 10.5, 11.5, 10 ],
			"to": [ 12.5, 12.5, 12 ],
			"faces": {
				"down": { "uv": [ 12.5, 9, 14.5, 11 ], "texture": "#particle" },
				"up": { "uv": [ 8, 10, 10, 12 ], "texture": "#particle" },
				"north": { "uv": [ 11, 3.5, 13, 4.5 ], "texture": "#particle" },
				"south": { "uv": [ 11, 3.5, 13, 4.5 ], "texture": "#particle" },
				"west": { "uv": [ 10, 3.5, 12, 4.5 ], "texture": "#particle" },
				"east": { "uv": [ 10, 3.5, 12, 4.5 ], "texture": "#particle" }
			}
		},
		{
			"from": [ 10, 11.5, 8 ],
			"to": [ 12, 12.5, 10 ],
			"faces": {
				"down": { "uv": [ 4.5, 8.5, 6.5, 10.5 ], "texture": "#particle" },
				"up": { "uv": [ 4.5, 8.5, 6.5, 10.5 ], "texture": "#particle" },
				"north": { "uv": [ 4.5, 3.5, 6.5, 4.5 ], "texture": "#particle" },
				"south": { "uv": [ 4.5, 3.5, 6.5, 4.5 ], "texture": "#particle" },
				"west": { "uv": [ 8.5, 3.5, 10.5, 4.5 ], "texture": "#particle" },
				"east": { "uv": [ 8.5, 3.5, 10.5, 4.5 ], "texture": "#particle" }
			}
		},
		{
			"from": [ 11.5, 11.5, 6.5 ],
			"to": [ 13, 12.5, 8 ],
			"faces": {
				"down": { "uv": [ 4.5, 8.5, 6.5, 10.5 ], "texture": "#particle" },
				"up": { "uv": [ 4.5, 8.5, 6.5, 10.5 ], "texture": "#particle" },
				"north": { "uv": [ 4.5, 3.5, 6.5, 4.5 ], "texture": "#particle" },
				"south": { "uv": [ 4.5, 3.5, 6.5, 4.5 ], "texture": "#particle" },
				"west": { "uv": [ 8.5, 3.5, 10.5, 4.5 ], "texture": "#particle" },
				"east": { "uv": [ 8.5, 3.5, 10.5, 4.5 ], "texture": "#particle" }
			}
		},
		{
			"from": [ 10.5, 11.5, 4.5 ],
			"to": [ 12.5, 12.5, 6.5 ],
			"faces": {
				"down": { "uv": [ 10, 4.5, 12, 6.5 ], "texture": "#particle" },
				"up": { "uv": [ 10, 4.5, 12, 6.5 ], "texture": "#particle" },
				"north": { "uv": [ 10, 3.5, 12, 4.5 ], "texture": "#particle" },
				"south": { "uv": [ 10, 3.5, 12, 4.5 ], "texture": "#particle" },
				"west": { "uv": [ 4.5, 3.5, 6.5, 4.5 ], "texture": "#particle" },
				"east": { "uv": [ 4.5, 3.5, 6.5, 4.5 ], "texture": "#particle" }
			}
		},
		{
			"from": [ 9.5, 11.5, 3 ],
			"to": [ 11.5, 12.5, 5 ],
			"faces": {
				"down": { "uv": [ 9.5, 3, 11.5, 5 ], "texture": "#particle" },
				"up": { "uv": [ 9.5, 3, 11.5, 5 ], "texture": "#particle" },
				"north": { "uv": [ 9.5, 3.5, 11.5, 4.5 ], "texture": "#particle" },
				"south": { "uv": [ 9.5, 3.5, 11.5, 4.5 ], "texture": "#particle" },
				"west": { "uv": [ 3.5, 5, 5.5, 6 ], "texture": "#particle" },
				"east": { "uv": [ 2.5, 5.5, 4.5, 6.5 ], "texture": "#particle" }
			}
		},
		{
			"from": [ 8, 11.5, 4 ],
			"to": [ 10, 12.5, 6 ],
			"faces": {
				"down": { "uv": [ 4.5, 8.5, 6.5, 10.5 ], "texture": "#particle" },
				"up": { "uv": [ 4.5, 8.5, 6.5, 10.5 ], "texture": "#particle" },
				"north": { "uv": [ 4.5, 3.5, 6.5, 4.5 ], "texture": "#particle" },
				"south": { "uv": [ 4.5, 3.5, 6.5, 4.5 ], "texture": "#particle" },
				"west": { "uv": [ 8.5, 3.5, 10.5, 4.5 ], "texture": "#particle" },
				"east": { "uv": [ 8.5, 3.5, 10.5, 4.5 ], "texture": "#particle" }
			}
		},
		{
			"from": [ 6.5, 11.5, 3.5 ],
			"to": [ 8.5, 12.5, 5.5 ],
			"faces": {
				"down": { "uv": [ 6.5, 3.5, 8.5, 5.5 ], "texture": "#particle" },
				"up": { "uv": [ 6.5, 3.5, 8.5, 5.5 ], "texture": "#particle" },
				"north": { "uv": [ 6.5, 3.5, 8.5, 4.5 ], "texture": "#particle" },
				"south": { "uv": [ 6.5, 3.5, 8.5, 4.5 ], "texture": "#particle" },
				"west": { "uv": [ 3.5, 3.5, 5.5, 4.5 ], "texture": "#particle" },
				"east": { "uv": [ 3.5, 3.5, 5.5, 4.5 ], "texture": "#particle" }
			}
		},
		{
			"from": [ 4, 11.5, 3.5 ],
			"to": [ 6, 12.5, 5.5 ],
			"faces": {
				"down": { "uv": [ 4.5, 1.5, 6.5, 3.5 ], "texture": "#particle" },
				"up": { "uv": [ 4, 3.5, 6, 5.5 ], "texture": "#particle" },
				"north": { "uv": [ 2.5, 5.5, 4.5, 6.5 ], "texture": "#particle" },
				"south": { "uv": [ 5.5, 3, 7.5, 4 ], "texture": "#particle" },
				"west": { "uv": [ 2.5, 5, 4.5, 6 ], "texture": "#particle" },
				"east": { "uv": [ 3.5, 5, 5.5, 6 ], "texture": "#particle" }
			}
		},
		{
			"from": [ 4.5, 11.5, 5 ],
			"to": [ 6.5, 12.5, 7 ],
			"faces": {
				"down": { "uv": [ 4.5, 8.5, 6.5, 10.5 ], "texture": "#particle" },
				"up": { "uv": [ 4.5, 8.5, 6.5, 10.5 ], "texture": "#particle" },
				"north": { "uv": [ 4.5, 3.5, 6.5, 4.5 ], "texture": "#particle" },
				"south": { "uv": [ 4.5, 3.5, 6.5, 4.5 ], "texture": "#particle" },
				"west": { "uv": [ 8.5, 3.5, 10.5, 4.5 ], "texture": "#particle" },
				"east": { "uv": [ 8.5, 3.5, 10.5, 4.5 ], "texture": "#particle" }
			}
		},
		{
			"from": [ 3, 11.5, 6 ],
			"to": [ 4.5, 12.5, 7.5 ],
			"faces": {
				"down": { "uv": [ 3.5, 5.5, 5, 7 ], "texture": "#particle" },
				"up": { "uv": [ 3, 5.5, 4.5, 7 ], "texture": "#particle" },
				"north": { "uv": [ 3, 3.5, 4.5, 4.5 ], "texture": "#particle" },
				"south": { "uv": [ 3, 3.5, 4.5, 4.5 ], "texture": "#particle" },
				"west": { "uv": [ 6, 3.5, 7.5, 4.5 ], "texture": "#particle" },
				"east": { "uv": [ 6, 3.5, 7.5, 4.5 ], "texture": "#particle" }
			}
		},
		{
			"from": [ 4, 11.5, 7.5 ],
			"to": [ 6, 12.5, 9.5 ],
			"faces": {
				"down": { "uv": [ 7, 3.5, 9, 5.5 ], "texture": "#particle" },
				"up": { "uv": [ 6.5, 11.5, 8.5, 13.5 ], "texture": "#particle" },
				"north": { "uv": [ 4, 3.5, 6, 4.5 ], "texture": "#particle" },
				"south": { "uv": [ 4, 3.5, 6, 4.5 ], "texture": "#particle" },
				"west": { "uv": [ 7.5, 3.5, 9.5, 4.5 ], "texture": "#particle" },
				"east": { "uv": [ 7.5, 3.5, 9.5, 4.5 ], "texture": "#particle" }
			}
		},
		{
			"from": [ 4, 11.5, 10 ],
			"to": [ 6, 12.5, 12 ],
			"faces": {
				"down": { "uv": [ 3, 9.5, 5, 11.5 ], "texture": "#particle" },
				"up": { "uv": [ 3, 9.5, 5, 11.5 ], "texture": "#particle" },
				"north": { "uv": [ 3, 6, 5, 7 ], "texture": "#particle" },
				"south": { "uv": [ 3, 5.5, 5, 6.5 ], "texture": "#particle" },
				"west": { "uv": [ 10, 3.5, 12, 4.5 ], "texture": "#particle" },
				"east": { "uv": [ 10, 3.5, 12, 4.5 ], "texture": "#particle" }
			}
		},
		{
			"from": [ 6.5, 11.5, 9 ],
			"to": [ 8.5, 12.5, 11 ],
			"faces": {
				"down": { "uv": [ 4.5, 8.5, 6.5, 10.5 ], "texture": "#particle" },
				"up": { "uv": [ 4.5, 8.5, 6.5, 10.5 ], "texture": "#particle" },
				"north": { "uv": [ 4.5, 3.5, 6.5, 4.5 ], "texture": "#particle" },
				"south": { "uv": [ 4.5, 3.5, 6.5, 4.5 ], "texture": "#particle" },
				"west": { "uv": [ 8.5, 3.5, 10.5, 4.5 ], "texture": "#particle" },
				"east": { "uv": [ 8.5, 3.5, 10.5, 4.5 ], "texture": "#particle" }
			}
		},
		{
			"from": [ 6.5, 11.5, 5.5 ],
			"to": [ 8.5, 12.5, 7.5 ],
			"faces": {
				"down": { "uv": [ 4.5, 8.5, 6.5, 10.5 ], "texture": "#particle" },
				"up": { "uv": [ 4.5, 8.5, 6.5, 10.5 ], "texture": "#particle" },
				"north": { "uv": [ 4.5, 3.5, 6.5, 4.5 ], "texture": "#particle" },
				"south": { "uv": [ 4.5, 3.5, 6.5, 4.5 ], "texture": "#particle" },
				"west": { "uv": [ 8.5, 3.5, 10.5, 4.5 ], "texture": "#particle" },
				"east": { "uv": [ 8.5, 3.5, 10.5, 4.5 ], "texture": "#particle" }
			}
		},
		{
			"from": [ 7.5, 11.5, 8 ],
			"to": [ 9.5, 12.5, 10 ],
			"faces": {
				"down": { "uv": [ 7.5, 8, 9.5, 10 ], "texture": "#particle" },
				"up": { "uv": [ 7.5, 8, 9.5, 10 ], "texture": "#particle" },
				"north": { "uv": [ 7.5, 3.5, 9.5, 4.5 ], "texture": "#particle" },
				"south": { "uv": [ 7.5, 3.5, 9.5, 4.5 ], "texture": "#particle" },
				"west": { "uv": [ 8, 3.5, 10, 4.5 ], "texture": "#particle" },
				"east": { "uv": [ 8, 3.5, 10, 4.5 ], "texture": "#particle" }
			}
		},
		{
			"from": [ 6, 12.5, 10 ],
			"to": [ 8, 13.5, 12 ],
			"faces": {
				"down": { "uv": [ 6, 9, 8, 11 ], "texture": "#particle" },
				"up": { "uv": [ 6, 9, 8, 11 ], "texture": "#particle" },
				"north": { "uv": [ 6, 2.5, 8, 3.5 ], "texture": "#particle" },
				"south": { "uv": [ 6, 2.5, 8, 3.5 ], "texture": "#particle" },
				"west": { "uv": [ 9, 2.5, 11, 3.5 ], "texture": "#particle" },
				"east": { "uv": [ 9, 2.5, 11, 3.5 ], "texture": "#particle" }
			}
		},
		{
			"from": [ 4, 12.5, 8.5 ],
			"to": [ 6, 13.5, 10.5 ],
			"faces": {
				"down": { "uv": [ 4.5, 8.5, 6.5, 10.5 ], "texture": "#particle" },
				"up": { "uv": [ 4.5, 8.5, 6.5, 10.5 ], "texture": "#particle" },
				"north": { "uv": [ 4.5, 2.5, 6.5, 3.5 ], "texture": "#particle" },
				"south": { "uv": [ 4.5, 2.5, 6.5, 3.5 ], "texture": "#particle" },
				"west": { "uv": [ 8.5, 2.5, 10.5, 3.5 ], "texture": "#particle" },
				"east": { "uv": [ 8.5, 2.5, 10.5, 3.5 ], "texture": "#particle" }
			}
		},
		{
			"from": [ 5.5, 12.5, 6.5 ],
			"to": [ 7.5, 13.5, 8.5 ],
			"faces": {
				"down": { "uv": [ 5.5, 6.5, 7.5, 8.5 ], "texture": "#particle" },
				"up": { "uv": [ 5.5, 6.5, 7.5, 8.5 ], "texture": "#particle" },
				"north": { "uv": [ 5.5, 2.5, 7.5, 3.5 ], "texture": "#particle" },
				"south": { "uv": [ 5.5, 2.5, 7.5, 3.5 ], "texture": "#particle" },
				"west": { "uv": [ 6.5, 2.5, 8.5, 3.5 ], "texture": "#particle" },
				"east": { "uv": [ 6.5, 2.5, 8.5, 3.5 ], "texture": "#particle" }
			}
		},
		{
			"from": [ 4.5, 12.5, 4.5 ],
			"to": [ 6.5, 13.5, 6.5 ],
			"faces": {
				"down": { "uv": [ 4.5, 4.5, 6.5, 6.5 ], "texture": "#particle" },
				"up": { "uv": [ 4.5, 4.5, 6.5, 6.5 ], "texture": "#particle" },
				"north": { "uv": [ 4.5, 2.5, 6.5, 3.5 ], "texture": "#particle" },
				"south": { "uv": [ 4.5, 2.5, 6.5, 3.5 ], "texture": "#particle" },
				"west": { "uv": [ 4.5, 2.5, 6.5, 3.5 ], "texture": "#particle" },
				"east": { "uv": [ 4.5, 2.5, 6.5, 3.5 ], "texture": "#particle" }
			}
		},
		{
			"from": [ 7, 12.5, 4.5 ],
			"to": [ 9, 13.5, 6.5 ],
			"faces": {
				"down": { "uv": [ 6, 9, 8, 11 ], "texture": "#particle" },
				"up": { "uv": [ 6, 9, 8, 11 ], "texture": "#particle" },
				"north": { "uv": [ 6, 2.5, 8, 3.5 ], "texture": "#particle" },
				"south": { "uv": [ 6, 2.5, 8, 3.5 ], "texture": "#particle" },
				"west": { "uv": [ 9, 2.5, 11, 3.5 ], "texture": "#particle" },
				"east": { "uv": [ 9, 2.5, 11, 3.5 ], "texture": "#particle" }
			}
		},
		{
			"from": [ 9, 12.5, 6.5 ],
			"to": [ 11, 13.5, 8.5 ],
			"faces": {
				"down": { "uv": [ 9, 6.5, 11, 8.5 ], "texture": "#particle" },
				"up": { "uv": [ 9, 6.5, 11, 8.5 ], "texture": "#particle" },
				"north": { "uv": [ 9, 2.5, 11, 3.5 ], "texture": "#particle" },
				"south": { "uv": [ 9, 2.5, 11, 3.5 ], "texture": "#particle" },
				"west": { "uv": [ 6.5, 2.5, 8.5, 3.5 ], "texture": "#particle" },
				"east": { "uv": [ 6.5, 2.5, 8.5, 3.5 ], "texture": "#particle" }
			}
		},
		{
			"from": [ 9.5, 12.5, 4 ],
			"to": [ 11.5, 13.5, 6 ],
			"faces": {
				"down": { "uv": [ 9.5, 4, 11.5, 6 ], "texture": "#particle" },
				"up": { "uv": [ 9.5, 4, 11.5, 6 ], "texture": "#particle" },
				"north": { "uv": [ 9.5, 2.5, 11.5, 3.5 ], "texture": "#particle" },
				"south": { "uv": [ 9.5, 2.5, 11.5, 3.5 ], "texture": "#particle" },
				"west": { "uv": [ 4, 2.5, 6, 3.5 ], "texture": "#particle" },
				"east": { "uv": [ 4, 2.5, 6, 3.5 ], "texture": "#particle" }
			}
		},
		{
			"from": [ 8, 12.5, 9 ],
			"to": [ 10, 13.5, 11 ],
			"faces": {
				"down": { "uv": [ 8, 9, 10, 11 ], "texture": "#particle" },
				"up": { "uv": [ 8, 9, 10, 11 ], "texture": "#particle" },
				"north": { "uv": [ 8, 2.5, 10, 3.5 ], "texture": "#particle" },
				"south": { "uv": [ 8, 2.5, 10, 3.5 ], "texture": "#particle" },
				"west": { "uv": [ 9, 2.5, 11, 3.5 ], "texture": "#particle" },
				"east": { "uv": [ 9, 2.5, 11, 3.5 ], "texture": "#particle" }
			}
		},
		{
			"from": [ 10.5, 12.5, 8.5 ],
			"to": [ 12.5, 13.5, 10.5 ],
			"faces": {
				"down": { "uv": [ 10, 8.5, 12, 10.5 ], "texture": "#particle" },
				"up": { "uv": [ 10, 8.5, 12, 10.5 ], "texture": "#particle" },
				"north": { "uv": [ 10, 2.5, 12, 3.5 ], "texture": "#particle" },
				"south": { "uv": [ 10, 2.5, 12, 3.5 ], "texture": "#particle" },
				"west": { "uv": [ 8.5, 2.5, 10.5, 3.5 ], "texture": "#particle" },
				"east": { "uv": [ 8.5, 2.5, 10.5, 3.5 ], "texture": "#particle" }
			}
		},
		{
			"from": [ 5.5, 13.5, 5 ],
			"to": [ 7, 14.5, 6.5 ],
			"faces": {
				"down": { "uv": [ 5.5, 5, 7, 6.5 ], "texture": "#particle" },
				"up": { "uv": [ 4, 5.5, 5.5, 7 ], "texture": "#particle" },
				"north": { "uv": [ 5.5, 1.5, 7, 2.5 ], "texture": "#particle" },
				"south": { "uv": [ 5.5, 1.5, 7, 2.5 ], "texture": "#particle" },
				"west": { "uv": [ 5, 1.5, 6.5, 2.5 ], "texture": "#particle" },
				"east": { "uv": [ 5, 1.5, 6.5, 2.5 ], "texture": "#particle" }
			}
		},
		{
			"from": [ 8, 13.5, 5 ],
			"to": [ 9.5, 14.5, 6.5 ],
			"faces": {
				"down": { "uv": [ 8, 5, 9.5, 6.5 ], "texture": "#particle" },
				"up": { "uv": [ 8, 5, 9.5, 6.5 ], "texture": "#particle" },
				"north": { "uv": [ 8, 1.5, 9.5, 2.5 ], "texture": "#particle" },
				"south": { "uv": [ 8, 1.5, 9.5, 2.5 ], "texture": "#particle" },
				"west": { "uv": [ 5, 1.5, 6.5, 2.5 ], "texture": "#particle" },
				"east": { "uv": [ 5, 1.5, 6.5, 2.5 ], "texture": "#particle" }
			}
		},
		{
			"from": [ 7.5, 13.5, 7 ],
			"to": [ 9, 14.5, 8.5 ],
			"faces": {
				"down": { "uv": [ 6.5, 6.5, 8.5, 8.5 ], "texture": "#particle" },
				"up": { "uv": [ 6.5, 6.5, 8.5, 8.5 ], "texture": "#particle" },
				"north": { "uv": [ 6.5, 1.5, 8.5, 2.5 ], "texture": "#particle" },
				"south": { "uv": [ 6.5, 1.5, 8.5, 2.5 ], "texture": "#particle" },
				"west": { "uv": [ 6.5, 1.5, 8.5, 2.5 ], "texture": "#particle" },
				"east": { "uv": [ 6.5, 1.5, 8.5, 2.5 ], "texture": "#particle" }
			}
		},
		{
			"from": [ 4.5, 13.5, 8 ],
			"to": [ 6, 14.5, 9.5 ],
			"faces": {
				"down": { "uv": [ 6, 8, 7.5, 9.5 ], "texture": "#particle" },
				"up": { "uv": [ 6, 8, 7.5, 9.5 ], "texture": "#particle" },
				"north": { "uv": [ 6, 1.5, 7.5, 2.5 ], "texture": "#particle" },
				"south": { "uv": [ 6, 1.5, 7.5, 2.5 ], "texture": "#particle" },
				"west": { "uv": [ 8, 1.5, 9.5, 2.5 ], "texture": "#particle" },
				"east": { "uv": [ 8, 1.5, 9.5, 2.5 ], "texture": "#particle" }
			}
		},
		{
			"from": [ 6, 13.5, 9 ],
			"to": [ 7.5, 14.5, 10.5 ],
			"faces": {
				"down": { "uv": [ 6.5, 9, 8, 10.5 ], "texture": "#particle" },
				"up": { "uv": [ 6.5, 9, 8, 10.5 ], "texture": "#particle" },
				"north": { "uv": [ 6.5, 1.5, 8, 2.5 ], "texture": "#particle" },
				"south": { "uv": [ 6.5, 1.5, 8, 2.5 ], "texture": "#particle" },
				"west": { "uv": [ 9, 1.5, 10.5, 2.5 ], "texture": "#particle" },
				"east": { "uv": [ 9, 1.5, 10.5, 2.5 ], "texture": "#particle" }
			}
		},
		{
			"from": [ 8, 13.5, 9.5 ],
			"to": [ 9.5, 14.5, 11 ],
			"faces": {
				"down": { "uv": [ 6.5, 11.5, 8, 13 ], "texture": "#particle" },
				"up": { "uv": [ 9, 8.5, 10.5, 10 ], "texture": "#particle" },
				"north": { "uv": [ 8, 1.5, 9.5, 2.5 ], "texture": "#particle" },
				"south": { "uv": [ 8, 1.5, 9.5, 2.5 ], "texture": "#particle" },
				"west": { "uv": [ 9.5, 1.5, 11, 2.5 ], "texture": "#particle" },
				"east": { "uv": [ 9.5, 1.5, 11, 2.5 ], "texture": "#particle" }
			}
		},
		{
			"from": [ 9, 13.5, 8 ],
			"to": [ 10.5, 14.5, 9.5 ],
			"faces": {
				"down": { "uv": [ 9, 8, 10.5, 9.5 ], "texture": "#particle" },
				"up": { "uv": [ 9, 8, 10.5, 9.5 ], "texture": "#particle" },
				"north": { "uv": [ 9, 1.5, 10.5, 2.5 ], "texture": "#particle" },
				"south": { "uv": [ 9, 1.5, 10.5, 2.5 ], "texture": "#particle" },
				"west": { "uv": [ 8, 1.5, 9.5, 2.5 ], "texture": "#particle" },
				"east": { "uv": [ 8, 1.5, 9.5, 2.5 ], "texture": "#particle" }
			}
		},
		{
			"from": [ 10, 13.5, 6 ],
			"to": [ 11.5, 14.5, 7.5 ],
			"faces": {
				"down": { "uv": [ 6.5, 6.5, 8.5, 8.5 ], "texture": "#particle" },
				"up": { "uv": [ 6.5, 6.5, 8.5, 8.5 ], "texture": "#particle" },
				"north": { "uv": [ 6.5, 1.5, 8.5, 2.5 ], "texture": "#particle" },
				"south": { "uv": [ 6.5, 1.5, 8.5, 2.5 ], "texture": "#particle" },
				"west": { "uv": [ 6.5, 1.5, 8.5, 2.5 ], "texture": "#particle" },
				"east": { "uv": [ 6.5, 1.5, 8.5, 2.5 ], "texture": "#particle" }
			}
		},
		{
			"from": [ 9.5, 13.5, 8 ],
			"to": [ 11, 14.5, 9.5 ],
			"faces": {
				"down": { "uv": [ 9.5, 8, 11, 9.5 ], "texture": "#particle" },
				"up": { "uv": [ 9.5, 8, 11, 9.5 ], "texture": "#particle" },
				"north": { "uv": [ 9.5, 1.5, 11, 2.5 ], "texture": "#particle" },
				"south": { "uv": [ 9.5, 1.5, 11, 2.5 ], "texture": "#particle" },
				"west": { "uv": [ 8, 1.5, 9.5, 2.5 ], "texture": "#particle" },
				"east": { "uv": [ 8, 1.5, 9.5, 2.5 ], "texture": "#particle" }
			}
		},
		{
			"from": [ 6, 14.5, 7.5 ],
			"to": [ 7, 15, 8.5 ],
			"faces": {
				"down": { "uv": [ 8, 11, 9, 12 ], "texture": "#particle" },
				"up": { "uv": [ 8, 11, 9, 12 ], "texture": "#particle" },
				"north": { "uv": [ 8, 0.5, 9, 1.5 ], "texture": "#particle" },
				"south": { "uv": [ 8, 0.5, 9, 1.5 ], "texture": "#particle" },
				"west": { "uv": [ 11, 0.5, 12, 1.5 ], "texture": "#particle" },
				"east": { "uv": [ 11, 0.5, 12, 1.5 ], "texture": "#particle" }
			}
		},
		{
			"from": [ 7.5, 14.5, 8.5 ],
			"to": [ 8.5, 15, 9.5 ],
			"faces": {
				"down": { "uv": [ 8, 11, 9, 12 ], "texture": "#particle" },
				"up": { "uv": [ 8, 11, 9, 12 ], "texture": "#particle" },
				"north": { "uv": [ 8, 0.5, 9, 1.5 ], "texture": "#particle" },
				"south": { "uv": [ 8, 0.5, 9, 1.5 ], "texture": "#particle" },
				"west": { "uv": [ 11, 0.5, 12, 1.5 ], "texture": "#particle" },
				"east": { "uv": [ 11, 0.5, 12, 1.5 ], "texture": "#particle" }
			}
		},
		{
			"from": [ 8, 14.5, 6.5 ],
			"to": [ 9, 15, 7.5 ],
			"faces": {
				"down": { "uv": [ 8, 11, 9, 12 ], "texture": "#particle" },
				"up": { "uv": [ 8, 11, 9, 12 ], "texture": "#particle" },
				"north": { "uv": [ 8, 0.5, 9, 1.5 ], "texture": "#particle" },
				"south": { "uv": [ 8, 0.5, 9, 1.5 ], "texture": "#particle" },
				"west": { "uv": [ 11, 0.5, 12, 1.5 ], "texture": "#particle" },
				"east": { "uv": [ 11, 0.5, 12, 1.5 ], "texture": "#particle" }
			}
		},
		{
			"from": [ 9, 14.5, 8 ],
			"to": [ 10, 15, 9 ],
			"faces": {
				"down": { "uv": [ 8, 11, 9, 12 ], "texture": "#particle" },
				"up": { "uv": [ 8, 11, 9, 12 ], "texture": "#particle" },
				"north": { "uv": [ 8, 0.5, 9, 1.5 ], "texture": "#particle" },
				"south": { "uv": [ 8, 0.5, 9, 1.5 ], "texture": "#particle" },
				"west": { "uv": [ 11, 0.5, 12, 1.5 ], "texture": "#particle" },
				"east": { "uv": [ 11, 0.5, 12, 1.5 ], "texture": "#particle" }
			}
		},
		{
			"from": [ 9.5, 14.5, 6 ],
			"to": [ 10.5, 15, 7 ],
			"faces": {
				"down": { "uv": [ 8, 11, 9, 12 ], "texture": "#particle" },
				"up": { "uv": [ 8, 11, 9, 12 ], "texture": "#particle" },
				"north": { "uv": [ 8, 0.5, 9, 1.5 ], "texture": "#particle" },
				"south": { "uv": [ 8, 0.5, 9, 1.5 ], "texture": "#particle" },
				"west": { "uv": [ 11, 0.5, 12, 1.5 ], "texture": "#particle" },
				"east": { "uv": [ 11, 0.5, 12, 1.5 ], "texture": "#particle" }
			}
		},
		{
			"from": [ 6.5, 14.5, 6 ],
			"to": [ 7.5, 15, 7 ],
			"faces": {
				"down": { "uv": [ 8, 11, 9, 12 ], "texture": "#particle" },
				"up": { "uv": [ 8, 11, 9, 12 ], "texture": "#particle" },
				"north": { "uv": [ 8, 0.5, 9, 1.5 ], "texture": "#particle" },
				"south": { "uv": [ 8, 0.5, 9, 1.5 ], "texture": "#particle" },
				"west": { "uv": [ 11, 0.5, 12, 1.5 ], "texture": "#particle" },
				"east": { "uv": [ 11, 0.5, 12, 1.5 ], "texture": "#particle" }
			}
		},
		{
			"from": [ 12.5, 11, 10 ],
			"to": [ 13.5, 12.5, 11.5 ],
			"faces": {
				"down": { "uv": [ 12.5, 9, 14.5, 11 ], "texture": "#particle" },
				"up": { "uv": [ 8, 10, 10, 12 ], "texture": "#particle" },
				"north": { "uv": [ 11, 3.5, 13, 4.5 ], "texture": "#particle" },
				"south": { "uv": [ 11, 3.5, 13, 4.5 ], "texture": "#particle" },
				"west": { "uv": [ 10, 3.5, 12, 4.5 ], "texture": "#particle" },
				"east": { "uv": [ 10, 3.5, 12, 4.5 ], "texture": "#particle" }
			}
		},
		{
			"from": [ 4, 11, 2.5 ],
			"to": [ 5.5, 12.5, 3.5 ],
			"faces": {
				"down": { "uv": [ 12.5, 9, 14.5, 11 ], "texture": "#particle" },
				"up": { "uv": [ 8, 10, 10, 12 ], "texture": "#particle" },
				"north": { "uv": [ 11, 3.5, 13, 4.5 ], "texture": "#particle" },
				"south": { "uv": [ 11, 3.5, 13, 4.5 ], "texture": "#particle" },
				"west": { "uv": [ 10, 3.5, 12, 4.5 ], "texture": "#particle" },
				"east": { "uv": [ 10, 3.5, 12, 4.5 ], "texture": "#particle" }
			}
		},
		{
			"from": [ 10, 11, 2.5 ],
			"to": [ 11, 12, 3.5 ],
			"faces": {
				"down": { "uv": [ 12.5, 9, 14.5, 11 ], "texture": "#particle" },
				"up": { "uv": [ 8, 10, 10, 12 ], "texture": "#particle" },
				"north": { "uv": [ 11, 3.5, 13, 4.5 ], "texture": "#particle" },
				"south": { "uv": [ 11, 3.5, 13, 4.5 ], "texture": "#particle" },
				"west": { "uv": [ 10, 3.5, 12, 4.5 ], "texture": "#particle" },
				"east": { "uv": [ 10, 3.5, 12, 4.5 ], "texture": "#particle" }
			}
		},
		{
			"from": [ 10, 11, 12.5 ],
			"to": [ 11, 12, 13.5 ],
			"faces": {
				"down": { "uv": [ 12.5, 9, 14.5, 11 ], "texture": "#particle" },
				"up": { "uv": [ 8, 10, 10, 12 ], "texture": "#particle" },
				"north": { "uv": [ 11, 3.5, 13, 4.5 ], "texture": "#particle" },
				"south": { "uv": [ 11, 3.5, 13, 4.5 ], "texture": "#particle" },
				"west": { "uv": [ 10, 3.5, 12, 4.5 ], "texture": "#particle" },
				"east": { "uv": [ 10, 3.5, 12, 4.5 ], "texture": "#particle" }
			}
		},
		{
			"from": [ 4.5, 11, 12.5 ],
			"to": [ 5.5, 12, 13.5 ],
			"faces": {
				"down": { "uv": [ 4.5, 12.5, 6, 13.5 ], "texture": "#particle" },
				"up": { "uv": [ 4.5, 12.5, 6, 13.5 ], "texture": "#particle" },
				"north": { "uv": [ 4, 6, 5.5, 7.5 ], "texture": "#particle" },
				"south": { "uv": [ 6, 4, 7.5, 5.5 ], "texture": "#particle" },
				"west": { "uv": [ 12.5, 4, 13.5, 5.5 ], "texture": "#particle" },
				"east": { "uv": [ 12.5, 4, 13.5, 5.5 ], "texture": "#particle" }
			}
		},
		{
			"from": [ 5.5, 11.0625, 12.5 ],
			"to": [ 6.5, 12.0625, 13.5 ],
			"faces": {
				"down": { "uv": [ 5.5, 12.5, 6.5, 13.5 ], "texture": "#particle" },
				"up": { "uv": [ 5.5, 12.5, 6.5, 13.5 ], "texture": "#particle" },
				"north": { "uv": [ 5.5, 5, 6.5, 6 ], "texture": "#particle" },
				"south": { "uv": [ 5.5, 5, 6.5, 6 ], "texture": "#particle" },
				"west": { "uv": [ 12.5, 5, 13.5, 6 ], "texture": "#particle" },
				"east": { "uv": [ 12.5, 5, 13.5, 6 ], "texture": "#particle" }
			}
		}
	],
	"display": {
		"thirdperson_righthand": {
			"rotation":  [ 40, 0, 0 ],
			"translation":  [ -2.086, 2.7826, 0 ],
			"scale":  [ 0.6, 0.6, 0.6 ]
		},
		"thirdperson_lefthand": {
			"rotation":  [ 40, 0, 0 ],
			"translation":  [ -2.086, 2.7826, 0 ],
			"scale":  [ 0.6, 0.6, 0.6 ]
		},
		"firstperson_righthand": {
			"translation":  [ 0, 1.3913, 0 ],
			"scale":  [ 0.5, 0.5, 0.5 ]
		},
		"firstperson_lefthand": {
			"translation":  [ 0, 1.3913, 0 ],
			"scale":  [ 0.5, 0.5, 0.5 ]
		},
		"gui": {
			"rotation":  [ 16, -23, 0 ],
			"scale":  [ 0.7, 0.7, 0.7 ]
		},
		"ground": {
			"translation":  [ 0, 2, 0 ],
			"scale":  [ 0.5, 0.5, 0.5 ]
		}
	}
}