{
    "parent": "block/cube",
	"display": {
        "head": {
            "rotation": [ 0, 0, 0 ],
            "translation": [ 0, 13, 0 ],
            "scale":[ 1, 1, 1 ]
        },
        "gui": {
            "rotation": [ 15, 15, 0 ],
            "translation": [ 0, 0, 0 ],
            "scale":[ 1, 1, 1 ]
        },
        "ground": {
            "rotation": [ 270, 0, 0 ],
            "translation": [ 0, 0, 0 ],
            "scale":[ 0.6, 0.6, 0.6 ]
        },
        "firstperson_righthand": {
            "rotation": [ 0, 0, 0 ],
            "translation": [ 0, 5, 0 ],
            "scale":[ 0.6, 0.6, 0.6 ]
        },
        "thirdperson_righthand": {
            "rotation": [ 45, 180, 0 ],
            "translation": [ 0, 3, 0 ],
            "scale":[ 0.6, 0.6, 0.6 ]
        }
    },
    "textures": {
		"white": "block/extra/r0_white",
        "pink": "block/extra/r0_pink"
    },
    "elements": [
        {   "from": [ 3, 1, 5 ],
            "to": [ 13, 15, 10 ],
            "faces": {
				"down":  { "texture": "#white" },
                "up":    { "texture": "#white" },
                "north": { "texture": "#white" },
                "south": { "texture": "#white" },
                "west":  { "texture": "#white" },
                "east":  { "texture": "#white" }
            }
        },
        {   "from": [ 1, 3, 5 ],
            "to": [ 3, 13, 10 ],
            "faces": {
				"down":  { "texture": "#white" },
                "up":    { "texture": "#white" },
                "north": { "texture": "#white" },
                "south": { "texture": "#white" },
                "west":  { "texture": "#white" },
                "east":  { "texture": "#white" }
            }
        },
        {   "from": [ 13, 3, 5 ],
            "to": [ 15, 13, 10 ],
            "faces": {
				"down":  { "texture": "#white" },
                "up":    { "texture": "#white" },
                "north": { "texture": "#white" },
                "south": { "texture": "#white" },
                "west":  { "texture": "#white" },
                "east":  { "texture": "#white" }
            }
        },
        {   "from": [ 7, 11, 10 ],
            "to": [ 9, 13, 11 ],
            "faces": {
				"down":  { "texture": "#pink" },
                "up":    { "texture": "#pink" },
                "north": { "texture": "#pink" },
                "south": { "texture": "#pink" },
                "west":  { "texture": "#pink" },
                "east":  { "texture": "#pink" }
            }
        },
        {   "from": [ 3, 9, 10 ],
            "to": [ 5, 11, 11 ],
            "faces": {
				"down":  { "texture": "#pink" },
                "up":    { "texture": "#pink" },
                "north": { "texture": "#pink" },
                "south": { "texture": "#pink" },
                "west":  { "texture": "#pink" },
                "east":  { "texture": "#pink" }
            }
        },
        {   "from": [ 11, 9, 10 ],
            "to": [ 13, 11, 11 ],
            "faces": {
				"down":  { "texture": "#pink" },
                "up":    { "texture": "#pink" },
                "north": { "texture": "#pink" },
                "south": { "texture": "#pink" },
                "west":  { "texture": "#pink" },
                "east":  { "texture": "#pink" }
            }
        },
        {   "from": [ 7, 7, 10 ],
            "to": [ 9, 9, 11 ],
            "faces": {
				"down":  { "texture": "#pink" },
                "up":    { "texture": "#pink" },
                "north": { "texture": "#pink" },
                "south": { "texture": "#pink" },
                "west":  { "texture": "#pink" },
                "east":  { "texture": "#pink" }
            }
        },
        {   "from": [ 5, 3, 10 ],
            "to": [ 11, 7, 11 ],
            "faces": {
				"down":  { "texture": "#pink" },
                "up":    { "texture": "#pink" },
                "north": { "texture": "#pink" },
                "south": { "texture": "#pink" },
                "west":  { "texture": "#pink" },
                "east":  { "texture": "#pink" }
            }
        }
	]
}
