{
    "parent": "block/cube",
	"display": {
        "head": {
            "rotation": [ 0, 0, 0 ],
            "translation": [ 0, -28, 0 ],
            "scale":[ 1, 1, 1 ]
        },
		"firstperson_righthand": {
            "rotation": [ 0, 0, 0 ],
            "translation": [ 0, 0, 0 ],
            "scale":[ 1, 1, 1 ]
        }
    },
    "textures": {
		"down": "block/extra/r5_cover",
        "up": "block/extra/r5_cover",
        "north": "block/extra/r5_cover",
        "east": "block/extra/r5_cover",
        "south": "block/extra/r5_cherry",
        "west": "block/extra/r5_cover"
    },
    "elements": [
        {   "from": [ 0, 0, 7.5 ],
            "to": [ 16, 16, 8.5 ],
            "faces": {
				"down":  { "uv": [ 0, 15, 16, 16 ], "texture": "#down", "cullface": "down" },
                "up":    { "uv": [ 0, 15, 16, 16 ], "texture": "#up", "cullface": "up" },
                "north": { "uv": [ 0, 0, 16, 16 ], "texture": "#north", "cullface": "north" },
                "south": { "uv": [ 0, 0, 16, 16 ], "texture": "#south", "cullface": "south" },
                "west":  { "uv": [ 0, 0, 1, 16 ], "texture": "#west", "cullface": "west" },
                "east":  { "uv": [ 0, 0, 1, 16 ], "texture": "#east", "cullface": "east" }
            }
        }
	]
}
