{
    "parent": "block/cube",
	"display": {
        "head": {
            "rotation": [ 0, 180, 0 ],
            "translation": [ 0, 13, 0],
            "scale":[ 1, 1, 1]
        }
    },
    "textures": {
		"down": "block/extra/r8_sign_top",
        "up": "block/extra/r8_sign_top",
        "north": "block/extra/r8_sign_back",
        "east": "block/extra/r8_sign_side",
        "south": "block/extra/r8_sign_front",
        "west": "block/extra/r8_sign_side"
    },
    "elements": [
        {   "from": [ -8, -8, 8 ],
            "to": [ 24, 24, 9 ],
            "faces": {
				"down":  { "uv": [ 0, 0, 16, 1 ], "texture": "#down", "cullface": "down" },
                "up":    { "uv": [ 0, 0, 16, 1 ], "texture": "#up", "cullface": "up" },
                "north": { "uv": [ 0, 0, 16, 16 ], "texture": "#north", "cullface": "north" },
                "south": { "uv": [ 0, 0, 16, 16 ], "texture": "#south", "cullface": "south" },
                "west":  { "uv": [ 0, 0, 1, 16 ], "texture": "#west", "cullface": "west" },
                "east":  { "uv": [ 0, 0, 1, 16 ], "texture": "#east", "cullface": "east" }
            }
        }
	]
}
