{
    "__comment": "designed by jellywayne",
    "textures": {
        "0": "block/extra/radio"
    },
    "elements": [
        {
            "name": "Cube",
            "from": [ 0.0, 0.0, 4.0 ], 
            "to": [ 16.0, 8.0, 12.0 ], 
            "faces": {
                "north": { "texture": "#0", "uv": [ 0.0, 0.0, 16.0, 8.0 ] },
                "east": { "texture": "#0", "uv": [ 0.0, 0.0, 8.0, 8.0 ] },
                "south": { "texture": "#0", "uv": [ 0.0, 8.0, 16.0, 16.0 ] },
                "west": { "texture": "#0", "uv": [ 0.0, 0.0, 8.0, 8.0 ] },
                "up": { "texture": "#0", "uv": [ 0.0, 0.0, 16.0, 8.0 ] },
                "down": { "texture": "#0", "uv": [ 0.0, 0.0, 16.0, 8.0 ] }
            }
        },
        {
            "name": "Cube",
            "from": [ 0.0, 8.0, 7.0 ], 
            "to": [ 1.0, 12.0, 9.0 ], 
            "faces": {
                "north": { "texture": "#0", "uv": [ 0.0, 0.0, 1.0, 4.0 ] },
                "east": { "texture": "#0", "uv": [ 0.0, 0.0, 2.0, 4.0 ] },
                "south": { "texture": "#0", "uv": [ 0.0, 0.0, 1.0, 4.0 ] },
                "west": { "texture": "#0", "uv": [ 0.0, 0.0, 2.0, 4.0 ] },
                "up": { "texture": "#0", "uv": [ 0.0, 0.0, 1.0, 2.0 ] },
                "down": { "texture": "#0", "uv": [ 0.0, 0.0, 1.0, 2.0 ] }
            }
        },
        {
            "name": "Cube",
            "from": [ 1.0, 11.0, 7.0 ], 
            "to": [ 15.0, 13.0, 9.0 ], 
            "faces": {
                "north": { "texture": "#0", "uv": [ 0.0, 0.0, 14.0, 2.0 ] },
                "east": { "texture": "#0", "uv": [ 0.0, 0.0, 2.0, 2.0 ] },
                "south": { "texture": "#0", "uv": [ 0.0, 0.0, 14.0, 2.0 ] },
                "west": { "texture": "#0", "uv": [ 0.0, 0.0, 2.0, 2.0 ] },
                "up": { "texture": "#0", "uv": [ 0.0, 0.0, 14.0, 2.0 ] },
                "down": { "texture": "#0", "uv": [ 0.0, 0.0, 14.0, 2.0 ] }
            }
        },
        {
            "name": "Cube",
            "from": [ 15.0, 8.0, 7.0 ], 
            "to": [ 16.0, 12.0, 9.0 ], 
            "faces": {
                "north": { "texture": "#0", "uv": [ 0.0, 0.0, 1.0, 4.0 ] },
                "east": { "texture": "#0", "uv": [ 0.0, 0.0, 2.0, 4.0 ] },
                "south": { "texture": "#0", "uv": [ 0.0, 0.0, 1.0, 4.0 ] },
                "west": { "texture": "#0", "uv": [ 0.0, 0.0, 2.0, 4.0 ] },
                "up": { "texture": "#0", "uv": [ 0.0, 0.0, 1.0, 2.0 ] },
                "down": { "texture": "#0", "uv": [ 0.0, 0.0, 1.0, 2.0 ] }
            }
        },
        {
            "name": "Cube",
            "from": [ 1.0, 10.0, 3.0 ], 
            "to": [ 19.0, 11.0, 4.0 ], 
            "rotation": { "origin": [ 8.0, 8.0, 8.0 ], "axis": "z", "angle": 22.5 },
            "faces": {
                "north": { "texture": "#0", "uv": [ 0.0, 0.0, 16.0, 1.0 ] },
                "east": { "texture": "#0", "uv": [ 0.0, 0.0, 1.0, 1.0 ] },
                "south": { "texture": "#0", "uv": [ 0.0, 0.0, 16.0, 1.0 ] },
                "west": { "texture": "#0", "uv": [ 0.0, 0.0, -1.0, 1.0 ] },
                "up": { "texture": "#0", "uv": [ 0.0, 0.0, 16.0, 1.0 ] },
                "down": { "texture": "#0", "uv": [ 0.0, 0.0, 16.0, 1.0 ] }
            }
        }
    ],
	"display": {
        "thirdperson_righthand": {
            "rotation": [ -90, 180, 0 ],
            "translation": [ -6, 0, 8 ],
            "scale": [ 1.0, 1.0, 1.0 ]
        }
    }
}