{
"__comment": "Designed by Ounceabgm with BDcraft Cubik PRO 1.00 for MC1.8 - http://bdcraft.net",
"textures": {
    "particle": "block/coal_block",
    "texture": "block/bone_block_side"
},
"elements": [ 
{
    "from": [ 0, 6, 2 ],
    "to": [ 16, 16.5, 6 ],
    "faces": {
        "down":  { "uv": [ 0, 0, 16, 5 ], "texture": "#texture" },
        "up":    { "uv": [ 0, 0, 16, 5 ], "texture": "#texture" },
        "north": { "uv": [ 0, 0, 16, 11 ], "texture": "#texture" },
        "south": { "uv": [ 0, 0, 16, 11 ], "texture": "#texture" },
        "west":  { "uv": [ 0, 0, 5, 11 ], "texture": "#texture" },
        "east":  { "uv": [ 0, 0, 5, 11 ], "texture": "#texture" }
    }
},
{
    "from": [ 0, 6, 6 ],
    "to": [ 16, 8.5, 17 ],
    "faces": {
        "down":  { "uv": [ 0, 0, 16, 5 ], "texture": "#texture" },
        "up":    { "uv": [ 0, 0, 16, 5 ], "texture": "#texture" },
        "north": { "uv": [ 0, 0, 16, 10 ], "texture": "#texture" },
        "south": { "uv": [ 0, 0, 16, 10 ], "texture": "#texture" },
        "west":  { "uv": [ 0, 0, 5, 10 ], "texture": "#texture" },
        "east":  { "uv": [ 0, 0, 5, 10 ], "texture": "#texture" }
    }
},
{
    "from": [ 0, 0, 2 ],
    "to": [ 16, 6, 14 ],
    "faces": {
        "down":  { "uv": [ 0, 0, 16, 14 ], "texture": "#particle" },
        "up":    { "uv": [ 0, 0, 16, 14 ], "texture": "#particle" },
        "north": { "uv": [ 0, 10, 16, 16 ], "texture": "#particle" },
        "south": { "uv": [ 0, 10, 16, 16 ], "texture": "#particle" },
        "west":  { "uv": [ 0, 10, 14, 16 ], "texture": "#particle" },
        "east":  { "uv": [ 0, 10, 14, 16 ], "texture": "#particle" }
    }
},
{
    "from": [ 0.0625, 0.75, 13.3125 ],
    "to": [ 15.9375, 7.3125, 16.8125 ],
    "rotation": { "origin": [ 0.0625, 7.3125, 13.3125 ], "axis": "x", "angle": 22.5 },
    "faces": {
        "down":  { "uv": [ 0, 0, 16, 14 ], "texture": "#particle" },
        "up":    { "uv": [ 0, 0, 16, 14 ], "texture": "#particle" },
        "north": { "uv": [ 0, 10, 16, 16 ], "texture": "#particle" },
        "south": { "uv": [ 0, 10, 16, 16 ], "texture": "#particle" },
        "west":  { "uv": [ 0, 10, 14, 16 ], "texture": "#particle" },
        "east":  { "uv": [ 0, 10, 14, 16 ], "texture": "#particle" }
    }
}
],
"display": {
    "head": {
        "rotation": [ 0, 0, 0 ],
        "translation": [ 0, -27, 0 ],
        "scale": [ 1.6, 2, 2 ]
    }
}
}