{
    "__comment": "Model generated using MrCrayfish's Model Creator (http://mrcrayfish.com/modelcreator/)",
    "textures": {
        "0": "block/extra/metal_0",
        "1": "block/extra/metal_1"
    },
    "elements": [
        {
            "name": "Cube",
            "from": [ 7.0, 0.0, 7.0 ], 
            "to": [ 9.0, 16.0, 9.0 ], 
            "faces": {
                "north": { "texture": "#0", "uv": [ 0.0, 0.0, 8.0, 8.0 ] },
                "east": { "texture": "#0", "uv": [ 0.0, 0.0, 8.0, 8.0 ] },
                "south": { "texture": "#0", "uv": [ 0.0, 0.0, 8.0, 8.0 ] },
                "west": { "texture": "#0", "uv": [ 0.0, 0.0, 8.0, 8.0 ] },
                "up": { "texture": "#1", "uv": [ 10.0, 0.0, 12.0, 2.0 ] },
                "down": { "texture": "#1", "uv": [ 10.0, 0.0, 12.0, 2.0 ] }
            }
        },
        {
            "name": "Cube",
            "from": [ 0.0, 14.0, 7.5 ], 
            "to": [ 16.0, 15.0, 8.5 ], 
            "faces": {
                "north": { "texture": "#0", "uv": [ 0.0, 0.0, 8.0, 8.0 ] },
                "east": { "texture": "#1", "uv": [ 10.0, 0.0, 12.0, 2.0 ] },
                "south": { "texture": "#0", "uv": [ 0.0, 0.0, 8.0, 8.0 ] },
                "west": { "texture": "#1", "uv": [ 10.0, 0.0, 12.0, 2.0 ] },
                "up": { "texture": "#0", "uv": [ 0.0, 0.0, 8.0, 8.0 ] },
                "down": { "texture": "#0", "uv": [ 0.0, 0.0, 8.0, 8.0 ] }
            }
        },
        {
            "name": "Cube",
            "from": [ 0.0, 14.0, 7.5 ], 
            "to": [ 16.0, 15.0, 8.5 ], 
            "rotation": { "origin": [ 8.0, 8.0, 8.0 ], "axis": "y", "angle": -45.0 },
            "faces": {
                "north": { "texture": "#0", "uv": [ 0.0, 0.0, 8.0, 8.0 ] },
                "east": { "texture": "#1", "uv": [ 10.0, 0.0, 12.0, 2.0 ] },
                "south": { "texture": "#0", "uv": [ 0.0, 0.0, 8.0, 8.0 ] },
                "west": { "texture": "#1", "uv": [ 10.0, 0.0, 12.0, 2.0 ] },
                "up": { "texture": "#0", "uv": [ 0.0, 0.0, 8.0, 8.0 ] },
                "down": { "texture": "#0", "uv": [ 0.0, 0.0, 8.0, 8.0 ] }
            }
        },
        {
            "name": "Cube",
            "from": [ 0.0, 14.0, 7.5 ], 
            "to": [ 16.0, 15.0, 8.5 ], 
            "rotation": { "origin": [ 8.0, 8.0, 8.0 ], "axis": "y", "angle": 45.0 },
            "faces": {
                "north": { "texture": "#0", "uv": [ 0.0, 0.0, 8.0, 8.0 ] },
                "east": { "texture": "#1", "uv": [ 10.0, 0.0, 12.0, 2.0 ] },
                "south": { "texture": "#0", "uv": [ 0.0, 0.0, 8.0, 8.0 ] },
                "west": { "texture": "#1", "uv": [ 10.0, 0.0, 12.0, 2.0 ] },
                "up": { "texture": "#0", "uv": [ 0.0, 0.0, 8.0, 8.0 ] },
                "down": { "texture": "#0", "uv": [ 0.0, 0.0, 8.0, 8.0 ] }
            }
        },
        {
            "name": "Cube",
            "from": [ 7.5, 14.0, 0.0 ], 
            "to": [ 8.5, 15.0, 16.0 ], 
            "faces": {
                "north": { "texture": "#1", "uv": [ 10.0, 0.0, 12.0, 2.0 ] },
                "east": { "texture": "#0", "uv": [ 0.0, 0.0, 8.0, 8.0 ] },
                "south": { "texture": "#1", "uv": [ 10.0, 0.0, 12.0, 2.0 ] },
                "west": { "texture": "#0", "uv": [ 0.0, 0.0, 8.0, 8.0 ] },
                "up": { "texture": "#0", "uv": [ 0.0, 0.0, 8.0, 8.0 ] },
                "down": { "texture": "#0", "uv": [ 0.0, 0.0, 8.0, 8.0 ] }
            }
        },
        {
            "name": "Cube",
            "from": [ 5.0, 13.7, 0.5 ], 
            "to": [ 11.0, 15.2, 2.0 ], 
            "faces": {
                "north": { "texture": "#1", "uv": [ 2.0, 0.0, 4.0, 1.5 ] },
                "east": { "texture": "#1", "uv": [ 2.0, 0.0, 3.5, 1.5 ] },
                "south": { "texture": "#1", "uv": [ 2.0, 0.0, 4.0, 1.5 ] },
                "west": { "texture": "#1", "uv": [ 2.0, 0.0, 3.5, 1.5 ] },
                "up": { "texture": "#1", "uv": [ 2.0, 0.0, 4.0, 1.5 ] },
                "down": { "texture": "#1", "uv": [ 2.0, 0.0, 4.0, 1.5 ] }
            }
        },
        {
            "name": "Cube",
            "from": [ 5.0, 13.8, 0.5 ], 
            "to": [ 11.0, 15.3, 2.0 ], 
            "rotation": { "origin": [ 8.0, 8.0, 8.0 ], "axis": "y", "angle": 45.0 },
            "faces": {
                "north": { "texture": "#1", "uv": [ 2.0, 0.0, 4.0, 1.5 ] },
                "east": { "texture": "#1", "uv": [ 2.0, 0.0, 3.5, 1.5 ] },
                "south": { "texture": "#1", "uv": [ 2.0, 0.0, 4.0, 1.5 ] },
                "west": { "texture": "#1", "uv": [ 2.0, 0.0, 3.5, 1.5 ] },
                "up": { "texture": "#1", "uv": [ 2.0, 0.0, 4.0, 1.5 ] },
                "down": { "texture": "#1", "uv": [ 2.0, 0.0, 4.0, 1.5 ] }
            }
        },
        {
            "name": "Cube",
            "from": [ 5.0, 13.8, 0.5 ], 
            "to": [ 11.0, 15.3, 2.0 ], 
            "rotation": { "origin": [ 8.0, 8.0, 8.0 ], "axis": "y", "angle": -45.0 },
            "faces": {
                "north": { "texture": "#1", "uv": [ 2.0, 0.0, 4.0, 1.5 ] },
                "east": { "texture": "#1", "uv": [ 2.0, 0.0, 3.5, 1.5 ] },
                "south": { "texture": "#1", "uv": [ 2.0, 0.0, 4.0, 1.5 ] },
                "west": { "texture": "#1", "uv": [ 2.0, 0.0, 3.5, 1.5 ] },
                "up": { "texture": "#1", "uv": [ 2.0, 0.0, 4.0, 1.5 ] },
                "down": { "texture": "#1", "uv": [ 2.0, 0.0, 4.0, 1.5 ] }
            }
        },
        {
            "name": "Cube",
            "from": [ 5.0, 13.7, 14.0 ], 
            "to": [ 11.0, 15.2, 15.5 ], 
            "faces": {
                "north": { "texture": "#1", "uv": [ 2.0, 0.0, 4.0, 1.5 ] },
                "east": { "texture": "#1", "uv": [ 2.0, 0.0, 3.5, 1.5 ] },
                "south": { "texture": "#1", "uv": [ 2.0, 0.0, 4.0, 1.5 ] },
                "west": { "texture": "#1", "uv": [ 2.0, 0.0, 3.5, 1.5 ] },
                "up": { "texture": "#1", "uv": [ 2.0, 0.0, 4.0, 1.5 ] },
                "down": { "texture": "#1", "uv": [ 2.0, 0.0, 4.0, 1.5 ] }
            }
        },
        {
            "name": "Cube",
            "from": [ 5.0, 13.8, 14.0 ], 
            "to": [ 11.0, 15.3, 15.5 ], 
            "rotation": { "origin": [ 8.0, 8.0, 8.0 ], "axis": "y", "angle": -45.0 },
            "faces": {
                "north": { "texture": "#1", "uv": [ 2.0, 0.0, 4.0, 1.5 ] },
                "east": { "texture": "#1", "uv": [ 2.0, 0.0, 3.5, 1.5 ] },
                "south": { "texture": "#1", "uv": [ 2.0, 0.0, 4.0, 1.5 ] },
                "west": { "texture": "#1", "uv": [ 2.0, 0.0, 3.5, 1.5 ] },
                "up": { "texture": "#1", "uv": [ 2.0, 0.0, 4.0, 1.5 ] },
                "down": { "texture": "#1", "uv": [ 2.0, 0.0, 4.0, 1.5 ] }
            }
        },
        {
            "name": "Cube",
            "from": [ 5.0, 13.8, 14.0 ], 
            "to": [ 11.0, 15.3, 15.5 ], 
            "rotation": { "origin": [ 8.0, 8.0, 8.0 ], "axis": "y", "angle": 45.0 },
            "faces": {
                "north": { "texture": "#1", "uv": [ 2.0, 0.0, 4.0, 1.5 ] },
                "east": { "texture": "#1", "uv": [ 2.0, 0.0, 3.5, 1.5 ] },
                "south": { "texture": "#1", "uv": [ 2.0, 0.0, 4.0, 1.5 ] },
                "west": { "texture": "#1", "uv": [ 2.0, 0.0, 3.5, 1.5 ] },
                "up": { "texture": "#1", "uv": [ 2.0, 0.0, 4.0, 1.5 ] },
                "down": { "texture": "#1", "uv": [ 2.0, 0.0, 4.0, 1.5 ] }
            }
        },
        {
            "name": "Cube",
            "from": [ 0.5, 13.7, 5.0 ], 
            "to": [ 2.0, 15.2, 11.0 ], 
            "faces": {
                "north": { "texture": "#1", "uv": [ 2.0, 0.0, 3.5, 1.5 ] },
                "east": { "texture": "#1", "uv": [ 2.0, 0.0, 4.0, 1.5 ] },
                "south": { "texture": "#1", "uv": [ 2.0, 0.0, 3.5, 1.5 ] },
                "west": { "texture": "#1", "uv": [ 2.0, 0.0, 4.0, 1.5 ] },
                "up": { "texture": "#1", "uv": [ 2.0, 0.0, 3.5, 2.0 ] },
                "down": { "texture": "#1", "uv": [ 2.0, 0.0, 3.5, 2.0 ] }
            }
        },
        {
            "name": "Cube",
            "from": [ 14.0, 13.7, 5.0 ], 
            "to": [ 15.5, 15.2, 11.0 ], 
            "faces": {
                "north": { "texture": "#1", "uv": [ 2.0, 0.0, 3.5, 1.5 ] },
                "east": { "texture": "#1", "uv": [ 2.0, 0.0, 4.0, 1.5 ] },
                "south": { "texture": "#1", "uv": [ 2.0, 0.0, 3.5, 1.5 ] },
                "west": { "texture": "#1", "uv": [ 2.0, 0.0, 4.0, 1.5 ] },
                "up": { "texture": "#1", "uv": [ 2.0, 0.0, 3.5, 2.0 ] },
                "down": { "texture": "#1", "uv": [ 2.0, 0.0, 3.5, 2.0 ] }
            }
        }
    ],
    "display": {
        "head": {
            "rotation": [ 0, 0, 0 ],
            "translation": [ 0, -40, 0],
            "scale":[ 1, 1, 1]
        }
    }
}