{
    "__comment": "Model generated using MrCrayfish's Model Creator (http://mrcrayfish.com/modelcreator/)",
    "textures": {
        "0": "block/extra/shadow01"
    },
    "elements": [
        {
            "name": "Cube",
            "from": [ -8.1, 4.4, 5.5 ], 
            "to": [ -0.09999999999999964, 13.4, 13.5 ], 
            "faces": {
                "north": { "texture": "#0", "uv": [ 0.0, 2.0, 2.0, 4.0 ], "rotation": 90 },
                "east": { "texture": "#0", "uv": [ 4.0, 0.0, 6.0, 2.0 ], "rotation": 180 },
                "south": { "texture": "#0", "uv": [ 6.0, 2.0, 8.0, 4.0 ], "rotation": 270 },
                "west": { "texture": "#0", "uv": [ 2.0, 0.0, 4.0, 2.0 ] },
                "up": { "texture": "#0", "uv": [ 2.0, 2.0, 4.0, 4.0 ], "rotation": 270 },
                "down": { "texture": "#0", "uv": [ 6.0, 2.0, 8.0, 4.0 ], "rotation": 270 }
            }
        },
        {
            "name": "Cube",
            "from": [ -8.6, 3.9000000000000004, 5.0 ], 
            "to": [ 0.40000000000000036, 13.9, 14.0 ], 
            "faces": {
                "north": { "texture": "#0", "uv": [ 12.0, 2.0, 14.0, 4.0 ], "rotation": 90 },
                "east": { "texture": "#0", "uv": [ 0.0, 14.0, 2.0, 16.0 ] },
                "south": { "texture": "#0", "uv": [ 8.0, 2.0, 10.0, 4.0 ], "rotation": 270 },
                "west": { "texture": "#0", "uv": [ 10.0, 0.0, 12.0, 2.0 ], "rotation": 180 },
                "up": { "texture": "#0", "uv": [ 10.0, 2.0, 12.0, 4.0 ], "rotation": 270 },
                "down": { "texture": "#0", "uv": [ 0.0, 11.0, 2.0, 13.0 ] }
            }
        },
        {
            "name": "Cube",
            "from": [ 0.0, 7.0, 5.5 ], 
            "to": [ 12.0, 11.0, 13.5 ], 
            "faces": {
                "north": { "texture": "#0", "uv": [ 7.0, 5.0, 8.0, 8.0 ], "rotation": 90 },
                "east": { "texture": "#0", "uv": [ 7.0, 4.0, 9.0, 5.0 ] },
                "south": { "texture": "#0", "uv": [ 4.0, 5.0, 5.0, 8.0 ], "rotation": 270 },
                "west": { "texture": "#0", "uv": [ 5.0, 4.0, 7.0, 5.0 ], "rotation": 180 },
                "up": { "texture": "#0", "uv": [ 5.0, 5.0, 7.0, 8.0 ], "rotation": 270 },
                "down": { "texture": "#0", "uv": [ 8.0, 5.0, 10.0, 8.0 ], "rotation": 270 }
            }
        },
        {
            "name": "Cube",
            "from": [ 2.0, 7.0, 0.0 ], 
            "to": [ 14.0, 11.0, 4.0 ], 
            "rotation": { "origin": [ 8.0, 8.0, 8.0 ], "axis": "y", "angle": 22.5 },
            "faces": {
                "north": { "texture": "#0", "uv": [ 10.0, 5.0, 11.0, 8.0 ], "rotation": 90 },
                "east": { "texture": "#0", "uv": [ 12.0, 4.0, 13.0, 5.0 ] },
                "south": { "texture": "#0", "uv": [ 11.0, 5.0, 12.0, 8.0 ], "rotation": 270 },
                "west": { "texture": "#0", "uv": [ 11.0, 4.0, 12.0, 5.0 ] },
                "up": { "texture": "#0", "uv": [ 12.0, 5.0, 13.0, 8.0 ], "rotation": 270 },
                "down": { "texture": "#0", "uv": [ 12.0, 5.0, 13.0, 8.0 ], "rotation": 270 }
            }
        },
        {
            "name": "Cube",
            "from": [ 12.0, 7.0, 9.5 ], 
            "to": [ 24.0, 11.0, 13.5 ], 
            "faces": {
                "north": { "texture": "#0", "uv": [ 0.0, 5.0, 1.0, 8.0 ], "rotation": 90 },
                "east": { "texture": "#0", "uv": [ 6.0, 12.0, 7.0, 13.0 ] },
                "south": { "texture": "#0", "uv": [ 0.0, 5.0, 1.0, 8.0 ], "rotation": 270 },
                "west": { "texture": "#0", "uv": [ 1.0, 4.0, 2.0, 5.0 ] },
                "up": { "texture": "#0", "uv": [ 5.0, 13.0, 6.0, 16.0 ], "rotation": 270 },
                "down": { "texture": "#0", "uv": [ 3.0, 5.0, 4.0, 8.0 ], "rotation": 270 }
            }
        },
        {
            "name": "Cube",
            "from": [ 0.0, 6.8, 5.5 ], 
            "to": [ 7.0, 11.2, 13.5 ], 
            "faces": {
                "north": { "texture": "#0", "uv": [ 7.0, 9.0, 8.0, 11.4 ], "rotation": 90 },
                "east": { "texture": "#0", "uv": [ 0.0, 10.0, 2.0, 11.4 ] },
                "south": { "texture": "#0", "uv": [ 4.0, 9.0, 5.0, 11.4 ], "rotation": 270 },
                "west": { "texture": "#0", "uv": [ 5.0, 8.0, 7.0, 9.0 ], "rotation": 180 },
                "up": { "texture": "#0", "uv": [ 5.0, 9.0, 7.0, 12.0 ], "rotation": 270 },
                "down": { "texture": "#0", "uv": [ 8.0, 9.0, 10.0, 11.0 ], "rotation": 270 }
            }
        },
        {
            "name": "Cube",
            "from": [ 3.0, 7.0, 15.0 ], 
            "to": [ 15.0, 11.0, 19.0 ], 
            "rotation": { "origin": [ 8.0, 8.0, 8.0 ], "axis": "y", "angle": -22.5 },
            "faces": {
                "north": { "texture": "#0", "uv": [ 11.0, 5.0, 12.0, 8.0 ], "rotation": 90 },
                "east": { "texture": "#0", "uv": [ 12.0, 4.0, 13.0, 5.0 ] },
                "south": { "texture": "#0", "uv": [ 10.0, 5.0, 11.0, 8.0 ], "rotation": 270 },
                "west": { "texture": "#0", "uv": [ 11.0, 4.0, 12.0, 5.0 ] },
                "up": { "texture": "#0", "uv": [ 12.0, 5.0, 13.0, 8.0 ], "rotation": 270 },
                "down": { "texture": "#0", "uv": [ 12.0, 5.0, 13.0, 8.0 ], "rotation": 270 }
            }
        },
        {
            "name": "Cube",
            "from": [ 12.0, 7.0, 5.5 ], 
            "to": [ 24.0, 11.0, 9.5 ], 
            "faces": {
                "north": { "texture": "#0", "uv": [ 0.0, 5.0, 1.0, 8.0 ], "rotation": 90 },
                "east": { "texture": "#0", "uv": [ 6.0, 12.0, 7.0, 13.0 ] },
                "south": { "texture": "#0", "uv": [ 0.0, 5.0, 1.0, 8.0 ], "rotation": 270 },
                "west": { "texture": "#0", "uv": [ 1.0, 4.0, 2.0, 5.0 ] },
                "up": { "texture": "#0", "uv": [ 5.0, 13.0, 6.0, 16.0 ], "rotation": 270 },
                "down": { "texture": "#0", "uv": [ 3.0, 5.0, 4.0, 8.0 ], "rotation": 270 }
            }
        }
    ]
}