{
    "__comment": "Model generated using MrCrayfish's Model Creator (http://mrcrayfish.com/modelcreator/)",
    "textures": {
        "0": "block/oak_planks",
        "1": "item/saddle",
        "2": "item/carrot_on_a_stick"
    },
    "elements": [
        {
            "name": "Cube",
            "from": [ 0.0, 0.0, 0.0 ], 
            "to": [ 16.0, 1.0, 15.0 ], 
            "faces": {
                "north": { "texture": "#0", "uv": [ 0.0, 0.0, 16.0, 1.0 ] },
                "east": { "texture": "#0", "uv": [ 0.0, 0.0, 15.0, 1.0 ] },
                "south": { "texture": "#0", "uv": [ 0.0, 0.0, 16.0, 1.0 ] },
                "west": { "texture": "#0", "uv": [ 0.0, 0.0, 15.0, 1.0 ] },
                "up": { "texture": "#0", "uv": [ 0.0, 0.0, 16.0, 15.0 ] },
                "down": { "texture": "#0", "uv": [ 0.0, 0.0, 16.0, 15.0 ] }
            }
        },
        {
            "name": "Cube",
            "from": [ 16.0, 0.0, 0.0 ], 
            "to": [ 32.0, 1.0, 15.0 ], 
            "faces": {
                "north": { "texture": "#0", "uv": [ 0.0, 0.0, 16.0, 1.0 ] },
                "east": { "texture": "#0", "uv": [ 0.0, 0.0, 15.0, 1.0 ] },
                "south": { "texture": "#0", "uv": [ 0.0, 0.0, 16.0, 1.0 ] },
                "west": { "texture": "#0", "uv": [ 0.0, 0.0, 15.0, 1.0 ] },
                "up": { "texture": "#0", "uv": [ 0.0, 0.0, 16.0, 15.0 ] },
                "down": { "texture": "#0", "uv": [ 0.0, 0.0, 16.0, 15.0 ] }
            }
        },
        {
            "name": "Cube",
            "from": [ 1.0, 0.0, 15.0 ], 
            "to": [ 16.0, 12.0, 16.0 ], 
            "faces": {
                "north": { "texture": "#0", "uv": [ 0.0, 0.0, 15.0, 12.0 ] },
                "east": { "texture": "#0", "uv": [ 0.0, 0.0, 1.0, 12.0 ] },
                "south": { "texture": "#0", "uv": [ 0.0, 0.0, 15.0, 12.0 ], "rotation": 180 },
                "west": { "texture": "#0", "uv": [ 0.0, 0.0, 1.0, 12.0 ], "rotation": 180 },
                "up": { "texture": "#0", "uv": [ 0.0, 0.0, 15.0, 1.0 ] },
                "down": { "texture": "#0", "uv": [ 0.0, 0.0, 15.0, 1.0 ] }
            }
        },
        {
            "name": "Cube",
            "from": [ 16.0, 0.0, 15.0 ], 
            "to": [ 31.0, 12.0, 16.0 ], 
            "faces": {
                "north": { "texture": "#0", "uv": [ 0.0, 0.0, 15.0, 12.0 ] },
                "east": { "texture": "#0", "uv": [ 0.0, 0.0, 1.0, 12.0 ], "rotation": 180 },
                "south": { "texture": "#0", "uv": [ 0.0, 0.0, 15.0, 12.0 ], "rotation": 180 },
                "west": { "texture": "#0", "uv": [ 0.0, 0.0, 1.0, 12.0 ] },
                "up": { "texture": "#0", "uv": [ 0.0, 0.0, 15.0, 1.0 ] },
                "down": { "texture": "#0", "uv": [ 0.0, 0.0, 15.0, 1.0 ] }
            }
        },
        {
            "name": "Cube",
            "from": [ 0.0, 1.0, 0.0 ], 
            "to": [ 1.0, 12.0, 15.0 ], 
            "faces": {
                "north": { "texture": "#0", "uv": [ 0.0, 1.0, 1.0, 12.0 ], "rotation": 180 },
                "east": { "texture": "#0", "uv": [ 0.0, 0.0, 15.0, 11.0 ] },
                "south": { "texture": "#0", "uv": [ 0.0, 1.0, 1.0, 12.0 ], "rotation": 180 },
                "west": { "texture": "#0", "uv": [ 0.0, 1.0, 15.0, 12.0 ], "rotation": 180 },
                "up": { "texture": "#0", "uv": [ 0.0, 0.0, 15.0, 1.0 ], "rotation": 90 },
                "down": { "texture": "#0", "uv": [ 0.0, 0.0, 1.0, 15.0 ] }
            }
        },
        {
            "name": "Cube",
            "from": [ 31.0, 1.0, 0.0 ], 
            "to": [ 32.0, 12.0, 15.0 ], 
            "faces": {
                "north": { "texture": "#0", "uv": [ 0.0, 1.0, 1.0, 12.0 ], "rotation": 180 },
                "east": { "texture": "#0", "uv": [ 0.0, 1.0, 15.0, 12.0 ], "rotation": 180 },
                "south": { "texture": "#0", "uv": [ 0.0, 1.0, 1.0, 12.0 ], "rotation": 180 },
                "west": { "texture": "#0", "uv": [ 0.0, 0.0, 15.0, 11.0 ] },
                "up": { "texture": "#0", "uv": [ 0.0, 0.0, 15.0, 1.0 ], "rotation": 90 },
                "down": { "texture": "#0", "uv": [ 0.0, 0.0, 1.0, 15.0 ] }
            }
        },
        {
            "name": "Cube",
            "from": [ 1.0, 9.0, 7.0 ], 
            "to": [ 16.0, 11.0, 15.0 ], 
            "faces": {
                "north": { "texture": "#0", "uv": [ 0.0, 0.0, 15.0, 2.0 ] },
                "east": { "texture": "#0", "uv": [ 0.0, 0.0, 8.0, 2.0 ] },
                "south": { "texture": "#0", "uv": [ 0.0, 0.0, 15.0, 2.0 ] },
                "west": { "texture": "#0", "uv": [ 0.0, 0.0, 8.0, 2.0 ] },
                "up": { "texture": "#0", "uv": [ 0.0, 0.0, 15.0, 8.0 ] },
                "down": { "texture": "#0", "uv": [ 0.0, 0.0, 15.0, 8.0 ] }
            }
        },
        {
            "name": "Cube",
            "from": [ 16.0, 9.0, 7.0 ], 
            "to": [ 31.0, 11.0, 15.0 ], 
            "faces": {
                "north": { "texture": "#0", "uv": [ 0.0, 0.0, 15.0, 2.0 ] },
                "east": { "texture": "#0", "uv": [ 0.0, 0.0, 8.0, 2.0 ] },
                "south": { "texture": "#0", "uv": [ 0.0, 0.0, 15.0, 2.0 ] },
                "west": { "texture": "#0", "uv": [ 0.0, 0.0, 8.0, 2.0 ] },
                "up": { "texture": "#0", "uv": [ 0.0, 0.0, 15.0, 8.0 ] },
                "down": { "texture": "#0", "uv": [ 0.0, 0.0, 15.0, 8.0 ] }
            }
        },
        {
            "name": "Cube",
            "from": [ 4.0, 11.0, 7.0 ], 
            "to": [ 12.0, 11.1, 15.0 ], 
            "faces": {
                "north": { "texture": "#1", "uv": [ 0.0, 0.0, 8.0, 0.1 ] },
                "east": { "texture": "#1", "uv": [ 0.0, 0.0, 8.0, 0.1 ] },
                "south": { "texture": "#1", "uv": [ 0.0, 0.0, 8.0, 0.1 ] },
                "west": { "texture": "#1", "uv": [ 0.0, 0.0, 8.0, 0.1 ] },
                "up": { "texture": "#1", "uv": [ 0.0, 0.0, 16.0, 16.0 ] },
                "down": { "texture": "#1", "uv": [ 0.0, 0.0, 1.0, 8.0 ] }
            }
        },
        {
            "name": "Cube",
            "from": [ 19.0, 11.0, 7.0 ], 
            "to": [ 27.0, 11.1, 15.0 ], 
            "faces": {
                "north": { "texture": "#1", "uv": [ 0.0, 0.0, 8.0, 0.1 ] },
                "east": { "texture": "#1", "uv": [ 0.0, 0.0, 8.0, 0.1 ] },
                "south": { "texture": "#1", "uv": [ 0.0, 0.0, 8.0, 0.1 ] },
                "west": { "texture": "#1", "uv": [ 0.0, 0.0, 8.0, 0.1 ] },
                "up": { "texture": "#1", "uv": [ 0.0, 0.0, 16.0, 16.0 ] },
                "down": { "texture": "#1", "uv": [ 0.0, 0.0, 1.0, 8.0 ] }
            }
        },
        {
            "name": "Cube",
            "from": [ 3.0, 9.0, 0.0 ], 
            "to": [ 15.0, 21.0, 0.1 ], 
            "faces": {
                "north": { "texture": "#1", "uv": [ 0.0, 0.0, 1.0, 12.0 ] },
                "east": { "texture": "#1", "uv": [ 0.0, 0.0, 0.1, 12.0 ] },
                "south": { "texture": "#2", "uv": [ 0.0, 0.0, 16.0, 16.0 ] },
                "west": { "texture": "#1", "uv": [ 0.0, 0.0, 0.1, 12.0 ] },
                "up": { "texture": "#1", "uv": [ 0.0, 0.0, 12.0, 0.1 ] },
                "down": { "texture": "#1", "uv": [ 0.0, 0.0, 12.0, 0.1 ] }
            }
        },
        {
            "name": "Cube",
            "from": [ 17.0, 9.0, 0.0 ], 
            "to": [ 29.0, 21.0, 0.1 ], 
            "faces": {
                "north": { "texture": "#1", "uv": [ 0.0, 0.0, 1.0, 12.0 ] },
                "east": { "texture": "#1", "uv": [ 0.0, 0.0, 0.1, 12.0 ] },
                "south": { "texture": "#2", "uv": [ 0.0, 0.0, 16.0, 16.0 ] },
                "west": { "texture": "#1", "uv": [ 0.0, 0.0, 0.1, 12.0 ] },
                "up": { "texture": "#1", "uv": [ 0.0, 0.0, 12.0, 0.1 ] },
                "down": { "texture": "#1", "uv": [ 0.0, 0.0, 12.0, 0.1 ] }
            }
        },
        {
            "name": "Cube",
            "from": [ 9.8, 13.2, 0.0 ], 
            "to": [ 10.8, 14.2, 0.3 ], 
            "faces": {
                "north": { "texture": "#0", "uv": [ 0.0, 0.0, 1.0, 1.0 ], "rotation": 90 },
                "east": { "texture": "#0", "uv": [ 0.0, 0.0, 0.3, 1.0 ] },
                "south": { "texture": "#0", "uv": [ 0.0, 0.0, 1.0, 1.0 ] },
                "west": { "texture": "#0", "uv": [ 0.0, 0.0, 0.3, 1.0 ] },
                "up": { "texture": "#0", "uv": [ 0.0, 0.0, 1.0, 0.3 ] },
                "down": { "texture": "#0", "uv": [ 0.0, 0.0, 1.0, 0.3 ] }
            }
        },
        {
            "name": "Cube",
            "from": [ 7.2, 15.0, 0.0 ], 
            "to": [ 8.2, 16.0, 0.3 ], 
            "faces": {
                "north": { "texture": "#0", "uv": [ 0.0, 0.0, 1.0, 1.0 ] },
                "east": { "texture": "#0", "uv": [ 0.0, 0.0, 0.3, 1.0 ] },
                "south": { "texture": "#0", "uv": [ 0.0, 0.0, 1.0, 1.0 ] },
                "west": { "texture": "#0", "uv": [ 0.0, 0.0, 0.3, 1.0 ] },
                "up": { "texture": "#0", "uv": [ 0.0, 0.0, 1.0, 0.3 ] },
                "down": { "texture": "#0", "uv": [ 0.0, 0.0, 1.0, 0.3 ] }
            }
        },
        {
            "name": "Cube",
            "from": [ 21.2, 15.0, 0.0 ], 
            "to": [ 22.2, 16.0, 0.3 ], 
            "faces": {
                "north": { "texture": "#0", "uv": [ 0.0, 0.0, 1.0, 1.0 ] },
                "east": { "texture": "#0", "uv": [ 0.0, 0.0, 0.3, 1.0 ] },
                "south": { "texture": "#0", "uv": [ 0.0, 0.0, 1.0, 1.0 ] },
                "west": { "texture": "#0", "uv": [ 0.0, 0.0, 0.3, 1.0 ] },
                "up": { "texture": "#0", "uv": [ 0.0, 0.0, 1.0, 0.3 ] },
                "down": { "texture": "#0", "uv": [ 0.0, 0.0, 1.0, 0.3 ] }
            }
        },
        {
            "name": "Cube",
            "from": [ 23.8, 13.2, 0.0 ], 
            "to": [ 24.8, 14.2, 0.3 ], 
            "faces": {
                "north": { "texture": "#0", "uv": [ 0.0, 0.0, 1.0, 1.0 ] },
                "east": { "texture": "#0", "uv": [ 0.0, 0.0, 0.3, 1.0 ] },
                "south": { "texture": "#0", "uv": [ 0.0, 0.0, 1.0, 1.0 ] },
                "west": { "texture": "#0", "uv": [ 0.0, 0.0, 0.3, 1.0 ] },
                "up": { "texture": "#0", "uv": [ 0.0, 0.0, 1.0, 0.3 ] },
                "down": { "texture": "#0", "uv": [ 0.0, 0.0, 1.0, 0.3 ] }
            }
        }
    ]
}