{
	"__comment": "Designed by 27box",
	"textures": {
		"texture": "block/blue_terracotta"
	},
	"elements": [ 	 
		{
			"__comment": "Element",
			"from": [ -13, 5.5, -5 ],
			"to": [ 29, 7.5, 19 ],
			"faces": {
				"down": { "uv": [ 0.505, 1.505, 5.495, 6.995 ], "texture": "#texture", "rotation": 90 },
				"up": { "uv": [ 0.505, 1.505, 5.495, 7.495 ], "texture": "#texture", "rotation": 90 },
				"north": { "uv": [ 0.505, 1.505, 5.495, 7.495 ], "texture": "#texture", "rotation": 90 },
				"south": { "uv": [ 0.505, 1.505, 5.495, 7.495 ], "texture": "#texture" },
				"west": { "uv": [ 0.505, 1.505, 5.495, 7.495 ], "texture": "#texture" },
				"east": { "uv": [ 0.505, 1.505, 5.495, 7.495 ], "texture": "#texture" }
			}
		},
		{
			"__comment": "Element",
			"from": [ -4, 5.5, -14 ],
			"to": [ 20, 7.5, -5 ],
			"faces": {
				"down": { "uv": [ 1.505, 2.505, 4.995, 5.995 ], "texture": "#texture", "cullface": "north", "rotation": 90 },
				"up": { "uv": [ 1.505, 2.505, 4.995, 5.995 ], "texture": "#texture", "cullface": "north", "rotation": 90 },
				"north": { "uv": [ 1.505, 2.505, 4.995, 5.995 ], "texture": "#texture", "cullface": "north", "rotation": 90 },
				"west": { "uv": [ 1.505, 2.505, 4.995, 5.995 ], "texture": "#texture", "cullface": "north", "rotation": 90 },
				"east": { "uv": [ 1.505, 2.505, 4.995, 5.995 ], "texture": "#texture", "cullface": "north", "rotation": 90 }
			}
		},
		{
			"__comment": "Element",
			"from": [ -4, 5.4992, -14 ],
			"to": [ 5, 7.4992, -1.625 ],
			"rotation": { "origin": [ -4, 5.49925, -14 ], "axis": "y", "angle": -45 },
			"faces": {
				"down": { "uv": [ 1.505, 2.505, 4.995, 5.995 ], "texture": "#texture", "cullface": "west", "rotation": 90 },
				"up": { "uv": [ 1.505, 2.505, 4.995, 5.995 ], "texture": "#texture", "cullface": "west", "rotation": 90 },
				"north": { "uv": [ 1.505, 2.505, 4.995, 5.995 ], "texture": "#texture", "cullface": "west", "rotation": 90 },
				"south": { "uv": [ 1.505, 2.505, 4.995, 5.995 ], "texture": "#texture", "cullface": "west", "rotation": 90 },
				"west": { "uv": [ 1.505, 2.505, 4.995, 5.995 ], "texture": "#texture", "cullface": "west", "rotation": 90 },
				"east": { "uv": [ 1.505, 2.505, 4.995, 5.995 ], "texture": "#texture", "cullface": "west", "rotation": 90 }
			}
		},
		{
			"__comment": "Element",
			"from": [ 22.6875, 5.4992, 12.625 ],
			"to": [ 31.6875, 7.4992, 25.4375 ],
			"rotation": { "origin": [ 22.6875, 5.49925, 12.625 ], "axis": "y", "angle": -45 },
			"faces": {
				"down": { "uv": [ 1.505, 2.505, 4.995, 5.995 ], "texture": "#texture", "cullface": "east", "rotation": 90 },
				"up": { "uv": [ 1.505, 2.505, 4.995, 5.995 ], "texture": "#texture", "cullface": "east", "rotation": 90 },
				"north": { "uv": [ 1.505, 2.505, 4.995, 5.995 ], "texture": "#texture", "cullface": "east", "rotation": 90 },
				"south": { "uv": [ 1.505, 2.505, 4.995, 5.995 ], "texture": "#texture", "cullface": "east", "rotation": 90 },
				"west": { "uv": [ 1.505, 2.505, 4.995, 5.995 ], "texture": "#texture", "cullface": "east", "rotation": 90 },
				"east": { "uv": [ 1.505, 2.505, 4.995, 5.995 ], "texture": "#texture", "cullface": "east", "rotation": 90 }
			}
		},
		{
			"__comment": "Element",
			"from": [ 13.9, 5.4992, -7.725 ],
			"to": [ 22.9, 7.4992, 4.65 ],
			"rotation": { "origin": [ 13.9, 5.49925, -7.725 ], "axis": "y", "angle": 45 },
			"faces": {
				"down": { "uv": [ 1.505, 2.505, 4.995, 5.995 ], "texture": "#texture", "cullface": "east", "rotation": 90 },
				"up": { "uv": [ 1.505, 2.505, 4.995, 5.995 ], "texture": "#texture", "cullface": "east", "rotation": 90 },
				"north": { "uv": [ 1.505, 2.505, 4.995, 5.995 ], "texture": "#texture", "cullface": "east", "rotation": 90 },
				"south": { "uv": [ 1.505, 2.505, 4.995, 5.995 ], "texture": "#texture", "cullface": "east", "rotation": 90 },
				"west": { "uv": [ 1.505, 2.505, 4.995, 5.995 ], "texture": "#texture", "cullface": "east", "rotation": 90 },
				"east": { "uv": [ 1.505, 2.505, 4.995, 5.995 ], "texture": "#texture", "cullface": "east", "rotation": 90 }
			}
		},
		{
			"__comment": "Element",
			"from": [ -13, 5.4992, 18.875 ],
			"to": [ -4, 7.4992, 31.5625 ],
			"rotation": { "origin": [ -13, 5.49925, 18.875 ], "axis": "y", "angle": 45 },
			"faces": {
				"down": { "uv": [ 1.505, 2.505, 4.995, 5.995 ], "texture": "#texture", "cullface": "west", "rotation": 90 },
				"up": { "uv": [ 1.505, 2.505, 4.995, 5.995 ], "texture": "#texture", "cullface": "west", "rotation": 90 },
				"north": { "uv": [ 1.505, 2.505, 4.995, 5.995 ], "texture": "#texture", "cullface": "west", "rotation": 90 },
				"south": { "uv": [ 1.505, 2.505, 4.995, 5.995 ], "texture": "#texture", "cullface": "west", "rotation": 90 },
				"west": { "uv": [ 1.505, 2.505, 4.995, 5.995 ], "texture": "#texture", "cullface": "west", "rotation": 90 },
				"east": { "uv": [ 1.505, 2.505, 4.995, 5.995 ], "texture": "#texture", "cullface": "west", "rotation": 90 }
			}
		},
		{
			"__comment": "Element",
			"from": [ 5.5, 3.5, 5.5 ],
			"to": [ 10.5, 5.5, 10.5 ],
			"faces": {
				"north": { "uv": [ 1.005, 0.505, 3.995, 7.495 ], "texture": "#texture" },
				"south": { "uv": [ 1.005, 0.505, 3.995, 7.495 ], "texture": "#texture" },
				"west": { "uv": [ 1.005, 0.505, 3.995, 7.495 ], "texture": "#texture" },
				"east": { "uv": [ 1.005, 0.505, 3.995, 7.495 ], "texture": "#texture" }
			}
		},
		{
			"__comment": "Element",
			"from": [ -4, 0, -4 ],
			"to": [ 20, 1.5, 20 ],
			"faces": {
				"down": { "uv": [ 0.005, 0.005, 15.995, 15.995 ], "texture": "#texture", "cullface": "down" },
				"up": { "uv": [ 0.005, 0.005, 15.995, 15.995 ], "texture": "#texture" },
				"north": { "uv": [ 0.005, 0.005, 3.995, 15.995 ], "texture": "#texture", "rotation": 90 },
				"south": { "uv": [ 0.005, 0.005, 3.995, 15.995 ], "texture": "#texture", "rotation": 90 },
				"west": { "uv": [ 0.005, 0.005, 3.995, 15.995 ], "texture": "#texture", "rotation": 90 },
				"east": { "uv": [ 0.005, 0.005, 3.995, 15.995 ], "texture": "#texture", "rotation": 90 }
			}
		},
		{
			"__comment": "Element",
			"from": [ 2, 1.5, 2 ],
			"to": [ 14, 3.5, 14 ],
			"faces": {
				"up": { "uv": [ 0.005, 0.005, 3.995, 3.995 ], "texture": "#texture" },
				"north": { "uv": [ 0.005, 0.005, 3.995, 15.995 ], "texture": "#texture", "rotation": 90 },
				"south": { "uv": [ 0.005, 0.005, 3.995, 15.995 ], "texture": "#texture", "rotation": 90 },
				"west": { "uv": [ 0.005, 0.005, 3.995, 15.995 ], "texture": "#texture", "rotation": 90 },
				"east": { "uv": [ 0.005, 0.005, 3.995, 15.995 ], "texture": "#texture", "rotation": 90 }
			}
		},
		{
			"__comment": "Element",
			"from": [ -4, 5.5, 19 ],
			"to": [ 20, 7.5, 28 ],
			"faces": {
				"down": { "uv": [ 1.505, 2.505, 4.995, 5.995 ], "texture": "#texture", "cullface": "south", "rotation": 90 },
				"up": { "uv": [ 1.505, 2.505, 4.995, 5.995 ], "texture": "#texture", "cullface": "south", "rotation": 90 },
				"south": { "uv": [ 1.505, 2.505, 4.995, 5.995 ], "texture": "#texture", "cullface": "south", "rotation": 90 },
				"west": { "uv": [ 1.505, 2.505, 4.995, 5.995 ], "texture": "#texture", "cullface": "south", "rotation": 90 },
				"east": { "uv": [ 1.505, 2.505, 4.995, 5.995 ], "texture": "#texture", "cullface": "south", "rotation": 90 }
			}
		}
	],
	"display": {
		"thirdperson_righthand": {
			"scale":  [ 2.5, 2.5, 2.5 ]
		},
		"head": {
			"translation":  [ 0, -15, 0 ]
		}
	}
}