{
    "__comment": "Model generated using MrCrayfish's Model Creator (http://mrcrayfish.com/modelcreator/)",
    "textures": {
        "0": "block/obsidian",
        "1": "block/quartz_block_top"
    },
    "elements": [
        {
            "name": "Cube",
            "from": [ 0.0, 6.0, 4.0 ], 
            "to": [ 16.0, 8.0, 16.0 ], 
            "faces": {
                "north": { "texture": "#0", "uv": [ 1.0, 12.0, 15.0, 15.0 ] },
                "east": { "texture": "#0", "uv": [ 1.0, 11.0, 13.0, 14.0 ] },
                "south": { "texture": "#0", "uv": [ 1.0, 12.0, 15.0, 15.0 ] },
                "west": { "texture": "#0", "uv": [ 1.0, 12.0, 13.0, 15.0 ] },
                "up": { "texture": "#1", "uv": [ 1.0, 0.0, 15.0, 15.0 ] },
                "down": { "texture": "#0", "uv": [ 0.0, 0.0, 16.0, 12.0 ] }
            }
        },
        {
            "name": "black",
            "from": [ 0.0, 8.0, 4.0 ], 
            "to": [ 16.0, 9.0, 7.0 ], 
            "faces": {
                "north": { "texture": "#0", "uv": [ 1.0, 12.0, 15.0, 15.0 ] },
                "east": { "texture": "#0", "uv": [ 1.0, 11.0, 13.0, 14.0 ] },
                "south": { "texture": "#1", "uv": [ 1.0, 12.0, 15.0, 15.0 ] },
                "west": { "texture": "#0", "uv": [ 1.0, 12.0, 13.0, 15.0 ] },
                "up": { "texture": "#0", "uv": [ 1.0, 0.0, 15.0, 15.0 ] },
                "down": { "texture": "#0", "uv": [ 0.0, 0.0, 16.0, 12.0 ] }
            }
        },
        {
            "name": "Cube",
            "from": [ 0.0, 8.0, 13.0 ], 
            "to": [ 16.0, 9.0, 16.0 ], 
            "faces": {
                "north": { "texture": "#1", "uv": [ 1.0, 12.0, 15.0, 15.0 ] },
                "east": { "texture": "#0", "uv": [ 1.0, 11.0, 13.0, 14.0 ] },
                "south": { "texture": "#0", "uv": [ 1.0, 12.0, 15.0, 15.0 ] },
                "west": { "texture": "#0", "uv": [ 1.0, 12.0, 13.0, 15.0 ] },
                "up": { "texture": "#0", "uv": [ 1.0, 0.0, 15.0, 15.0 ] },
                "down": { "texture": "#0", "uv": [ 0.0, 0.0, 16.0, 12.0 ] }
            }
        },
        {
            "name": "Cube",
            "from": [ 0.0, 8.0, 7.0 ], 
            "to": [ 16.0, 9.0, 13.0 ], 
            "faces": {
                "north": { "texture": "#0", "uv": [ 1.0, 12.0, 15.0, 15.0 ] },
                "east": { "texture": "#0", "uv": [ 1.0, 12.0, 13.0, 15.0 ] },
                "south": { "texture": "#0", "uv": [ 0.0, 13.0, 14.0, 16.0 ] },
                "west": { "texture": "#0", "uv": [ 1.0, 12.0, 10.0, 16.0 ] },
                "up": { "texture": "#0", "uv": [ 1.0, 0.0, 14.0, 16.0 ] },
                "down": { "texture": "#0", "uv": [ 0.0, 0.0, 16.0, 12.0 ] }
            }
        }
    ]
}