{
"__comment": "Designed by Flashtt with BDcraft Cubik PRO 0.96 Beta - http://bdcraft.net",
"textures": {
    "texture": "block/extra/suit",
    "metal_1": "block/extra/metal_1"
},
"elements": [ 
{
    "from": [ 7, 10, 3.5 ],
    "to": [ 10, 18.5, 6 ],
    "faces": {
        "down":  { "uv": [ 14.5, 14.5, 15.5, 15.5 ], "texture": "#texture" },
        "up":    { "uv": [ 14.5, 14.5, 15.5, 15.5 ], "texture": "#texture" },
        "north": { "uv": [ 14.5, 14.5, 15.5, 15.5 ], "texture": "#texture" },
        "south": { "uv": [ 1.5, 0, 13.5, 15.5 ], "texture": "#texture" },
        "west":  { "uv": [ 14.5, 14.5, 15.5, 15.5 ], "texture": "#texture" },
        "east":  { "uv": [ 14.5, 14.5, 15.5, 15.5 ], "texture": "#texture" }
    }
},
{
    "from": [ 6.3125, 7.5, 3.5 ],
    "to": [ 10.6875, 10.5, 6 ],
    "faces": {
        "down":  { "uv": [ 16, 16, 11.625, 13.5 ], "texture": "#texture" },
        "up":    { "uv": [ 11.625, 13.5, 16, 16 ], "texture": "#texture" },
        "north": { "uv": [ 16, 16, 11.625, 13.5 ], "texture": "#texture" },
        "south": { "uv": [ 16, 16, 11.625, 13.5 ], "texture": "#texture" },
        "west":  { "uv": [ 16, 16, 11.625, 13.5 ], "texture": "#texture" },
        "east":  { "uv": [ 16, 16, 11.625, 13.5 ], "texture": "#texture" }
    }
},
{
    "from": [ 4.875, -5.625, 4.3125 ],
    "to": [ 5.875, 16.375, 5.3125 ],
    "faces": {
        "down":  { "uv": [ 10.5, 0, 11, 0.5 ], "texture": "#texture" },
        "up":    { "uv": [ 13, 11.5, 14, 12.5 ], "texture": "#texture" },
        "north": { "uv": [ 10.5, 0, 16, 0.5 ], "rotation": 270, "texture": "#texture" },
        "south": { "uv": [ 10.5, 0, 16, 0.5 ], "rotation": 270, "texture": "#texture" },
        "west":  { "uv": [ 10.5, 0, 16, 0.5 ], "rotation": 270, "texture": "#texture" },
        "east":  { "uv": [ 10.5, 0, 16, 0.5 ], "rotation": 270, "texture": "#texture" }
    }
},
{
    "from": [ 8, 17.9375, 5.1875 ],
    "to": [ 9, 19.5, 6.1875 ],
    "rotation": { "origin": [ 8, 19.5, 5.1875 ], "axis": "x", "angle": 22.5 },
    "faces": {
        "down":  { "uv": [ 5.5, 0, 6, 0.5 ], "texture": "#texture" },
        "up":    { "uv": [ 5.5, 0, 6, 0.5 ], "texture": "#texture" },
        "north": { "uv": [ 5.5, 0, 6, 0.5 ], "texture": "#texture" },
        "south": { "uv": [ 5.5, 0, 6, 0.5 ], "texture": "#texture" },
        "west":  { "uv": [ 5.5, 0, 6, 0.5 ], "texture": "#texture" },
        "east":  { "uv": [ 5.5, 0, 6, 0.5 ], "texture": "#texture" }
    }
},
{
    "from": [ 7.8125, 18.9375, 4.5 ],
    "to": [ 9.1875, 22.5, 7.5 ],
    "faces": {
        "down":  { "uv": [ 14.5, 10.5, 15.5, 11.5 ], "texture": "#metal_1" },
        "up":    { "uv": [ 14.5, 10.5, 15.5, 11.5 ], "texture": "#metal_1" },
        "north": { "uv": [ 14.5, 10.5, 15.5, 11.5 ], "texture": "#metal_1" },
        "south": { "uv": [ 14.5, 10.5, 15.5, 11.5 ], "texture": "#metal_1" },
        "west":  { "uv": [ 14.5, 10.5, 15.5, 11.5 ], "texture": "#metal_1" },
        "east":  { "uv": [ 14.5, 10.5, 15.5, 11.5 ], "texture": "#metal_1" }
    }
},
{
    "from": [ 6.3125, -14.5, 4.1875 ],
    "to": [ 7.3125, 8, 5.1875 ],
    "faces": {
        "down":  { "uv": [ 10.5, 0, 11, 0.5 ], "texture": "#texture" },
        "up":    { "uv": [ 14.5, 14.5, 15.5, 15.5 ], "texture": "#texture" },
        "north": { "uv": [ 10.5, 0, 16, 0.5 ], "rotation": 270, "texture": "#texture" },
        "south": { "uv": [ 10.5, 0, 16, 0.5 ], "rotation": 270, "texture": "#texture" },
        "west":  { "uv": [ 10.5, 0, 16, 0.5 ], "rotation": 270, "texture": "#texture" },
        "east":  { "uv": [ 10.5, 0, 16, 0.5 ], "rotation": 270, "texture": "#texture" }
    }
},
{
    "from": [ 7.1875, 20.3125, 4.5 ],
    "to": [ 9.8125, 21.9375, 7.5 ],
    "faces": {
        "down":  { "uv": [ 14.5, 10.5, 15.5, 11.5 ], "texture": "#metal_1" },
        "up":    { "uv": [ 14.5, 10.5, 15.5, 11.5 ], "texture": "#metal_1" },
        "north": { "uv": [ 14.5, 10.5, 15.5, 11.5 ], "texture": "#metal_1" },
        "south": { "uv": [ 14.5, 10.5, 15.5, 11.5 ], "texture": "#metal_1" },
        "west":  { "uv": [ 14.5, 10.5, 15.5, 11.5 ], "texture": "#metal_1" },
        "east":  { "uv": [ 14.5, 10.5, 15.5, 11.5 ], "texture": "#metal_1" }
    }
},
{
    "from": [ 7.1875, 18.9375, 4.5 ],
    "to": [ 8.0625, 20.4375, 7.5 ],
    "rotation": { "origin": [ 7.1875, 20.4375, 4.5 ], "axis": "z", "angle": 22.5 },
    "faces": {
        "down":  { "uv": [ 14.5, 10.5, 15.5, 11.5 ], "texture": "#metal_1" },
        "up":    { "uv": [ 14.5, 10.5, 15.5, 11.5 ], "texture": "#metal_1" },
        "north": { "uv": [ 14.5, 10.5, 15.5, 11.5 ], "texture": "#metal_1" },
        "south": { "uv": [ 14.5, 10.5, 15.5, 11.5 ], "texture": "#metal_1" },
        "west":  { "uv": [ 14.5, 10.5, 15.5, 11.5 ], "texture": "#metal_1" },
        "east":  { "uv": [ 14.5, 10.5, 15.5, 11.5 ], "texture": "#metal_1" }
    }
},
{
    "from": [ 9, 19.1875, 4.5 ],
    "to": [ 9.875, 20.6875, 7.5 ],
    "rotation": { "origin": [ 9, 20.6875, 4.5 ], "axis": "z", "angle": -22.5 },
    "faces": {
        "down":  { "uv": [ 14.5, 10.5, 15.5, 11.5 ], "texture": "#metal_1" },
        "up":    { "uv": [ 14.5, 10.5, 15.5, 11.5 ], "texture": "#metal_1" },
        "north": { "uv": [ 14.5, 10.5, 15.5, 11.5 ], "texture": "#metal_1" },
        "south": { "uv": [ 14.5, 10.5, 15.5, 11.5 ], "texture": "#metal_1" },
        "west":  { "uv": [ 14.5, 10.5, 15.5, 11.5 ], "texture": "#metal_1" },
        "east":  { "uv": [ 14.5, 10.5, 15.5, 11.5 ], "texture": "#metal_1" }
    }
},
{
    "from": [ 7.25, 21.3125, 4.5 ],
    "to": [ 8.0625, 21.9375, 7.5 ],
    "rotation": { "origin": [ 7.25, 21.9375, 4.5 ], "axis": "z", "angle": 45 },
    "faces": {
        "down":  { "uv": [ 14.5, 10.5, 15.5, 11.5 ], "texture": "#metal_1" },
        "up":    { "uv": [ 14.5, 10.5, 15.5, 11.5 ], "texture": "#metal_1" },
        "north": { "uv": [ 14.5, 10.5, 15.5, 11.5 ], "texture": "#metal_1" },
        "south": { "uv": [ 14.5, 10.5, 15.5, 11.5 ], "texture": "#metal_1" },
        "west":  { "uv": [ 14.5, 10.5, 15.5, 11.5 ], "texture": "#metal_1" },
        "east":  { "uv": [ 14.5, 10.5, 15.5, 11.5 ], "texture": "#metal_1" }
    }
},
{
    "from": [ 9.25, 21.875, 4.5 ],
    "to": [ 10.0625, 22.5, 7.5 ],
    "rotation": { "origin": [ 9.25, 22.5, 4.5 ], "axis": "z", "angle": -45 },
    "faces": {
        "down":  { "uv": [ 14.5, 10.5, 15.5, 11.5 ], "texture": "#metal_1" },
        "up":    { "uv": [ 14.5, 10.5, 15.5, 11.5 ], "texture": "#metal_1" },
        "north": { "uv": [ 14.5, 10.5, 15.5, 11.5 ], "texture": "#metal_1" },
        "south": { "uv": [ 14.5, 10.5, 15.5, 11.5 ], "texture": "#metal_1" },
        "west":  { "uv": [ 14.5, 10.5, 15.5, 11.5 ], "texture": "#metal_1" },
        "east":  { "uv": [ 14.5, 10.5, 15.5, 11.5 ], "texture": "#metal_1" }
    }
},
{
    "from": [ 7, 15.4375, 3.49978 ],
    "to": [ 9, 18.4375, 5.99978 ],
    "rotation": { "origin": [ 7, 18.4375, 3.49978 ], "axis": "z", "angle": -45 },
    "faces": {
        "down":  { "uv": [ 14.5, 14.5, 15.5, 15.5 ], "texture": "#texture" },
        "up":    { "uv": [ 14.5, 14.5, 15.5, 15.5 ], "texture": "#texture" },
        "north": { "uv": [ 14.5, 14.5, 15.5, 15.5 ], "texture": "#texture" },
        "south": { "uv": [ 14.5, 14.5, 15.5, 15.5 ], "texture": "#texture" },
        "west":  { "uv": [ 14.5, 14.5, 15.5, 15.5 ], "texture": "#texture" },
        "east":  { "uv": [ 14.5, 14.5, 15.5, 15.5 ], "texture": "#texture" }
    }
},
{
    "from": [ 8.5625, 14.0625, 3.4998 ],
    "to": [ 10.5625, 17.0625, 5.9998 ],
    "rotation": { "origin": [ 8.5625, 17.0625, 3.4998 ], "axis": "z", "angle": 45 },
    "faces": {
        "down":  { "uv": [ 14.5, 14.5, 15.5, 15.5 ], "texture": "#texture" },
        "up":    { "uv": [ 14.5, 14.5, 15.5, 15.5 ], "texture": "#texture" },
        "north": { "uv": [ 14.5, 14.5, 15.5, 15.5 ], "texture": "#texture" },
        "south": { "uv": [ 14.5, 14.5, 15.5, 15.5 ], "texture": "#texture" },
        "west":  { "uv": [ 14.5, 14.5, 15.5, 15.5 ], "texture": "#texture" },
        "east":  { "uv": [ 14.5, 14.5, 15.5, 15.5 ], "texture": "#texture" }
    }
},
{
    "from": [ 6, 12.625, 3.4999 ],
    "to": [ 8, 15.625, 5.9999 ],
    "rotation": { "origin": [ 6, 15.625, 3.4999 ], "axis": "z", "angle": 22.5 },
    "faces": {
        "down":  { "uv": [ 14.5, 14.5, 15.5, 15.5 ], "texture": "#texture" },
        "up":    { "uv": [ 14.5, 14.5, 15.5, 15.5 ], "texture": "#texture" },
        "north": { "uv": [ 14.5, 14.5, 15.5, 15.5 ], "texture": "#texture" },
        "south": { "uv": [ 14.5, 14.5, 15.5, 15.5 ], "texture": "#texture" },
        "west":  { "uv": [ 14.5, 14.5, 15.5, 15.5 ], "texture": "#texture" },
        "east":  { "uv": [ 14.5, 14.5, 15.5, 15.5 ], "texture": "#texture" }
    }
},
{
    "from": [ 9.0625, 13.125, 3.4999 ],
    "to": [ 11.0625, 16.125, 5.9999 ],
    "rotation": { "origin": [ 9.0625, 16.125, 3.4999 ], "axis": "z", "angle": -22.5 },
    "faces": {
        "down":  { "uv": [ 14.5, 14.5, 15.5, 15.5 ], "texture": "#texture" },
        "up":    { "uv": [ 14.5, 14.5, 15.5, 15.5 ], "texture": "#texture" },
        "north": { "uv": [ 14.5, 14.5, 15.5, 15.5 ], "texture": "#texture" },
        "south": { "uv": [ 14.5, 14.5, 15.5, 15.5 ], "texture": "#texture" },
        "west":  { "uv": [ 14.5, 14.5, 15.5, 15.5 ], "texture": "#texture" },
        "east":  { "uv": [ 14.5, 14.5, 15.5, 15.5 ], "texture": "#texture" }
    }
},
{
    "from": [ 6.3125, 9.5, 3.4999 ],
    "to": [ 7.8125, 10.5, 5.9999 ],
    "rotation": { "origin": [ 6.3125, 10.5, 3.4999 ], "axis": "z", "angle": 45 },
    "faces": {
        "down":  { "uv": [ 14.5, 14.5, 15.5, 15.5 ], "texture": "#texture" },
        "up":    { "uv": [ 14.5, 14.5, 15.5, 15.5 ], "texture": "#texture" },
        "north": { "uv": [ 14.5, 14.5, 15.5, 15.5 ], "texture": "#texture" },
        "south": { "uv": [ 14.5, 14.5, 15.5, 15.5 ], "texture": "#texture" },
        "west":  { "uv": [ 14.5, 14.5, 15.5, 15.5 ], "texture": "#texture" },
        "east":  { "uv": [ 14.5, 14.5, 15.5, 15.5 ], "texture": "#texture" }
    }
},
{
    "from": [ 9.6875, 10.5, 3.4999 ],
    "to": [ 11.1875, 11.5, 5.9999 ],
    "rotation": { "origin": [ 9.6875, 11.5, 3.4999 ], "axis": "z", "angle": -45 },
    "faces": {
        "down":  { "uv": [ 14.5, 14.5, 15.5, 15.5 ], "texture": "#texture" },
        "up":    { "uv": [ 14.5, 14.5, 15.5, 15.5 ], "texture": "#texture" },
        "north": { "uv": [ 14.5, 14.5, 15.5, 15.5 ], "texture": "#texture" },
        "south": { "uv": [ 14.5, 14.5, 15.5, 15.5 ], "texture": "#texture" },
        "west":  { "uv": [ 14.5, 14.5, 15.5, 15.5 ], "texture": "#texture" },
        "east":  { "uv": [ 14.5, 14.5, 15.5, 15.5 ], "texture": "#texture" }
    }
},
{
    "from": [ 11.0625, -5.5, 4.3125 ],
    "to": [ 12.0625, 16.5, 5.3125 ],
    "faces": {
        "down":  { "uv": [ 10.5, 0, 11, 0.5 ], "texture": "#texture" },
        "up":    { "uv": [ 9, 13.5, 9.5, 14 ], "texture": "#texture" },
        "north": { "uv": [ 10.5, 0, 16, 0.5 ], "rotation": 270, "texture": "#texture" },
        "south": { "uv": [ 10.5, 0, 16, 0.5 ], "rotation": 270, "texture": "#texture" },
        "west":  { "uv": [ 10.5, 0, 16, 0.5 ], "rotation": 270, "texture": "#texture" },
        "east":  { "uv": [ 10.5, 0, 16, 0.5 ], "rotation": 270, "texture": "#texture" }
    }
},
{
    "from": [ 9.6875, -14.5, 4.1875 ],
    "to": [ 10.6875, 8, 5.1875 ],
    "faces": {
        "down":  { "uv": [ 10, 0, 10.5, 0.5 ], "texture": "#texture" },
        "up":    { "uv": [ 14.5, 14.5, 15.5, 15.5 ], "texture": "#texture" },
        "north": { "uv": [ 10.5, 0, 16, 0.5 ], "rotation": 270, "texture": "#texture" },
        "south": { "uv": [ 10.5, 0, 16, 0.5 ], "rotation": 270, "texture": "#texture" },
        "west":  { "uv": [ 10.5, 0, 16, 0.5 ], "rotation": 270, "texture": "#texture" },
        "east":  { "uv": [ 10.5, 0, 16, 0.5 ], "rotation": 270, "texture": "#texture" }
    }
}
],
"display": {
    "thirdperson_righthand": {
        "rotation": [ 0, 180, 0 ],
        "translation": [ -4, 13, 0 ],
        "scale": [ 1.6, 1.6, 1.6 ]
    }
}
}