{
"__comment": "Designed by 27Box",
"textures": {
    "particle": "block/extra/metal_0",
    "texture": "block/yellow_wool"
},
"elements": [ 
{
    "__comment": "Sword",
    "from": [ 7.625, 4.375, 6 ],
    "to": [ 8.375, 4.5, 6.25 ],
    "faces": {
        "down":  { "uv": [ 8.375, 6.25, 7.625, 6 ], "texture": "#texture" },
        "up":    { "uv": [ 7.625, 6, 8.375, 6.25 ], "texture": "#texture" },
        "north": { "uv": [ 7.625, 11.5, 8.375, 11.625 ], "texture": "#texture" },
        "south": { "uv": [ 7.625, 11.5, 8.375, 11.625 ], "texture": "#texture" },
        "west":  { "uv": [ 6, 11.5, 6.25, 11.625 ], "texture": "#texture" },
        "east":  { "uv": [ 9.75, 11.5, 10, 11.625 ], "texture": "#texture" }
    }
},
{
    "__comment": "Sword",
    "from": [ 7.625, 4.25, 6.125 ],
    "to": [ 8.375, 4.375, 6.25 ],
    "faces": {
        "down":  { "uv": [ 8.375, 6.25, 7.625, 6.125 ], "texture": "#texture" },
        "up":    { "uv": [ 7.625, 6.125, 8.375, 6.25 ], "texture": "#texture" },
        "north": { "uv": [ 7.625, 11.625, 8.375, 11.75 ], "texture": "#texture" },
        "south": { "uv": [ 7.625, 11.625, 8.375, 11.75 ], "texture": "#texture" },
        "west":  { "uv": [ 6.125, 11.625, 6.25, 11.75 ], "texture": "#texture" },
        "east":  { "uv": [ 9.75, 11.625, 9.875, 11.75 ], "texture": "#texture" }
    }
},
{
    "__comment": "Sword",
    "from": [ 7.625, 0.25, 7.625 ],
    "to": [ 8.375, 0.375, 8.375 ],
    "faces": {
        "down":  { "uv": [ 8.375, 8.375, 7.625, 7.625 ], "texture": "#texture" },
        "up":    { "uv": [ 7.625, 7.625, 8.375, 8.375 ], "texture": "#texture" },
        "north": { "uv": [ 7.625, 15.625, 8.375, 15.75 ], "texture": "#texture" },
        "south": { "uv": [ 7.625, 15.625, 8.375, 15.75 ], "texture": "#texture" },
        "west":  { "uv": [ 7.625, 15.625, 8.375, 15.75 ], "texture": "#texture" },
        "east":  { "uv": [ 7.625, 15.625, 8.375, 15.75 ], "texture": "#texture" }
    }
},
{
    "__comment": "Sword",
    "from": [ 7.625, 0.375, 7.625 ],
    "to": [ 8.375, 0.625, 7.875 ],
    "faces": {
        "down":  { "uv": [ 8.375, 7.875, 7.625, 7.625 ], "texture": "#texture" },
        "up":    { "uv": [ 7.625, 7.625, 8.375, 7.875 ], "texture": "#texture" },
        "north": { "uv": [ 7.625, 15.375, 8.375, 15.625 ], "texture": "#texture" },
        "south": { "uv": [ 7.625, 15.375, 8.375, 15.625 ], "texture": "#texture" },
        "west":  { "uv": [ 7.625, 15.375, 7.875, 15.625 ], "texture": "#texture" },
        "east":  { "uv": [ 8.125, 15.375, 8.375, 15.625 ], "texture": "#texture" }
    }
},
{
    "__comment": "Sword",
    "from": [ 7.625, 0.125, 7.75 ],
    "to": [ 8.375, 0.25, 8.25 ],
    "faces": {
        "down":  { "uv": [ 8.375, 8.25, 7.625, 7.75 ], "texture": "#texture" },
        "up":    { "uv": [ 7.625, 7.75, 8.375, 8.25 ], "texture": "#texture" },
        "north": { "uv": [ 7.625, 15.75, 8.375, 15.875 ], "texture": "#texture" },
        "south": { "uv": [ 7.625, 15.75, 8.375, 15.875 ], "texture": "#texture" },
        "west":  { "uv": [ 7.75, 15.75, 8.25, 15.875 ], "texture": "#texture" },
        "east":  { "uv": [ 7.75, 15.75, 8.25, 15.875 ], "texture": "#texture" }
    }
},
{
    "__comment": "Sword",
    "from": [ 7.625, 0.5, 7.875 ],
    "to": [ 8.375, 0.625, 8.375 ],
    "faces": {
        "down":  { "uv": [ 8.375, 8.375, 7.625, 7.875 ], "texture": "#texture" },
        "up":    { "uv": [ 7.625, 7.875, 8.375, 8.375 ], "texture": "#texture" },
        "north": { "uv": [ 7.625, 15.375, 8.375, 15.5 ], "texture": "#texture" },
        "south": { "uv": [ 7.625, 15.375, 8.375, 15.5 ], "texture": "#texture" },
        "west":  { "uv": [ 7.875, 15.375, 8.375, 15.5 ], "texture": "#texture" },
        "east":  { "uv": [ 7.625, 15.375, 8.125, 15.5 ], "texture": "#texture" }
    }
},
{
    "__comment": "Sword",
    "from": [ 7.625, 0.375, 7.875 ],
    "to": [ 8.375, 1, 8.1875 ],
    "faces": {
        "down":  { "uv": [ 8.375, 8.125, 7.625, 7.875 ], "texture": "#texture" },
        "up":    { "uv": [ 7.625, 7.875, 8.375, 8.125 ], "texture": "#texture" },
        "north": { "uv": [ 7.625, 15, 8.375, 15.375 ], "texture": "#texture" },
        "south": { "uv": [ 7.625, 15, 8.375, 15.375 ], "texture": "#texture" },
        "west":  { "uv": [ 7.875, 15, 8.125, 15.375 ], "texture": "#texture" },
        "east":  { "uv": [ 7.875, 15, 8.125, 15.375 ], "texture": "#texture" }
    }
},
{
    "__comment": "Sword",
    "from": [ 7.625, 0.375, 8.125 ],
    "to": [ 8.375, 0.5, 8.375 ],
    "faces": {
        "down":  { "uv": [ 8.375, 8.375, 7.625, 8.125 ], "texture": "#texture" },
        "up":    { "uv": [ 7.625, 8.125, 8.375, 8.375 ], "texture": "#texture" },
        "north": { "uv": [ 7.625, 15.5, 8.375, 15.625 ], "texture": "#texture" },
        "south": { "uv": [ 7.625, 15.5, 8.375, 15.625 ], "texture": "#texture" },
        "west":  { "uv": [ 8.125, 15.5, 8.375, 15.625 ], "texture": "#texture" },
        "east":  { "uv": [ 7.625, 15.5, 7.875, 15.625 ], "texture": "#texture" }
    }
},
{
    "__comment": "Sword",
    "from": [ 7.625, 4.25, 9.75 ],
    "to": [ 8.375, 4.5, 9.875 ],
    "faces": {
        "down":  { "uv": [ 8.375, 9.875, 7.625, 9.75 ], "texture": "#texture" },
        "up":    { "uv": [ 7.625, 9.75, 8.375, 9.875 ], "texture": "#texture" },
        "north": { "uv": [ 7.625, 11.5, 8.375, 11.75 ], "texture": "#texture" },
        "south": { "uv": [ 7.625, 11.5, 8.375, 11.75 ], "texture": "#texture" },
        "west":  { "uv": [ 9.75, 11.5, 9.875, 11.75 ], "texture": "#texture" },
        "east":  { "uv": [ 6.125, 11.5, 6.25, 11.75 ], "texture": "#texture" }
    }
},
{
    "__comment": "Sword",
    "from": [ 7.625, 4.375, 9.875 ],
    "to": [ 8.375, 4.5, 10 ],
    "faces": {
        "down":  { "uv": [ 8.375, 10, 7.625, 9.875 ], "texture": "#texture" },
        "up":    { "uv": [ 7.625, 9.875, 8.375, 10 ], "texture": "#texture" },
        "north": { "uv": [ 7.625, 11.5, 8.375, 11.625 ], "texture": "#texture" },
        "south": { "uv": [ 7.625, 11.5, 8.375, 11.625 ], "texture": "#texture" },
        "west":  { "uv": [ 9.875, 11.5, 10, 11.625 ], "texture": "#texture" },
        "east":  { "uv": [ 6, 11.5, 6.125, 11.625 ], "texture": "#texture" }
    }
},
{
    "__comment": "Sword",
    "from": [ 7.75, 4.25, 5.875 ],
    "to": [ 8.25, 4.375, 6.125 ],
    "faces": {
        "down":  { "uv": [ 8.25, 6.125, 7.75, 5.875 ], "texture": "#texture" },
        "up":    { "uv": [ 7.75, 5.875, 8.25, 6.125 ], "texture": "#texture" },
        "north": { "uv": [ 7.75, 11.625, 8.25, 11.75 ], "texture": "#texture" },
        "south": { "uv": [ 7.75, 11.625, 8.25, 11.75 ], "texture": "#texture" },
        "west":  { "uv": [ 5.875, 11.625, 6.125, 11.75 ], "texture": "#texture" },
        "east":  { "uv": [ 9.875, 11.625, 10.125, 11.75 ], "texture": "#texture" }
    }
},
{
    "__comment": "Sword",
    "from": [ 7.75, 4.375, 5.875 ],
    "to": [ 8.25, 4.625, 6 ],
    "faces": {
        "down":  { "uv": [ 8.25, 6, 7.75, 5.875 ], "texture": "#texture" },
        "up":    { "uv": [ 7.75, 5.875, 8.25, 6 ], "texture": "#texture" },
        "north": { "uv": [ 7.75, 11.375, 8.25, 11.625 ], "texture": "#texture" },
        "south": { "uv": [ 7.75, 11.375, 8.25, 11.625 ], "texture": "#texture" },
        "west":  { "uv": [ 5.875, 11.375, 6, 11.625 ], "texture": "#texture" },
        "east":  { "uv": [ 10, 11.375, 10.125, 11.625 ], "texture": "#texture" }
    }
},
{
    "__comment": "Sword",
    "from": [ 7.75, 4.125, 6 ],
    "to": [ 8.25, 4.25, 6.375 ],
    "faces": {
        "down":  { "uv": [ 8.25, 6.375, 7.75, 6 ], "texture": "#texture" },
        "up":    { "uv": [ 7.75, 6, 8.25, 6.375 ], "texture": "#texture" },
        "north": { "uv": [ 7.75, 11.75, 8.25, 11.875 ], "texture": "#texture" },
        "south": { "uv": [ 7.75, 11.75, 8.25, 11.875 ], "texture": "#texture" },
        "west":  { "uv": [ 6, 11.75, 6.375, 11.875 ], "texture": "#texture" },
        "east":  { "uv": [ 9.625, 11.75, 10, 11.875 ], "texture": "#texture" }
    }
},
{
    "__comment": "Sword",
    "from": [ 7.75, 4.5, 6 ],
    "to": [ 8.25, 4.625, 6.375 ],
    "faces": {
        "down":  { "uv": [ 8.25, 6.375, 7.75, 6 ], "texture": "#texture" },
        "up":    { "uv": [ 7.75, 6, 8.25, 6.375 ], "texture": "#texture" },
        "north": { "uv": [ 7.75, 11.375, 8.25, 11.5 ], "texture": "#texture" },
        "south": { "uv": [ 7.75, 11.375, 8.25, 11.5 ], "texture": "#texture" },
        "west":  { "uv": [ 6, 11.375, 6.375, 11.5 ], "texture": "#texture" },
        "east":  { "uv": [ 9.625, 11.375, 10, 11.5 ], "texture": "#texture" }
    }
},
{
    "__comment": "Sword",
    "from": [ 7.75, 4.625, 6 ],
    "to": [ 8.25, 4.75, 6.25 ],
    "faces": {
        "down":  { "uv": [ 8.25, 6.25, 7.75, 6 ], "texture": "#texture" },
        "up":    { "uv": [ 7.75, 6, 8.25, 6.25 ], "texture": "#texture" },
        "north": { "uv": [ 7.75, 11.25, 8.25, 11.375 ], "texture": "#texture" },
        "south": { "uv": [ 7.75, 11.25, 8.25, 11.375 ], "texture": "#texture" },
        "west":  { "uv": [ 6, 11.25, 6.25, 11.375 ], "texture": "#texture" },
        "east":  { "uv": [ 9.75, 11.25, 10, 11.375 ], "texture": "#texture" }
    }
},
{
    "__comment": "Sword",
    "from": [ 7.75, 4.25, 6.25 ],
    "to": [ 8.25, 4.5, 6.375 ],
    "faces": {
        "down":  { "uv": [ 8.25, 6.375, 7.75, 6.25 ], "texture": "#texture" },
        "up":    { "uv": [ 7.75, 6.25, 8.25, 6.375 ], "texture": "#texture" },
        "north": { "uv": [ 7.75, 11.5, 8.25, 11.75 ], "texture": "#texture" },
        "south": { "uv": [ 7.75, 11.5, 8.25, 11.75 ], "texture": "#texture" },
        "west":  { "uv": [ 6.25, 11.5, 6.375, 11.75 ], "texture": "#texture" },
        "east":  { "uv": [ 9.625, 11.5, 9.75, 11.75 ], "texture": "#texture" }
    }
},
{
    "__comment": "Sword",
    "from": [ 7.75, 4.375, 6.375 ],
    "to": [ 8.25, 4.5, 6.5 ],
    "faces": {
        "down":  { "uv": [ 8.25, 6.5, 7.75, 6.375 ], "texture": "#texture" },
        "up":    { "uv": [ 7.75, 6.375, 8.25, 6.5 ], "texture": "#texture" },
        "north": { "uv": [ 7.75, 11.5, 8.25, 11.625 ], "texture": "#texture" },
        "south": { "uv": [ 7.75, 11.5, 8.25, 11.625 ], "texture": "#texture" },
        "west":  { "uv": [ 6.375, 11.5, 6.5, 11.625 ], "texture": "#texture" },
        "east":  { "uv": [ 9.5, 11.5, 9.625, 11.625 ], "texture": "#texture" }
    }
},
{
    "__comment": "Sword",
    "from": [ 7.75, 4.25, 6.375 ],
    "to": [ 8.25, 4.375, 9.625 ],
    "faces": {
        "down":  { "uv": [ 8.25, 9.375, 7.75, 6.625 ], "texture": "#texture" },
        "up":    { "uv": [ 7.75, 6.625, 8.25, 9.375 ], "texture": "#texture" },
        "north": { "uv": [ 7.75, 11.625, 8.25, 11.75 ], "texture": "#texture" },
        "south": { "uv": [ 7.75, 11.625, 8.25, 11.75 ], "texture": "#texture" },
        "west":  { "uv": [ 6.625, 11.625, 9.375, 11.75 ], "texture": "#texture" },
        "east":  { "uv": [ 6.625, 11.625, 9.375, 11.75 ], "texture": "#texture" }
    }
},
{
    "__comment": "Sword",
    "from": [ 7.75, 0.125, 7.625 ],
    "to": [ 8.25, 0.25, 7.75 ],
    "faces": {
        "down":  { "uv": [ 8.25, 7.75, 7.75, 7.625 ], "texture": "#texture" },
        "up":    { "uv": [ 7.75, 7.625, 8.25, 7.75 ], "texture": "#texture" },
        "north": { "uv": [ 7.75, 15.75, 8.25, 15.875 ], "texture": "#texture" },
        "south": { "uv": [ 7.75, 15.75, 8.25, 15.875 ], "texture": "#texture" },
        "west":  { "uv": [ 7.625, 15.75, 7.75, 15.875 ], "texture": "#texture" },
        "east":  { "uv": [ 8.25, 15.75, 8.375, 15.875 ], "texture": "#texture" }
    }
},
{
    "__comment": "Sword",
    "from": [ 7.75, 0.625, 7.625 ],
    "to": [ 8.25, 0.75, 7.875 ],
    "faces": {
        "down":  { "uv": [ 8.25, 7.875, 7.75, 7.625 ], "texture": "#texture" },
        "up":    { "uv": [ 7.75, 7.625, 8.25, 7.875 ], "texture": "#texture" },
        "north": { "uv": [ 7.75, 15.25, 8.25, 15.375 ], "texture": "#texture" },
        "south": { "uv": [ 7.75, 15.25, 8.25, 15.375 ], "texture": "#texture" },
        "west":  { "uv": [ 7.625, 15.25, 7.875, 15.375 ], "texture": "#texture" },
        "east":  { "uv": [ 8.125, 15.25, 8.375, 15.375 ], "texture": "#texture" }
    }
},
{
    "__comment": "Sword",
    "from": [ 7.75, 4, 7.625 ],
    "to": [ 8.25, 4.25, 8.375 ],
    "faces": {
        "down":  { "uv": [ 8.25, 8.375, 7.75, 7.625 ], "texture": "#texture" },
        "up":    { "uv": [ 7.75, 7.625, 8.25, 8.375 ], "texture": "#texture" },
        "north": { "uv": [ 7.75, 11.75, 8.25, 12 ], "texture": "#texture" },
        "south": { "uv": [ 7.75, 11.75, 8.25, 12 ], "texture": "#texture" },
        "west":  { "uv": [ 7.625, 11.75, 8.375, 12 ], "texture": "#texture" },
        "east":  { "uv": [ 7.625, 11.75, 8.375, 12 ], "texture": "#texture" }
    }
},
{
    "__comment": "Sword",
    "from": [ 7.75, 0, 7.75 ],
    "to": [ 8.25, 0.125, 8.25 ],
    "faces": {
        "down":  { "uv": [ 8.25, 8.25, 7.75, 7.75 ], "texture": "#texture" },
        "up":    { "uv": [ 7.75, 7.75, 8.25, 8.25 ], "texture": "#texture" },
        "north": { "uv": [ 7.75, 15.875, 8.25, 16 ], "texture": "#texture" },
        "south": { "uv": [ 7.75, 15.875, 8.25, 16 ], "texture": "#texture" },
        "west":  { "uv": [ 7.75, 15.875, 8.25, 16 ], "texture": "#texture" },
        "east":  { "uv": [ 7.75, 15.875, 8.25, 16 ], "texture": "#texture" }
    }
},
{
    "__comment": "Sword",
    "from": [ 7.75, 0.75, 7.6875 ],
    "to": [ 8.25, 4, 8.3125 ],
    "faces": {
        "down":  { "uv": [ 7.75, 7.6875, 8.25, 8.3125 ], "texture": "#texture" },
        "up":    { "uv": [ 7.75, 7.6875, 8.25, 8.3125 ], "texture": "#texture" },
        "north": { "uv": [ 7.75, 12, 8.25, 15.125 ], "texture": "#texture" },
        "south": { "uv": [ 7.75, 12, 8.25, 15.125 ], "texture": "#texture" },
        "west":  { "uv": [ 7.6875, 12, 8.3125, 15.125 ], "texture": "#texture" },
        "east":  { "uv": [ 7.6875, 12, 8.3125, 15.125 ], "texture": "#texture" }
    }
},
{
    "__comment": "Sword",
    "from": [ 7.75, 4.375, 7.875 ],
    "to": [ 8.25, 4.5, 8.125 ],
    "faces": {
        "down":  { "uv": [ 8.25, 8.125, 7.75, 7.875 ], "texture": "#texture" },
        "up":    { "uv": [ 7.75, 7.875, 8.25, 8.125 ], "texture": "#texture" },
        "north": { "uv": [ 7.75, 11.5, 8.25, 11.625 ], "texture": "#texture" },
        "south": { "uv": [ 7.75, 11.5, 8.25, 11.625 ], "texture": "#texture" },
        "west":  { "uv": [ 7.875, 11.5, 8.125, 11.625 ], "texture": "#texture" },
        "east":  { "uv": [ 7.875, 11.5, 8.125, 11.625 ], "texture": "#texture" }
    }
},
{
    "__comment": "Sword",
    "from": [ 7.75, 0.625, 8.125 ],
    "to": [ 8.25, 0.75, 8.375 ],
    "faces": {
        "down":  { "uv": [ 8.25, 8.375, 7.75, 8.125 ], "texture": "#texture" },
        "up":    { "uv": [ 7.75, 8.125, 8.25, 8.375 ], "texture": "#texture" },
        "north": { "uv": [ 7.75, 15.25, 8.25, 15.375 ], "texture": "#texture" },
        "south": { "uv": [ 7.75, 15.25, 8.25, 15.375 ], "texture": "#texture" },
        "west":  { "uv": [ 8.125, 15.25, 8.375, 15.375 ], "texture": "#texture" },
        "east":  { "uv": [ 7.625, 15.25, 7.875, 15.375 ], "texture": "#texture" }
    }
},
{
    "__comment": "Sword",
    "from": [ 7.75, 0.75, 8.125 ],
    "to": [ 8.25, 1, 8.25 ],
    "faces": {
        "down":  { "uv": [ 8.25, 8.25, 7.75, 8.125 ], "texture": "#texture" },
        "up":    { "uv": [ 7.75, 8.125, 8.25, 8.25 ], "texture": "#texture" },
        "north": { "uv": [ 7.75, 15, 8.25, 15.25 ], "texture": "#texture" },
        "south": { "uv": [ 7.75, 15, 8.25, 15.25 ], "texture": "#texture" },
        "west":  { "uv": [ 8.125, 15, 8.25, 15.25 ], "texture": "#texture" },
        "east":  { "uv": [ 7.75, 15, 7.875, 15.25 ], "texture": "#texture" }
    }
},
{
    "__comment": "Sword",
    "from": [ 7.75, 0.125, 8.25 ],
    "to": [ 8.25, 0.25, 8.375 ],
    "faces": {
        "down":  { "uv": [ 8.25, 8.375, 7.75, 8.25 ], "texture": "#texture" },
        "up":    { "uv": [ 7.75, 8.25, 8.25, 8.375 ], "texture": "#texture" },
        "north": { "uv": [ 7.75, 15.75, 8.25, 15.875 ], "texture": "#texture" },
        "south": { "uv": [ 7.75, 15.75, 8.25, 15.875 ], "texture": "#texture" },
        "west":  { "uv": [ 8.25, 15.75, 8.375, 15.875 ], "texture": "#texture" },
        "east":  { "uv": [ 7.625, 15.75, 7.75, 15.875 ], "texture": "#texture" }
    }
},
{
    "__comment": "Sword",
    "from": [ 7.75, 4.375, 9.5 ],
    "to": [ 8.25, 4.5, 9.75 ],
    "faces": {
        "down":  { "uv": [ 8.25, 9.75, 7.75, 9.5 ], "texture": "#texture" },
        "up":    { "uv": [ 7.75, 9.5, 8.25, 9.75 ], "texture": "#texture" },
        "north": { "uv": [ 7.75, 11.5, 8.25, 11.625 ], "texture": "#texture" },
        "south": { "uv": [ 7.75, 11.5, 8.25, 11.625 ], "texture": "#texture" },
        "west":  { "uv": [ 9.5, 11.5, 9.75, 11.625 ], "texture": "#texture" },
        "east":  { "uv": [ 6.25, 11.5, 6.5, 11.625 ], "texture": "#texture" }
    }
},
{
    "__comment": "Sword",
    "from": [ 7.75, 4.125, 9.625 ],
    "to": [ 8.25, 4.25, 10 ],
    "faces": {
        "down":  { "uv": [ 8.25, 10, 7.75, 9.625 ], "texture": "#texture" },
        "up":    { "uv": [ 7.75, 9.625, 8.25, 10 ], "texture": "#texture" },
        "north": { "uv": [ 7.75, 11.75, 8.25, 11.875 ], "texture": "#texture" },
        "south": { "uv": [ 7.75, 11.75, 8.25, 11.875 ], "texture": "#texture" },
        "west":  { "uv": [ 9.625, 11.75, 10, 11.875 ], "texture": "#texture" },
        "east":  { "uv": [ 6, 11.75, 6.375, 11.875 ], "texture": "#texture" }
    }
},
{
    "__comment": "Sword",
    "from": [ 7.75, 4.25, 9.625 ],
    "to": [ 8.25, 4.375, 9.75 ],
    "faces": {
        "down":  { "uv": [ 8.25, 9.75, 7.75, 9.625 ], "texture": "#texture" },
        "up":    { "uv": [ 7.75, 9.625, 8.25, 9.75 ], "texture": "#texture" },
        "north": { "uv": [ 7.75, 11.625, 8.25, 11.75 ], "texture": "#texture" },
        "south": { "uv": [ 7.75, 11.625, 8.25, 11.75 ], "texture": "#texture" },
        "west":  { "uv": [ 9.625, 11.625, 9.75, 11.75 ], "texture": "#texture" },
        "east":  { "uv": [ 6.25, 11.625, 6.375, 11.75 ], "texture": "#texture" }
    }
},
{
    "__comment": "Sword",
    "from": [ 7.75, 4.5, 9.625 ],
    "to": [ 8.25, 4.625, 10.125 ],
    "faces": {
        "down":  { "uv": [ 8.25, 10.125, 7.75, 9.625 ], "texture": "#texture" },
        "up":    { "uv": [ 7.75, 9.625, 8.25, 10.125 ], "texture": "#texture" },
        "north": { "uv": [ 7.75, 11.375, 8.25, 11.5 ], "texture": "#texture" },
        "south": { "uv": [ 7.75, 11.375, 8.25, 11.5 ], "texture": "#texture" },
        "west":  { "uv": [ 9.625, 11.375, 10.125, 11.5 ], "texture": "#texture" },
        "east":  { "uv": [ 5.875, 11.375, 6.375, 11.5 ], "texture": "#texture" }
    }
},
{
    "__comment": "Sword",
    "from": [ 7.75, 4.625, 9.75 ],
    "to": [ 8.25, 4.75, 10 ],
    "faces": {
        "down":  { "uv": [ 8.25, 10, 7.75, 9.75 ], "texture": "#texture" },
        "up":    { "uv": [ 7.75, 9.75, 8.25, 10 ], "texture": "#texture" },
        "north": { "uv": [ 7.75, 11.25, 8.25, 11.375 ], "texture": "#texture" },
        "south": { "uv": [ 7.75, 11.25, 8.25, 11.375 ], "texture": "#texture" },
        "west":  { "uv": [ 9.75, 11.25, 10, 11.375 ], "texture": "#texture" },
        "east":  { "uv": [ 6, 11.25, 6.25, 11.375 ], "texture": "#texture" }
    }
},
{
    "__comment": "Sword",
    "from": [ 7.75, 4.25, 9.875 ],
    "to": [ 8.25, 4.375, 10.125 ],
    "faces": {
        "down":  { "uv": [ 8.25, 10.125, 7.75, 9.875 ], "texture": "#texture" },
        "up":    { "uv": [ 7.75, 9.875, 8.25, 10.125 ], "texture": "#texture" },
        "north": { "uv": [ 7.75, 11.625, 8.25, 11.75 ], "texture": "#texture" },
        "south": { "uv": [ 7.75, 11.625, 8.25, 11.75 ], "texture": "#texture" },
        "west":  { "uv": [ 9.875, 11.625, 10.125, 11.75 ], "texture": "#texture" },
        "east":  { "uv": [ 5.875, 11.625, 6.125, 11.75 ], "texture": "#texture" }
    }
},
{
    "__comment": "Sword",
    "from": [ 7.75, 4.375, 10 ],
    "to": [ 8.25, 4.5, 10.125 ],
    "faces": {
        "down":  { "uv": [ 8.25, 10.125, 7.75, 10 ], "texture": "#texture" },
        "up":    { "uv": [ 7.75, 10, 8.25, 10.125 ], "texture": "#texture" },
        "north": { "uv": [ 7.75, 11.5, 8.25, 11.625 ], "texture": "#texture" },
        "south": { "uv": [ 7.75, 11.5, 8.25, 11.625 ], "texture": "#texture" },
        "west":  { "uv": [ 10, 11.5, 10.125, 11.625 ], "texture": "#texture" },
        "east":  { "uv": [ 5.875, 11.5, 6, 11.625 ], "texture": "#texture" }
    }
},
{
    "__comment": "Sword",
    "from": [ 7.875, 4.125, 5.875 ],
    "to": [ 8.125, 4.25, 6 ],
    "faces": {
        "down":  { "uv": [ 8.125, 6, 7.875, 5.875 ], "texture": "#texture" },
        "up":    { "uv": [ 7.875, 5.875, 8.125, 6 ], "texture": "#texture" },
        "north": { "uv": [ 7.875, 11.75, 8.125, 11.875 ], "texture": "#texture" },
        "south": { "uv": [ 7.875, 11.75, 8.125, 11.875 ], "texture": "#texture" },
        "west":  { "uv": [ 5.875, 11.75, 6, 11.875 ], "texture": "#texture" },
        "east":  { "uv": [ 10, 11.75, 10.125, 11.875 ], "texture": "#texture" }
    }
},
{
    "__comment": "Sword",
    "from": [ 7.875, 4.625, 6.25 ],
    "to": [ 8.125, 4.75, 6.375 ],
    "faces": {
        "down":  { "uv": [ 8.125, 6.375, 7.875, 6.25 ], "texture": "#texture" },
        "up":    { "uv": [ 7.875, 6.25, 8.125, 6.375 ], "texture": "#texture" },
        "north": { "uv": [ 7.875, 11.25, 8.125, 11.375 ], "texture": "#texture" },
        "south": { "uv": [ 7.875, 11.25, 8.125, 11.375 ], "texture": "#texture" },
        "west":  { "uv": [ 6.25, 11.25, 6.375, 11.375 ], "texture": "#texture" },
        "east":  { "uv": [ 9.625, 11.25, 9.75, 11.375 ], "texture": "#texture" }
    }
},
{
    "__comment": "Sword",
    "from": [ 7.875, 4.25, 6.375 ],
    "to": [ 8.125, 4.375, 6.625 ],
    "faces": {
        "down":  { "uv": [ 8.125, 6.625, 7.875, 6.375 ], "texture": "#texture" },
        "up":    { "uv": [ 7.875, 6.375, 8.125, 6.625 ], "texture": "#texture" },
        "north": { "uv": [ 7.875, 11.625, 8.125, 11.75 ], "texture": "#texture" },
        "south": { "uv": [ 7.875, 11.625, 8.125, 11.75 ], "texture": "#texture" },
        "west":  { "uv": [ 6.375, 11.625, 6.625, 11.75 ], "texture": "#texture" },
        "east":  { "uv": [ 9.375, 11.625, 9.625, 11.75 ], "texture": "#texture" }
    }
},
{
    "__comment": "Sword",
    "from": [ 7.875, 4.5, 6.375 ],
    "to": [ 8.125, 4.625, 9.625 ],
    "faces": {
        "down":  { "uv": [ 8.125, 9.625, 7.875, 6.375 ], "texture": "#texture" },
        "up":    { "uv": [ 7.875, 6.375, 8.125, 9.625 ], "texture": "#texture" },
        "north": { "uv": [ 7.875, 11.375, 8.125, 11.5 ], "texture": "#texture" },
        "south": { "uv": [ 7.875, 11.375, 8.125, 11.5 ], "texture": "#texture" },
        "west":  { "uv": [ 6.375, 11.375, 9.625, 11.5 ], "texture": "#texture" },
        "east":  { "uv": [ 6.375, 11.375, 9.625, 11.5 ], "texture": "#texture" }
    }
},
{
    "__comment": "Sword",
    "from": [ 7.875, 4.375, 6.5 ],
    "to": [ 8.125, 4.5, 7.875 ],
    "faces": {
        "down":  { "uv": [ 8.125, 7.875, 7.875, 6.5 ], "texture": "#texture" },
        "up":    { "uv": [ 7.875, 6.5, 8.125, 7.875 ], "texture": "#texture" },
        "north": { "uv": [ 7.875, 11.5, 8.125, 11.625 ], "texture": "#texture" },
        "south": { "uv": [ 7.875, 11.5, 8.125, 11.625 ], "texture": "#texture" },
        "west":  { "uv": [ 6.5, 11.5, 7.875, 11.625 ], "texture": "#texture" },
        "east":  { "uv": [ 8.125, 11.5, 9.5, 11.625 ], "texture": "#texture" }
    }
},
{
    "__comment": "Sword",
    "from": [ 7.875, 0.75, 7.625 ],
    "to": [ 8.125, 1, 7.75 ],
    "faces": {
        "down":  { "uv": [ 8.125, 7.75, 7.875, 7.625 ], "texture": "#texture" },
        "up":    { "uv": [ 7.875, 7.625, 8.125, 7.75 ], "texture": "#texture" },
        "north": { "uv": [ 7.875, 15, 8.125, 15.25 ], "texture": "#texture" },
        "south": { "uv": [ 7.875, 15, 8.125, 15.25 ], "texture": "#texture" },
        "west":  { "uv": [ 7.625, 15, 7.75, 15.25 ], "texture": "#texture" },
        "east":  { "uv": [ 8.25, 15, 8.375, 15.25 ], "texture": "#texture" }
    }
},
{
    "__comment": "Sword",
    "from": [ 7.875, 3.875, 7.625 ],
    "to": [ 8.125, 4, 7.75 ],
    "faces": {
        "down":  { "uv": [ 8.125, 7.75, 7.875, 7.625 ], "texture": "#texture" },
        "up":    { "uv": [ 7.875, 7.625, 8.125, 7.75 ], "texture": "#texture" },
        "north": { "uv": [ 7.875, 12, 8.125, 12.125 ], "texture": "#texture" },
        "south": { "uv": [ 7.875, 12, 8.125, 12.125 ], "texture": "#texture" },
        "west":  { "uv": [ 7.625, 12, 7.75, 12.125 ], "texture": "#texture" },
        "east":  { "uv": [ 8.25, 12, 8.375, 12.125 ], "texture": "#texture" }
    }
},
{
    "__comment": "Sword",
    "from": [ 7.875, 4.625, 7.625 ],
    "to": [ 8.125, 14.5, 8.3125 ],
    "faces": {
        "down":  { "uv": [ 0.5, 0, 2, 1 ], "texture": "#particle" },
        "up":    { "uv": [ 2.5, 0, 4, 1 ], "texture": "#particle" },
        "north": { "uv": [ 0, 0, 3.5, 7.5 ], "texture": "#particle" },
        "south": { "uv": [ 0, 0, 3, 7.5 ], "texture": "#particle" },
        "west":  { "uv": [ 0, 0, 3.5, 7.5 ], "texture": "#particle" },
        "east":  { "uv": [ 0, 0, 3.5, 7 ], "texture": "#particle" }
    }
},
{
    "__comment": "Sword",
    "from": [ 7.875, 14.5, 7.75 ],
    "to": [ 8, 14.875, 8.25 ],
    "faces": {
        "down":  { "uv": [ 4, 0, 4.125, 0.5 ], "texture": "#particle" },
        "up":    { "uv": [ 5, 0, 5.125, 0.5 ], "texture": "#particle" },
        "north": { "uv": [ 3, 0, 3.125, 0.375 ], "texture": "#particle" },
        "south": { "uv": [ 3.5, 0, 3.625, 0.375 ], "texture": "#particle" },
        "west":  { "uv": [ 3, 0, 3.5, 0.375 ], "texture": "#particle" },
        "east":  { "uv": [ 3.5, 0, 4, 0.375 ], "texture": "#particle" }
    }
},
{
    "__comment": "Sword",
    "from": [ 7.875, 14.875, 7.875 ],
    "to": [ 8, 15.25, 8.125 ],
    "faces": {
        "down":  { "uv": [ 4, 0, 4.125, 0.25 ], "texture": "#particle" },
        "up":    { "uv": [ 4, 0, 4.125, 0.25 ], "texture": "#particle" },
        "north": { "uv": [ 3.5, 0, 3.625, 0.375 ], "texture": "#particle" },
        "south": { "uv": [ 3, 0, 3.125, 0.375 ], "texture": "#particle" },
        "west":  { "uv": [ 3.5, 0, 3.75, 0.375 ], "texture": "#particle" },
        "east":  { "uv": [ 3, 0, 3.25, 0.375 ], "texture": "#particle" }
    }
},
{
    "__comment": "Sword",
    "from": [ 7.875, 4.375, 8.125 ],
    "to": [ 8.125, 4.5, 9.5 ],
    "faces": {
        "down":  { "uv": [ 8.125, 9.5, 7.875, 8.125 ], "texture": "#texture" },
        "up":    { "uv": [ 7.875, 8.125, 8.125, 9.5 ], "texture": "#texture" },
        "north": { "uv": [ 7.875, 11.5, 8.125, 11.625 ], "texture": "#texture" },
        "south": { "uv": [ 7.875, 11.5, 8.125, 11.625 ], "texture": "#texture" },
        "west":  { "uv": [ 8.125, 11.5, 9.5, 11.625 ], "texture": "#texture" },
        "east":  { "uv": [ 6.5, 11.5, 7.875, 11.625 ], "texture": "#texture" }
    }
},
{
    "__comment": "Sword",
    "from": [ 7.875, 0.75, 8.25 ],
    "to": [ 8.125, 1, 8.375 ],
    "faces": {
        "down":  { "uv": [ 8.125, 8.375, 7.875, 8.25 ], "texture": "#texture" },
        "up":    { "uv": [ 7.875, 8.25, 8.125, 8.375 ], "texture": "#texture" },
        "north": { "uv": [ 7.875, 15, 8.125, 15.25 ], "texture": "#texture" },
        "south": { "uv": [ 7.875, 15, 8.125, 15.25 ], "texture": "#texture" },
        "west":  { "uv": [ 8.25, 15, 8.375, 15.25 ], "texture": "#texture" },
        "east":  { "uv": [ 7.625, 15, 7.75, 15.25 ], "texture": "#texture" }
    }
},
{
    "__comment": "Sword",
    "from": [ 7.875, 3.875, 8.25 ],
    "to": [ 8.125, 4, 8.375 ],
    "faces": {
        "down":  { "uv": [ 8.125, 8.375, 7.875, 8.25 ], "texture": "#texture" },
        "up":    { "uv": [ 7.875, 8.25, 8.125, 8.375 ], "texture": "#texture" },
        "north": { "uv": [ 7.875, 12, 8.125, 12.125 ], "texture": "#texture" },
        "south": { "uv": [ 7.875, 12, 8.125, 12.125 ], "texture": "#texture" },
        "west":  { "uv": [ 8.25, 12, 8.375, 12.125 ], "texture": "#texture" },
        "east":  { "uv": [ 7.625, 12, 7.75, 12.125 ], "texture": "#texture" }
    }
},
{
    "__comment": "Sword",
    "from": [ 7.875, 4.25, 9.375 ],
    "to": [ 8.125, 4.375, 9.625 ],
    "faces": {
        "down":  { "uv": [ 8.125, 9.625, 7.875, 9.375 ], "texture": "#texture" },
        "up":    { "uv": [ 7.875, 9.375, 8.125, 9.625 ], "texture": "#texture" },
        "north": { "uv": [ 7.875, 11.625, 8.125, 11.75 ], "texture": "#texture" },
        "south": { "uv": [ 7.875, 11.625, 8.125, 11.75 ], "texture": "#texture" },
        "west":  { "uv": [ 9.375, 11.625, 9.625, 11.75 ], "texture": "#texture" },
        "east":  { "uv": [ 6.375, 11.625, 6.625, 11.75 ], "texture": "#texture" }
    }
},
{
    "__comment": "Sword",
    "from": [ 7.875, 4.625, 9.625 ],
    "to": [ 8.125, 4.75, 9.75 ],
    "faces": {
        "down":  { "uv": [ 8.125, 9.75, 7.875, 9.625 ], "texture": "#texture" },
        "up":    { "uv": [ 7.875, 9.625, 8.125, 9.75 ], "texture": "#texture" },
        "north": { "uv": [ 7.875, 11.25, 8.125, 11.375 ], "texture": "#texture" },
        "south": { "uv": [ 7.875, 11.25, 8.125, 11.375 ], "texture": "#texture" },
        "west":  { "uv": [ 9.625, 11.25, 9.75, 11.375 ], "texture": "#texture" },
        "east":  { "uv": [ 6.25, 11.25, 6.375, 11.375 ], "texture": "#texture" }
    }
},
{
    "__comment": "Sword",
    "from": [ 7.875, 4.125, 10 ],
    "to": [ 8.125, 4.25, 10.125 ],
    "faces": {
        "down":  { "uv": [ 8.125, 10.125, 7.875, 10 ], "texture": "#texture" },
        "up":    { "uv": [ 7.875, 10, 8.125, 10.125 ], "texture": "#texture" },
        "north": { "uv": [ 7.875, 11.75, 8.125, 11.875 ], "texture": "#texture" },
        "south": { "uv": [ 7.875, 11.75, 8.125, 11.875 ], "texture": "#texture" },
        "west":  { "uv": [ 10, 11.75, 10.125, 11.875 ], "texture": "#texture" },
        "east":  { "uv": [ 5.875, 11.75, 6, 11.875 ], "texture": "#texture" }
    }
},
{
    "__comment": "Sword*",
    "from": [ 8, 14.5, 7.75 ],
    "to": [ 8.125, 14.875, 8.25 ],
    "faces": {
        "down":  { "uv": [ 4, 0, 4.125, 0.5 ], "texture": "#particle" },
        "up":    { "uv": [ 5, 0, 5.125, 0.5 ], "texture": "#particle" },
        "north": { "uv": [ 3, 0, 3.125, 0.375 ], "texture": "#particle" },
        "south": { "uv": [ 3.5, 0, 3.625, 0.375 ], "texture": "#particle" },
        "west":  { "uv": [ 3, 0, 3.5, 0.375 ], "texture": "#particle" },
        "east":  { "uv": [ 3.5, 0, 4, 0.375 ], "texture": "#particle" }
    }
},
{
    "__comment": "Sword*",
    "from": [ 8, 14.875, 7.875 ],
    "to": [ 8.125, 15.25, 8.125 ],
    "faces": {
        "down":  { "uv": [ 4, 0, 4.125, 0.25 ], "texture": "#particle" },
        "up":    { "uv": [ 4, 0, 4.125, 0.25 ], "texture": "#particle" },
        "north": { "uv": [ 3.5, 0, 3.625, 0.375 ], "texture": "#particle" },
        "south": { "uv": [ 3, 0, 3.125, 0.375 ], "texture": "#particle" },
        "west":  { "uv": [ 3.5, 0, 3.75, 0.375 ], "texture": "#particle" },
        "east":  { "uv": [ 3, 0, 3.25, 0.375 ], "texture": "#particle" }
    }
}
],
"display": {
		"thirdperson_righthand": {
			"translation":  [ 0, 10, 1 ],
			"scale":  [ 3, 2, 2 ]
		},
		"thirdperson_lefthand": {
			"translation":  [ 0, 10, 1 ],
			"scale":  [ 3, 2, 2 ]
		},
		"firstperson_righthand": {
			"rotation":  [ -28, 0, 0 ],
			"translation":  [ 0, 6.2608, 0 ],
			"scale":  [ 2, 1, 1 ]
		},
		"firstperson_lefthand": {
			"rotation":  [ -28, 0, 0 ],
			"translation":  [ 0, 6.2608, 0 ],
			"scale":  [ 2, 1, 1 ]
		},
		"gui": {
			"rotation":  [ 28, 38, -39 ],
			"translation":  [ -0.798, 0, 0 ],
			"scale":  [ 1.5, 1, 1.5 ]
		},
		"head": {
			"rotation":  [ 180, 0, 0 ],
			"translation":  [ 0, -10, 0 ],
			"scale":  [ 5, 5, 5 ]
		},
		"ground": {
			"rotation":  [ 0, 0, 90 ],
			"scale":  [ 3, 2, 2 ]
		}
	}
}