{
"__comment": "Designed by Flashtt with BDcraft Cubik PRO 0.96 Beta - http://bdcraft.net",
"textures": {
    "particle": "block/diamond_block",
    "texture": "block/spruce_planks",
    "emerald_block": "block/emerald_block"
},
"elements": [ 
{
    "from": [ 4.5, 10, 5 ],
    "to": [ 11.5, 11, 9 ],
    "faces": {
        "down":  { "uv": [ 0, 0, 16, 16 ], "rotation": 90, "texture": "#texture" },
        "up":    { "uv": [ 0, 0, 16, 16 ], "rotation": 90, "texture": "#texture" },
        "north": { "uv": [ 0, 0, 16, 16 ], "rotation": 90, "texture": "#texture" },
        "south": { "uv": [ 0, 0, 16, 16 ], "texture": "#texture" },
        "west":  { "uv": [ 0, 0, 16, 16 ], "texture": "#texture" },
        "east":  { "uv": [ 0, 0, 16, 16 ], "texture": "#texture" }
    }
},
{
    "from": [ 6, 10, 3.5 ],
    "to": [ 10, 11, 5 ],
    "faces": {
        "down":  { "uv": [ 0, 0, 8, 16 ], "rotation": 90, "texture": "#texture" },
        "up":    { "uv": [ 0, 0, 8, 16 ], "rotation": 90, "texture": "#texture" },
        "north": { "uv": [ 0, 0, 4, 16 ], "rotation": 90, "texture": "#texture" },
        "south": { "uv": [ 0, 0, 4, 16 ], "rotation": 90, "texture": "#texture" },
        "west":  { "uv": [ 0, 0, 16, 16 ], "texture": "#texture" },
        "east":  { "uv": [ 0, 0, 16, 16 ], "texture": "#texture" }
    }
},
{
    "from": [ 6, 9.99987, 3.5 ],
    "to": [ 7.5, 10.9999, 5.5625 ],
    "rotation": { "origin": [ 6, 9.99987, 3.5 ], "axis": "y", "angle": -45 },
    "faces": {
        "down":  { "uv": [ 0, 0, 11.5, 16 ], "texture": "#texture" },
        "up":    { "uv": [ 0, 0, 11.5, 16 ], "texture": "#texture" },
        "north": { "uv": [ 0, 0, 4, 16 ], "rotation": 90, "texture": "#texture" },
        "south": { "uv": [ 0, 0, 4, 16 ], "rotation": 90, "texture": "#texture" },
        "west":  { "uv": [ 0, 0, 4, 16 ], "texture": "#texture" },
        "east":  { "uv": [ 0, 0, 4, 16 ], "texture": "#texture" }
    }
},
{
    "from": [ 10.5, 9.99987, 8 ],
    "to": [ 12, 10.9999, 10.0625 ],
    "rotation": { "origin": [ 10.5, 9.99987, 8 ], "axis": "y", "angle": -45 },
    "faces": {
        "down":  { "uv": [ 0, 0, 6.5, 16 ], "texture": "#texture" },
        "up":    { "uv": [ 0, 0, 6.5, 16 ], "texture": "#texture" },
        "north": { "uv": [ 4, 5, 5.5, 6 ], "texture": "#texture" },
        "south": { "uv": [ 10.5, 5, 12, 6 ], "texture": "#texture" },
        "west":  { "uv": [ 0, 0, 4, 16 ], "texture": "#texture" },
        "east":  { "uv": [ 0, 0, 4, 16 ], "texture": "#texture" }
    }
},
{
    "from": [ 9, 9.99987, 4.5625 ],
    "to": [ 10.5, 10.9999, 6.625 ],
    "rotation": { "origin": [ 9, 9.99987, 4.5625 ], "axis": "y", "angle": 45 },
    "faces": {
        "down":  { "uv": [ 0, 0, 12.5, 16 ], "texture": "#texture" },
        "up":    { "uv": [ 0, 0, 12.5, 16 ], "texture": "#texture" },
        "north": { "uv": [ 5.5, 5, 7, 6 ], "texture": "#texture" },
        "south": { "uv": [ 9, 5, 10.5, 6 ], "texture": "#texture" },
        "west":  { "uv": [ 0, 0, 4, 16 ], "rotation": 90, "texture": "#texture" },
        "east":  { "uv": [ 0, 0, 4, 16 ], "rotation": 90, "texture": "#texture" }
    }
},
{
    "from": [ 4.5625, 9.99987, 9 ],
    "to": [ 6.0625, 10.9999, 11.0625 ],
    "rotation": { "origin": [ 4.5625, 9.99987, 9 ], "axis": "y", "angle": 45 },
    "faces": {
        "down":  { "uv": [ 0, 0, 12, 16 ], "texture": "#texture" },
        "up":    { "uv": [ 0, 0, 12, 16 ], "texture": "#texture" },
        "north": { "uv": [ 9.9375, 5, 11.4375, 6 ], "texture": "#texture" },
        "south": { "uv": [ 4.5625, 5, 6.0625, 6 ], "texture": "#texture" },
        "west":  { "uv": [ 0, 0, 4, 16 ], "rotation": 90, "texture": "#texture" },
        "east":  { "uv": [ 0, 0, 4, 16 ], "rotation": 90, "texture": "#texture" }
    }
},
{
    "from": [ 7.5, 5, 6.5 ],
    "to": [ 8.5, 10, 7.5 ],
    "faces": {
        "down":  { "uv": [ 0, 0, 4, 16 ], "texture": "#texture" },
        "up":    { "uv": [ 0, 0, 4, 16 ], "texture": "#texture" },
        "north": { "uv": [ 0, 0, 4, 16 ], "texture": "#texture" },
        "south": { "uv": [ 0, 0, 4, 16 ], "texture": "#texture" },
        "west":  { "uv": [ 0, 0, 4, 16 ], "texture": "#texture" },
        "east":  { "uv": [ 0, 0, 4, 16 ], "texture": "#texture" }
    }
},
{
    "from": [ 5.5, 4, 4.5 ],
    "to": [ 10.5, 4.5, 9.5 ],
    "faces": {
        "down":  { "uv": [ 0, 0, 16, 16 ], "texture": "#texture" },
        "up":    { "uv": [ 0, 0, 16, 16 ], "texture": "#texture" },
        "north": { "uv": [ 0, 0, 4, 16 ], "rotation": 90, "texture": "#texture" },
        "south": { "uv": [ 0, 0, 4, 16 ], "rotation": 90, "texture": "#texture" },
        "west":  { "uv": [ 0, 0, 4, 16 ], "rotation": 90, "texture": "#texture" },
        "east":  { "uv": [ 0, 0, 4, 16 ], "rotation": 90, "texture": "#texture" }
    }
},
{
    "from": [ 7, 4.5, 6 ],
    "to": [ 9, 5, 8 ],
    "faces": {
        "down":  { "uv": [ 0, 0, 4, 4 ], "texture": "#texture" },
        "up":    { "uv": [ 0, 0, 4, 4 ], "texture": "#texture" },
        "north": { "uv": [ 0, 0, 4, 16 ], "rotation": 90, "texture": "#texture" },
        "south": { "uv": [ 0, 0, 4, 16 ], "rotation": 90, "texture": "#texture" },
        "west":  { "uv": [ 0, 0, 4, 16 ], "rotation": 90, "texture": "#texture" },
        "east":  { "uv": [ 0, 0, 4, 16 ], "rotation": 90, "texture": "#texture" }
    }
},
{
    "from": [ 6, 11, 5 ],
    "to": [ 7.5, 15, 6.5 ],
    "faces": {
        "down":  { "uv": [ 10.5, 0.5, 15.5, 7.5 ], "texture": "#emerald_block" },
        "up":    { "uv": [ 4, 8, 9, 13.5 ], "texture": "#emerald_block" },
        "north": { "uv": [ 0, 9, 5, 16 ], "texture": "#emerald_block" },
        "south": { "uv": [ 4.5, 0.5, 9.5, 7.5 ], "texture": "#emerald_block" },
        "west":  { "uv": [ 10.5, 0.5, 15.5, 7.5 ], "texture": "#emerald_block" },
        "east":  { "uv": [ 0.5, 5, 5.5, 12 ], "texture": "#emerald_block" }
    }
},
{
    "from": [ 6.5, 15, 5.5 ],
    "to": [ 7, 16, 6 ],
    "faces": {
        "down":  { "uv": [ 9.5, 6, 9, 5.5 ], "texture": "#emerald_block" },
        "up":    { "uv": [ 6.5, 5.5, 7, 6 ], "texture": "#emerald_block" },
        "north": { "uv": [ 11.5, 0.5, 13, 3.5 ], "texture": "#emerald_block" },
        "south": { "uv": [ 9, 2, 10.5, 5 ], "texture": "#emerald_block" },
        "west":  { "uv": [ 5, 9.5, 6.5, 12.5 ], "texture": "#emerald_block" },
        "east":  { "uv": [ 1.5, 4.5, 3, 7.5 ], "texture": "#emerald_block" }
    }
},
{
    "from": [ 6.375, 15.8125, 5.375 ],
    "to": [ 7.125, 16.125, 6.125 ],
    "faces": {
        "down":  { "uv": [ 0, 8.5, 1, 9.5 ], "texture": "#particle" },
        "up":    { "uv": [ 0, 8.5, 1, 9.5 ], "texture": "#particle" },
        "north": { "uv": [ 8.875, 0, 9.625, 0.1875 ], "texture": "#particle" },
        "south": { "uv": [ 6.375, 0, 7.125, 0.1875 ], "texture": "#particle" },
        "west":  { "uv": [ 5.375, 0, 6.125, 0.1875 ], "texture": "#particle" },
        "east":  { "uv": [ 9.875, 0, 10.625, 0.1875 ], "texture": "#particle" }
    }
},
{
    "from": [ 9, 11, 6.5 ],
    "to": [ 10, 11.3, 7.5 ],
    "faces": {
        "down":  { "uv": [ 0, 0, 4, 4 ], "texture": "#particle" },
        "up":    { "uv": [ 0, 0, 4, 4 ], "texture": "#particle" },
        "north": { "uv": [ 0, 0, 4, 4 ], "texture": "#particle" },
        "south": { "uv": [ 0, 0, 4, 4 ], "texture": "#particle" },
        "west":  { "uv": [ 0, 0, 4, 4 ], "texture": "#particle" },
        "east":  { "uv": [ 0, 0, 4, 4 ], "texture": "#particle" }
    }
},
{
    "from": [ 9, 11.3, 6.5 ],
    "to": [ 9.0625, 12.3, 7.5 ],
    "faces": {
        "down":  { "uv": [ 0, 0, 4, 4 ], "texture": "#particle" },
        "up":    { "uv": [ 0, 0, 4, 4 ], "texture": "#particle" },
        "north": { "uv": [ 0, 0, 4, 4 ], "texture": "#particle" },
        "south": { "uv": [ 0, 0, 4, 4 ], "texture": "#particle" },
        "west":  { "uv": [ 0, 0, 4, 4 ], "texture": "#particle" },
        "east":  { "uv": [ 0, 0, 4, 4 ], "texture": "#particle" }
    }
},
{
    "from": [ 9.95, 11.3, 6.5 ],
    "to": [ 10.0125, 12.3, 7.5 ],
    "faces": {
        "down":  { "uv": [ 0, 0, 4, 4 ], "texture": "#particle" },
        "up":    { "uv": [ 0, 0, 4, 4 ], "texture": "#particle" },
        "north": { "uv": [ 0, 0, 4, 4 ], "texture": "#particle" },
        "south": { "uv": [ 0, 0, 4, 4 ], "texture": "#particle" },
        "west":  { "uv": [ 0, 0, 4, 4 ], "texture": "#particle" },
        "east":  { "uv": [ 0, 0, 4, 4 ], "texture": "#particle" }
    }
},
{
    "from": [ 9, 11.3, 6.5 ],
    "to": [ 10, 12.3, 6.5625 ],
    "faces": {
        "down":  { "uv": [ 0, 0, 4, 4 ], "texture": "#particle" },
        "up":    { "uv": [ 0, 0, 4, 4 ], "texture": "#particle" },
        "north": { "uv": [ 0, 0, 4, 4 ], "texture": "#particle" },
        "south": { "uv": [ 0, 0, 4, 4 ], "texture": "#particle" },
        "west":  { "uv": [ 0, 0, 4, 4 ], "texture": "#particle" },
        "east":  { "uv": [ 0, 0, 4, 4 ], "texture": "#particle" }
    }
},
{
    "from": [ 9, 11.3, 7.45 ],
    "to": [ 10, 12.3, 7.5125 ],
    "faces": {
        "down":  { "uv": [ 0, 0, 4, 4 ], "texture": "#particle" },
        "up":    { "uv": [ 0, 0, 4, 4 ], "texture": "#particle" },
        "north": { "uv": [ 0, 0, 4, 4 ], "texture": "#particle" },
        "south": { "uv": [ 0, 0, 4, 4 ], "texture": "#particle" },
        "west":  { "uv": [ 0, 0, 4, 4 ], "texture": "#particle" },
        "east":  { "uv": [ 0, 0, 4, 4 ], "texture": "#particle" }
    }
},
{
    "from": [ 6, 10, 9 ],
    "to": [ 10, 11, 10.5 ],
    "faces": {
        "down":  { "uv": [ 0, 0, 8, 16 ], "rotation": 90, "texture": "#texture" },
        "up":    { "uv": [ 0, 0, 8, 16 ], "rotation": 90, "texture": "#texture" },
        "north": { "uv": [ 0, 0, 4, 16 ], "rotation": 90, "texture": "#texture" },
        "south": { "uv": [ 0, 0, 4, 16 ], "rotation": 90, "texture": "#texture" },
        "west":  { "uv": [ 0, 0, 16, 16 ], "texture": "#texture" },
        "east":  { "uv": [ 0, 0, 16, 16 ], "texture": "#texture" }
    }
}
],
"display": {
    "thirdperson_righthand": {
        "rotation": [ 0, 0, 0 ],
        "translation": [ -6, -14, 0 ],
        "scale": [ 2, 2, 2 ]
    }
}
}