{
    "__comment": "Model generated using MrCrayfish's Model Creator (http://mrcrayfish.com/modelcreator/)",
    "textures": {
        "0": "block/extra/metal_0",
        "1": "block/extra/metal_1",
        "2": "block/extra/lattice",
        "3": "block/extra/toast"
    },
    "elements": [
        {
            "name": "Cube",
            "from": [ 1.0, 0.0, 4.0 ], 
            "to": [ 15.0, 8.0, 5.0 ], 
            "faces": {
                "north": { "texture": "#0", "uv": [ 0.0, 0.0, 8.0, 8.0 ] },
                "east": { "texture": "#0", "uv": [ 0.0, 0.0, 1.0, 8.0 ] },
                "south": { "texture": "#0", "uv": [ 0.0, 0.0, 8.0, 8.0 ] },
                "west": { "texture": "#0", "uv": [ 0.0, 0.0, 1.0, 8.0 ] },
                "up": { "texture": "#0", "uv": [ 0.0, 0.0, 8.0, 1.0 ] },
                "down": { "texture": "#0", "uv": [ 0.0, 7.0, 8.0, 8.0 ] }
            }
        },
        {
            "name": "Cube",
            "from": [ 1.0, 0.0, 11.0 ], 
            "to": [ 15.0, 8.0, 12.0 ], 
            "faces": {
                "north": { "texture": "#0", "uv": [ 0.0, 0.0, 8.0, 8.0 ] },
                "east": { "texture": "#0", "uv": [ 0.0, 0.0, 1.0, 8.0 ] },
                "south": { "texture": "#0", "uv": [ 0.0, 0.0, 8.0, 8.0 ] },
                "west": { "texture": "#0", "uv": [ 0.0, 0.0, 1.0, 8.0 ] },
                "up": { "texture": "#0", "uv": [ 0.0, 0.0, 8.0, 1.0 ] },
                "down": { "texture": "#0", "uv": [ 0.0, 0.0, 8.0, 1.0 ] }
            }
        },
        {
            "name": "Cube",
            "from": [ 1.0, 0.0, 5.0 ], 
            "to": [ 15.0, 1.0, 11.0 ], 
            "faces": {
                "north": { "texture": "#0", "uv": [ 0.0, 0.0, 8.0, 1.0 ] },
                "east": { "texture": "#0", "uv": [ 0.0, 7.0, 6.0, 8.0 ] },
                "south": { "texture": "#0", "uv": [ 0.0, 0.0, 8.0, 1.0 ] },
                "west": { "texture": "#0", "uv": [ 0.0, 7.0, 6.0, 8.0 ] },
                "up": { "texture": "#0", "uv": [ 0.0, 0.0, 8.0, 8.0 ] },
                "down": { "texture": "#0", "uv": [ 0.0, 1.0, 8.0, 7.0 ] }
            }
        },
        {
            "name": "Cube",
            "from": [ 0.0, 0.0, 4.0 ], 
            "to": [ 1.0, 8.0, 12.0 ], 
            "faces": {
                "north": { "texture": "#1", "uv": [ 10.0, 0.0, 12.0, 2.0 ] },
                "east": { "texture": "#1", "uv": [ 10.0, 0.0, 12.0, 2.0 ] },
                "south": { "texture": "#1", "uv": [ 10.0, 0.0, 12.0, 2.0 ] },
                "west": { "texture": "#1", "uv": [ 10.0, 0.0, 12.0, 2.0 ] },
                "up": { "texture": "#1", "uv": [ 10.0, 0.0, 12.0, 2.0 ] },
                "down": { "texture": "#1", "uv": [ 10.0, 0.0, 12.0, 2.0 ] }
            }
        },
        {
            "name": "Cube",
            "from": [ 15.0, 0.0, 4.0 ], 
            "to": [ 16.0, 8.0, 12.0 ], 
            "faces": {
                "north": { "texture": "#1", "uv": [ 10.0, 0.0, 12.0, 2.0 ] },
                "east": { "texture": "#1", "uv": [ 10.0, 0.0, 12.0, 2.0 ] },
                "south": { "texture": "#1", "uv": [ 10.0, 0.0, 12.0, 2.0 ] },
                "west": { "texture": "#1", "uv": [ 10.0, 0.0, 12.0, 2.0 ] },
                "up": { "texture": "#1", "uv": [ 10.0, 0.0, 12.0, 2.0 ] },
                "down": { "texture": "#1", "uv": [ 10.0, 0.0, 12.0, 2.0 ] }
            }
        },
        {
            "name": "Cube",
            "from": [ 1.0, 7.0, 5.0 ], 
            "to": [ 15.0, 8.0, 6.2 ], 
            "faces": {
                "north": { "texture": "#1", "uv": [ 10.0, 0.0, 12.0, 2.0 ] },
                "east": { "texture": "#1", "uv": [ 10.0, 0.0, 12.0, 2.0 ] },
                "south": { "texture": "#1", "uv": [ 10.0, 0.0, 12.0, 2.0 ] },
                "west": { "texture": "#1", "uv": [ 10.0, 0.0, 12.0, 2.0 ] },
                "up": { "texture": "#1", "uv": [ 10.0, 0.0, 12.0, 2.0 ] },
                "down": { "texture": "#1", "uv": [ 10.0, 0.0, 12.0, 2.0 ] }
            }
        },
        {
            "name": "Cube",
            "from": [ 1.0, 7.0, 9.8 ], 
            "to": [ 15.0, 8.0, 11.0 ], 
            "faces": {
                "north": { "texture": "#1", "uv": [ 10.0, 0.0, 12.0, 2.0 ] },
                "east": { "texture": "#1", "uv": [ 10.0, 0.0, 12.0, 2.0 ] },
                "south": { "texture": "#1", "uv": [ 10.0, 0.0, 12.0, 2.0 ] },
                "west": { "texture": "#1", "uv": [ 10.0, 0.0, 12.0, 2.0 ] },
                "up": { "texture": "#1", "uv": [ 10.0, 0.0, 12.0, 2.0 ] },
                "down": { "texture": "#1", "uv": [ 10.0, 0.0, 12.0, 2.0 ] }
            }
        },
        {
            "name": "Cube",
            "from": [ 1.0, 7.0, 7.4 ], 
            "to": [ 15.0, 8.0, 8.6 ], 
            "faces": {
                "north": { "texture": "#1", "uv": [ 10.0, 0.0, 12.0, 2.0 ] },
                "east": { "texture": "#1", "uv": [ 10.0, 0.0, 12.0, 2.0 ] },
                "south": { "texture": "#1", "uv": [ 10.0, 0.0, 12.0, 2.0 ] },
                "west": { "texture": "#1", "uv": [ 10.0, 0.0, 12.0, 2.0 ] },
                "up": { "texture": "#1", "uv": [ 10.0, 0.0, 12.0, 2.0 ] },
                "down": { "texture": "#1", "uv": [ 10.0, 0.0, 12.0, 2.0 ] }
            }
        },
        {
            "name": "Cube",
            "from": [ 1.0, 7.0, 5.0 ], 
            "to": [ 3.0, 8.0, 11.0 ], 
            "faces": {
                "north": { "texture": "#1", "uv": [ 10.0, 0.0, 12.0, 2.0 ] },
                "east": { "texture": "#1", "uv": [ 10.0, 0.0, 12.0, 2.0 ] },
                "south": { "texture": "#1", "uv": [ 10.0, 0.0, 12.0, 2.0 ] },
                "west": { "texture": "#1", "uv": [ 10.0, 0.0, 12.0, 2.0 ] },
                "up": { "texture": "#1", "uv": [ 10.0, 0.0, 12.0, 2.0 ] },
                "down": { "texture": "#1", "uv": [ 10.0, 0.0, 12.0, 2.0 ] }
            }
        },
        {
            "name": "Cube",
            "from": [ 10.0, 7.0, 5.0 ], 
            "to": [ 12.0, 8.0, 11.0 ], 
            "faces": {
                "north": { "texture": "#1", "uv": [ 10.0, 0.0, 12.0, 2.0 ] },
                "east": { "texture": "#1", "uv": [ 10.0, 0.0, 12.0, 2.0 ] },
                "south": { "texture": "#1", "uv": [ 10.0, 0.0, 12.0, 2.0 ] },
                "west": { "texture": "#1", "uv": [ 10.0, 0.0, 12.0, 2.0 ] },
                "up": { "texture": "#1", "uv": [ 10.0, 0.0, 12.0, 2.0 ] },
                "down": { "texture": "#1", "uv": [ 10.0, 0.0, 12.0, 2.0 ] }
            }
        },
        {
            "name": "Cube",
            "from": [ 13.5, 7.0, 5.0 ], 
            "to": [ 15.5, 8.0, 11.0 ], 
            "faces": {
                "north": { "texture": "#1", "uv": [ 10.0, 0.0, 12.0, 2.0 ] },
                "east": { "texture": "#1", "uv": [ 10.0, 0.0, 12.0, 2.0 ] },
                "south": { "texture": "#1", "uv": [ 10.0, 0.0, 12.0, 2.0 ] },
                "west": { "texture": "#1", "uv": [ 10.0, 0.0, 12.0, 2.0 ] },
                "up": { "texture": "#1", "uv": [ 10.0, 0.0, 12.0, 2.0 ] },
                "down": { "texture": "#1", "uv": [ 10.0, 0.0, 12.0, 2.0 ] }
            }
        },
        {
            "name": "Cube",
            "from": [ 11.5, 6.9, 5.0 ], 
            "to": [ 13.5, 7.9, 11.0 ], 
            "faces": {
                "north": { "texture": "#1", "uv": [ 10.0, 0.0, 12.0, 2.0 ] },
                "east": { "texture": "#1", "uv": [ 10.0, 0.0, 12.0, 2.0 ] },
                "south": { "texture": "#1", "uv": [ 10.0, 0.0, 12.0, 2.0 ] },
                "west": { "texture": "#1", "uv": [ 10.0, 0.0, 12.0, 2.0 ] },
                "up": { "texture": "#2", "uv": [ 0.0, 0.0, 16.0, 16.0 ] },
                "down": { "texture": "#1", "uv": [ 10.0, 0.0, 12.0, 2.0 ] }
            }
        },
        {
            "name": "Cube",
            "from": [ 2.5, 6.9, 5.0 ], 
            "to": [ 10.5, 7.9, 11.0 ], 
            "faces": {
                "north": { "texture": "#1", "uv": [ 10.0, 0.0, 12.0, 2.0 ] },
                "east": { "texture": "#1", "uv": [ 10.0, 0.0, 12.0, 2.0 ] },
                "south": { "texture": "#1", "uv": [ 10.0, 0.0, 12.0, 2.0 ] },
                "west": { "texture": "#1", "uv": [ 10.0, 0.0, 12.0, 2.0 ] },
                "up": { "texture": "#1", "uv": [ 8.0, 4.0, 10.0, 6.0 ] },
                "down": { "texture": "#1", "uv": [ 10.0, 0.0, 12.0, 2.0 ] }
            }
        },
        {
            "name": "Toast",
            "from": [ 3.5, 2.0, 6.5 ], 
            "to": [ 9.5, 8.0, 7.3 ], 
            "faces": {
                "north": { "texture": "#3", "uv": [ 0.0, 0.0, 16.0, 8.0 ] },
                "east": { "texture": "#3", "uv": [ 0.0, 8.0, 15.8, 16.0 ] },
                "south": { "texture": "#3", "uv": [ 0.0, 0.0, 16.0, 8.0 ] },
                "west": { "texture": "#3", "uv": [ 0.0, 8.0, 15.8, 16.0 ] },
                "up": { "texture": "#3", "uv": [ 0.0, 8.0, 16.0, 15.8 ] },
                "down": { "texture": "#3", "uv": [ 0.0, 8.0, 16.0, 15.8 ] }
            }
        },
        {
            "name": "Toast",
            "from": [ 3.5, 2.0, 8.8 ], 
            "to": [ 9.5, 8.0, 9.600000000000001 ], 
            "faces": {
                "north": { "texture": "#3", "uv": [ 0.0, 0.0, 16.0, 8.0 ] },
                "east": { "texture": "#3", "uv": [ 0.0, 8.0, 15.8, 16.0 ] },
                "south": { "texture": "#3", "uv": [ 0.0, 0.0, 16.0, 8.0 ] },
                "west": { "texture": "#3", "uv": [ 0.0, 8.0, 15.8, 16.0 ] },
                "up": { "texture": "#3", "uv": [ 0.0, 8.0, 16.0, 15.8 ] },
                "down": { "texture": "#3", "uv": [ 0.0, 8.0, 16.0, 15.8 ] }
            }
        }
    ]
}