{
    "__comment": "Model generated using MrCrayfish's Model Creator (http://mrcrayfish.com/modelcreator/)",
    "textures": {
        "0": "block/quartz_block_bottom",
        "1": "block/extra/water"
    },
    "elements": [
        {
            "name": "Cube",
            "from": [ 5.0, 0.0, 3.0 ], 
            "to": [ 10.0, 6.0, 11.0 ], 
            "faces": {
                "north": { "texture": "#0", "uv": [ 0.0, 0.0, 5.0, 6.0 ] },
                "east": { "texture": "#0", "uv": [ 0.0, 0.0, 8.0, 6.0 ] },
                "south": { "texture": "#0", "uv": [ 0.0, 0.0, 5.0, 6.0 ] },
                "west": { "texture": "#0", "uv": [ 0.0, 0.0, 8.0, 6.0 ] },
                "up": { "texture": "#0", "uv": [ 0.0, 0.0, 5.0, 8.0 ] },
                "down": { "texture": "#0", "uv": [ 0.0, 0.0, 5.0, 8.0 ] }
            }
        },
        {
            "name": "Cube",
            "from": [ 4.0, 0.0, 4.0 ], 
            "to": [ 11.0, 6.0, 10.0 ], 
            "faces": {
                "north": { "texture": "#0", "uv": [ 0.0, 0.0, 7.0, 6.0 ] },
                "east": { "texture": "#0", "uv": [ 0.0, 0.0, 6.0, 6.0 ] },
                "south": { "texture": "#0", "uv": [ 0.0, 0.0, 7.0, 6.0 ] },
                "west": { "texture": "#0", "uv": [ 0.0, 0.0, 6.0, 6.0 ] },
                "up": { "texture": "#0", "uv": [ 0.0, 0.0, 7.0, 6.0 ] },
                "down": { "texture": "#0", "uv": [ 0.0, 0.0, 7.0, 6.0 ] }
            }
        },
        {
            "name": "Cube",
            "from": [ 3.0, 0.0, 5.0 ], 
            "to": [ 12.0, 6.0, 9.0 ], 
            "faces": {
                "north": { "texture": "#0", "uv": [ 0.0, 0.0, 9.0, 6.0 ] },
                "east": { "texture": "#0", "uv": [ 0.0, 0.0, 4.0, 6.0 ] },
                "south": { "texture": "#0", "uv": [ 0.0, 0.0, 9.0, 6.0 ] },
                "west": { "texture": "#0", "uv": [ 0.0, 0.0, 4.0, 6.0 ] },
                "up": { "texture": "#0", "uv": [ 0.0, 0.0, 9.0, 4.0 ] },
                "down": { "texture": "#0", "uv": [ 0.0, 0.0, 9.0, 4.0 ] }
            }
        },
        {
            "name": "Cube",
            "from": [ 3.0, 6.0, 4.0 ], 
            "to": [ 12.0, 7.0, 10.0 ], 
            "faces": {
                "north": { "texture": "#0", "uv": [ 0.0, 0.0, 9.0, 1.0 ] },
                "east": { "texture": "#0", "uv": [ 0.0, 0.0, 6.0, 1.0 ] },
                "south": { "texture": "#0", "uv": [ 0.0, 0.0, 9.0, 1.0 ] },
                "west": { "texture": "#0", "uv": [ 0.0, 0.0, 6.0, 1.0 ] },
                "up": { "texture": "#0", "uv": [ 0.0, 0.0, 9.0, 6.0 ] },
                "down": { "texture": "#0", "uv": [ 0.0, 0.0, 9.0, 6.0 ] }
            }
        },
        {
            "name": "Cube",
            "from": [ 4.0, 6.0, 3.0 ], 
            "to": [ 11.0, 7.0, 11.0 ], 
            "faces": {
                "north": { "texture": "#0", "uv": [ 0.0, 0.0, 7.0, 1.0 ] },
                "east": { "texture": "#0", "uv": [ 0.0, 0.0, 8.0, 1.0 ] },
                "south": { "texture": "#0", "uv": [ 0.0, 0.0, 7.0, 1.0 ] },
                "west": { "texture": "#0", "uv": [ 0.0, 0.0, 8.0, 1.0 ] },
                "up": { "texture": "#0", "uv": [ 0.0, 0.0, 7.0, 8.0 ] },
                "down": { "texture": "#0", "uv": [ 0.0, 0.0, 7.0, 8.0 ] }
            }
        },
        {
            "name": "Cube",
            "from": [ 2.0, 6.0, 5.0 ], 
            "to": [ 13.0, 7.0, 9.0 ], 
            "faces": {
                "north": { "texture": "#0", "uv": [ 0.0, 0.0, 11.0, 1.0 ] },
                "east": { "texture": "#0", "uv": [ 0.0, 0.0, 4.0, 1.0 ] },
                "south": { "texture": "#0", "uv": [ 0.0, 0.0, 11.0, 1.0 ] },
                "west": { "texture": "#0", "uv": [ 0.0, 0.0, 4.0, 1.0 ] },
                "up": { "texture": "#0", "uv": [ 0.0, 0.0, 11.0, 4.0 ] },
                "down": { "texture": "#0", "uv": [ 0.0, 0.0, 11.0, 4.0 ] }
            }
        },
        {
            "name": "Cube",
            "from": [ 4.0, 7.0, 11.0 ], 
            "to": [ 11.0, 10.0, 12.0 ], 
            "rotation": { "origin": [ 8.0, 8.0, 8.0 ], "axis": "x", "angle": 22.5 },
            "faces": {
                "north": { "texture": "#0", "uv": [ 0.0, 0.0, 7.0, 3.0 ] },
                "east": { "texture": "#0", "uv": [ 0.0, 0.0, 1.0, 3.0 ] },
                "south": { "texture": "#0", "uv": [ 0.0, 0.0, 7.0, 3.0 ] },
                "west": { "texture": "#0", "uv": [ 0.0, 0.0, 1.0, 3.0 ] },
                "up": { "texture": "#0", "uv": [ 0.0, 0.0, 7.0, 1.0 ] },
                "down": { "texture": "#0", "uv": [ 0.0, 0.0, 7.0, 1.0 ] }
            }
        },
        {
            "name": "Cube",
            "from": [ 7.0, 7.0, 11.0 ], 
            "to": [ 11.0, 9.0, 12.0 ], 
            "rotation": { "origin": [ 8.0, 8.0, 8.0 ], "axis": "y", "angle": 45.0 },
            "faces": {
                "north": { "texture": "#0", "uv": [ 0.0, 0.0, 4.0, 2.0 ] },
                "east": { "texture": "#0", "uv": [ 0.0, 0.0, 1.0, 2.0 ] },
                "south": { "texture": "#0", "uv": [ 0.0, 0.0, 4.0, 2.0 ] },
                "west": { "texture": "#0", "uv": [ 0.0, 0.0, 1.0, 2.0 ] },
                "up": { "texture": "#0", "uv": [ 0.0, 0.0, 4.0, 1.0 ] },
                "down": { "texture": "#0", "uv": [ 0.0, 0.0, 4.0, 1.0 ] }
            }
        },
        {
            "name": "Cube",
            "from": [ 4.0, 7.0, 12.0 ], 
            "to": [ 8.0, 9.0, 13.0 ], 
            "rotation": { "origin": [ 8.0, 8.0, 8.0 ], "axis": "y", "angle": -45.0 },
            "faces": {
                "north": { "texture": "#0", "uv": [ 0.0, 0.0, 4.0, 2.0 ] },
                "east": { "texture": "#0", "uv": [ 0.0, 0.0, 1.0, 2.0 ] },
                "south": { "texture": "#0", "uv": [ 0.0, 0.0, 4.0, 2.0 ] },
                "west": { "texture": "#0", "uv": [ 0.0, 0.0, 1.0, 2.0 ] },
                "up": { "texture": "#0", "uv": [ 0.0, 0.0, 4.0, 1.0 ] },
                "down": { "texture": "#0", "uv": [ 0.0, 0.0, 4.0, 1.0 ] }
            }
        },
        {
            "name": "Cube",
            "from": [ 2.0, 9.0, 5.0 ], 
            "to": [ 3.0, 11.0, 9.0 ], 
            "rotation": { "origin": [ 8.0, 8.0, 8.0 ], "axis": "z", "angle": 22.5 },
            "faces": {
                "north": { "texture": "#0", "uv": [ 0.0, 0.0, 1.0, 2.0 ] },
                "east": { "texture": "#0", "uv": [ 0.0, 0.0, 4.0, 2.0 ] },
                "south": { "texture": "#0", "uv": [ 0.0, 0.0, 1.0, 2.0 ] },
                "west": { "texture": "#0", "uv": [ 0.0, 0.0, 4.0, 2.0 ] },
                "up": { "texture": "#0", "uv": [ 0.0, 0.0, 1.0, 4.0 ] },
                "down": { "texture": "#0", "uv": [ 0.0, 0.0, 1.0, 4.0 ] }
            }
        },
        {
            "name": "Cube",
            "from": [ 12.0, 9.0, 5.0 ], 
            "to": [ 13.0, 11.0, 9.0 ], 
            "rotation": { "origin": [ 8.0, 8.0, 8.0 ], "axis": "z", "angle": -22.5 },
            "faces": {
                "north": { "texture": "#0", "uv": [ 0.0, 0.0, 1.0, 2.0 ] },
                "east": { "texture": "#0", "uv": [ 0.0, 0.0, 4.0, 2.0 ] },
                "south": { "texture": "#0", "uv": [ 0.0, 0.0, 1.0, 2.0 ] },
                "west": { "texture": "#0", "uv": [ 0.0, 0.0, 4.0, 2.0 ] },
                "up": { "texture": "#0", "uv": [ 0.0, 0.0, 1.0, 4.0 ] },
                "down": { "texture": "#0", "uv": [ 0.0, 0.0, 1.0, 4.0 ] }
            }
        },
        {
            "name": "Cube",
            "from": [ 1.0, 9.0, 3.0 ], 
            "to": [ 3.0, 10.0, 10.0 ], 
            "faces": {
                "north": { "texture": "#0", "uv": [ 0.0, 0.0, 2.0, 1.0 ] },
                "east": { "texture": "#0", "uv": [ 0.0, 0.0, 7.0, 1.0 ] },
                "south": { "texture": "#0", "uv": [ 0.0, 0.0, 2.0, 1.0 ] },
                "west": { "texture": "#0", "uv": [ 0.0, 0.0, 7.0, 1.0 ] },
                "up": { "texture": "#0", "uv": [ 0.0, 0.0, 2.0, 7.0 ] },
                "down": { "texture": "#0", "uv": [ 0.0, 0.0, 2.0, 7.0 ] }
            }
        },
        {
            "name": "Cube",
            "from": [ 2.0, 9.0, 5.0 ], 
            "to": [ 4.0, 10.0, 11.0 ], 
            "faces": {
                "north": { "texture": "#0", "uv": [ 0.0, 0.0, 2.0, 1.0 ] },
                "east": { "texture": "#0", "uv": [ 0.0, 0.0, 6.0, 1.0 ] },
                "south": { "texture": "#0", "uv": [ 0.0, 0.0, 2.0, 1.0 ] },
                "west": { "texture": "#0", "uv": [ 0.0, 0.0, 6.0, 1.0 ] },
                "up": { "texture": "#0", "uv": [ 0.0, 0.0, 2.0, 6.0 ] },
                "down": { "texture": "#0", "uv": [ 0.0, 0.0, 2.0, 6.0 ] }
            }
        },
        {
            "name": "Cube",
            "from": [ 3.0, 9.0, 6.0 ], 
            "to": [ 4.0, 10.0, 12.0 ], 
            "faces": {
                "north": { "texture": "#0", "uv": [ 0.0, 0.0, 1.0, 1.0 ] },
                "east": { "texture": "#0", "uv": [ 0.0, 0.0, 6.0, 1.0 ] },
                "south": { "texture": "#0", "uv": [ 0.0, 0.0, 1.0, 1.0 ] },
                "west": { "texture": "#0", "uv": [ 0.0, 0.0, 6.0, 1.0 ] },
                "up": { "texture": "#0", "uv": [ 0.0, 0.0, 1.0, 6.0 ] },
                "down": { "texture": "#0", "uv": [ 0.0, 0.0, 1.0, 6.0 ] }
            }
        },
        {
            "name": "Cube",
            "from": [ 4.0, 9.0, 11.0 ], 
            "to": [ 11.0, 10.0, 13.0 ], 
            "faces": {
                "north": { "texture": "#0", "uv": [ 0.0, 0.0, 7.0, 1.0 ] },
                "east": { "texture": "#0", "uv": [ 0.0, 0.0, 2.0, 1.0 ] },
                "south": { "texture": "#0", "uv": [ 0.0, 0.0, 7.0, 1.0 ] },
                "west": { "texture": "#0", "uv": [ 0.0, 0.0, 2.0, 1.0 ] },
                "up": { "texture": "#0", "uv": [ 0.0, 0.0, 7.0, 2.0 ] },
                "down": { "texture": "#0", "uv": [ 0.0, 0.0, 7.0, 2.0 ] }
            }
        },
        {
            "name": "Cube",
            "from": [ 11.0, 9.0, 6.0 ], 
            "to": [ 12.0, 10.0, 12.0 ], 
            "faces": {
                "north": { "texture": "#0", "uv": [ 0.0, 0.0, 1.0, 1.0 ] },
                "east": { "texture": "#0", "uv": [ 0.0, 0.0, 6.0, 1.0 ] },
                "south": { "texture": "#0", "uv": [ 0.0, 0.0, 1.0, 1.0 ] },
                "west": { "texture": "#0", "uv": [ 0.0, 0.0, 6.0, 1.0 ] },
                "up": { "texture": "#0", "uv": [ 0.0, 0.0, 1.0, 6.0 ] },
                "down": { "texture": "#0", "uv": [ 0.0, 0.0, 1.0, 6.0 ] }
            }
        },
        {
            "name": "Cube",
            "from": [ 11.0, 9.0, 5.0 ], 
            "to": [ 13.0, 10.0, 11.0 ], 
            "faces": {
                "north": { "texture": "#0", "uv": [ 0.0, 0.0, 2.0, 1.0 ] },
                "east": { "texture": "#0", "uv": [ 0.0, 0.0, 6.0, 1.0 ] },
                "south": { "texture": "#0", "uv": [ 0.0, 0.0, 2.0, 1.0 ] },
                "west": { "texture": "#0", "uv": [ 0.0, 0.0, 6.0, 1.0 ] },
                "up": { "texture": "#0", "uv": [ 0.0, 0.0, 2.0, 6.0 ] },
                "down": { "texture": "#0", "uv": [ 0.0, 0.0, 2.0, 6.0 ] }
            }
        },
        {
            "name": "Cube",
            "from": [ 12.0, 9.0, 3.0 ], 
            "to": [ 14.0, 10.0, 10.0 ], 
            "faces": {
                "north": { "texture": "#0", "uv": [ 0.0, 0.0, 2.0, 1.0 ] },
                "east": { "texture": "#0", "uv": [ 0.0, 0.0, 7.0, 1.0 ] },
                "south": { "texture": "#0", "uv": [ 0.0, 0.0, 2.0, 1.0 ] },
                "west": { "texture": "#0", "uv": [ 0.0, 0.0, 7.0, 1.0 ] },
                "up": { "texture": "#0", "uv": [ 0.0, 0.0, 2.0, 7.0 ] },
                "down": { "texture": "#0", "uv": [ 0.0, 0.0, 2.0, 7.0 ] }
            }
        },
        {
            "name": "Cube",
            "from": [ 5.0, 6.2, 3.0 ], 
            "to": [ 10.0, 7.2, 8.0 ], 
            "faces": {
                "north": { "texture": "#1", "uv": [ 0.0, 0.0, 5.0, 1.0 ] },
                "east": { "texture": "#1", "uv": [ 0.0, 0.0, 5.0, 1.0 ] },
                "south": { "texture": "#1", "uv": [ 0.0, 0.0, 5.0, 1.0 ] },
                "west": { "texture": "#1", "uv": [ 0.0, 0.0, 5.0, 1.0 ] },
                "up": { "texture": "#1", "uv": [ 0.0, 0.0, 16.0, 16.0 ] },
                "down": { "texture": "#1", "uv": [ 0.0, 0.0, 11.0, 5.0 ] }
            }
        }
    ],
	"display":{
	"thirdperson_righthand":{
	"rotation":[0.0,0.0,0.0],
	"translation":[0.0,0.0,0.0],
	"scale":[1.5,1.5,1.5]
	}
	}
}