{
"__comment": "Designed by 27box",
"textures": {
    "particle": "block/light_gray_concrete",
    "texture": "block/extra/metal_0"
},
"elements": [ 
{
    "from": [ -3, 0.25, 4.875 ],
    "to": [ 19, 2, 5.375 ],
    "faces": {
        "down":  { "uv": [ 0, 0, 16, 16 ], "texture": "#texture" },
        "up":    { "uv": [ 11.5, 4, 12, 5 ], "rotation": 90, "texture": "#texture" },
        "north": { "uv": [ 0, 0, 16, 16 ], "rotation": 90, "texture": "#texture" },
        "south": { "uv": [ 0, 0, 16, 16 ], "rotation": 90, "texture": "#texture" },
        "west":  { "uv": [ 0, 0, 16, 16 ], "texture": "#texture" },
        "east":  { "uv": [ 0, 0, 16, 16 ], "texture": "#texture" }
    }
},
{
    "from": [ -3, 0.0625, 4.125 ],
    "to": [ 19, 2.0625, 4.875 ],
    "faces": {
        "down":  { "uv": [ 13, 0, 14.5, 1.5 ], "texture": "#particle" },
        "up":    { "uv": [ 8.5, 0, 11.5, 8 ], "rotation": 90, "texture": "#texture" },
        "north": { "uv": [ 12, 0, 12.5, 1 ], "rotation": 90, "texture": "#particle" },
        "south": { "uv": [ 11.5, 0, 12, 1.5 ], "rotation": 90, "texture": "#particle" },
        "west":  { "uv": [ 12, 0, 12.5, 1.5 ], "texture": "#particle" },
        "east":  { "uv": [ 12, 0, 12.5, 1.5 ], "texture": "#particle" }
    }
},
{
    "from": [ -3, 0.0625, 5.375 ],
    "to": [ 19, 2.0625, 6.375 ],
    "faces": {
        "down":  { "uv": [ 13, 0, 14.5, 1.5 ], "texture": "#particle" },
        "up":    { "uv": [ 8.5, 0, 11.5, 8 ], "rotation": 90, "texture": "#texture" },
        "north": { "uv": [ 12, 0, 12.5, 1 ], "rotation": 90, "texture": "#particle" },
        "south": { "uv": [ 11.5, 0, 12, 1.5 ], "rotation": 90, "texture": "#particle" },
        "west":  { "uv": [ 12, 0, 12.5, 1.5 ], "texture": "#particle" },
        "east":  { "uv": [ 12, 0, 12.5, 1.5 ], "texture": "#particle" }
    }
},
{
    "from": [ -3, 1.4375, 2.375 ],
    "to": [ 13.0625, 1.9375, 4.25 ],
    "faces": {
        "down":  { "uv": [ 0, 0, 16, 2.1875 ], "texture": "#particle" },
        "up":    { "uv": [ 0, 13.8125, 16, 16 ], "texture": "#particle" },
        "north": { "uv": [ 0, 15.5, 16, 16 ], "texture": "#particle" },
        "south": { "uv": [ 0, 15.5, 16, 16 ], "texture": "#particle" },
        "west":  { "uv": [ 0, 15.5, 2.1875, 16 ], "texture": "#particle" },
        "east":  { "uv": [ 0, 15.5, 2.1875, 16 ], "texture": "#particle" }
    }
},
{
    "from": [ 13, 1.4375, 2.375 ],
    "to": [ 19, 1.9375, 4.3125 ],
    "faces": {
        "down":  { "uv": [ 10, 0, 16, 2.1875 ], "texture": "#particle" },
        "up":    { "uv": [ 10, 13.8125, 16, 16 ], "texture": "#particle" },
        "north": { "uv": [ 10, 15.5, 16, 16 ], "texture": "#particle" },
        "south": { "uv": [ 10, 15.5, 16, 16 ], "texture": "#particle" },
        "west":  { "uv": [ 0, 15.5, 2.1875, 16 ], "texture": "#particle" },
        "east":  { "uv": [ 0, 15.5, 2.1875, 16 ], "texture": "#particle" }
    }
}
],
"display": {
    "head": {
        "rotation": [ 0, 0, 0 ],
        "translation": [ 0, -25, 3.85 ],
        "scale": [ 3.5, 3, 3 ]
    }
}
}