{
"__comment": "Designed by Flashtt with BDcraft Cubik PRO 0.96 Beta - http://bdcraft.net",
"textures": {
    "particle": "block/spruce_planks",
    "texture": "block/coal_block",
    "soul_sand": "block/red_terracotta",
    "command_block_conditional": "block/extra/noise"
},
"elements": [ 
{
    "from": [ 4, 10.5, 4.5 ],
    "to": [ 12, 12, 10 ],
    "faces": {
        "down":  { "uv": [ 0, 4, 16, 12.5 ], "texture": "#texture" },
        "up":    { "uv": [ 0, 4, 16, 12.5 ], "texture": "#texture" },
        "north": { "uv": [ 0, 4, 16, 12.5 ], "texture": "#texture" },
        "south": { "uv": [ 0, 4, 16, 12.5 ], "texture": "#texture" },
        "west":  { "uv": [ 0, 4, 16, 12.5 ], "texture": "#texture" },
        "east":  { "uv": [ 0, 4, 16, 12.5 ], "texture": "#texture" }
    }
},
{
    "from": [ 3, 6, 4.5 ],
    "to": [ 4, 11, 10 ],
    "faces": {
        "down":  { "uv": [ 0, 4, 16, 12.5 ], "texture": "#texture" },
        "up":    { "uv": [ 0, 4, 16, 12.5 ], "texture": "#texture" },
        "north": { "uv": [ 0, 4, 16, 12.5 ], "texture": "#texture" },
        "south": { "uv": [ 0, 4, 16, 12.5 ], "texture": "#texture" },
        "west":  { "uv": [ 0, 4, 16, 12.5 ], "texture": "#texture" },
        "east":  { "uv": [ 0, 4, 16, 12.5 ], "texture": "#texture" }
    }
},
{
    "from": [ 3.02, 9.955, 4.5001 ],
    "to": [ 4.395, 11.0175, 9.9991 ],
    "rotation": { "origin": [ 3.02, 11.0175, 4.5001 ], "axis": "z", "angle": 45 },
    "faces": {
        "down":  { "uv": [ 0, 4, 16, 12.5 ], "texture": "#texture" },
        "up":    { "uv": [ 0, 4, 16, 12.5 ], "texture": "#texture" },
        "north": { "uv": [ 0, 4, 16, 12.5 ], "rotation": 90, "texture": "#texture" },
        "south": { "uv": [ 0, 4, 16, 12.5 ], "rotation": 90, "texture": "#texture" },
        "west":  { "uv": [ 0, 4, 16, 12.5 ], "texture": "#texture" },
        "east":  { "uv": [ 0, 4, 16, 12.5 ], "texture": "#texture" }
    }
},
{
    "from": [ 11.3125, 4.6875, 4.5001 ],
    "to": [ 12.6875, 5.75, 9.9991 ],
    "rotation": { "origin": [ 11.3125, 5.75, 4.5001 ], "axis": "z", "angle": 45 },
    "faces": {
        "down":  { "uv": [ 0, 4, 16, 12.5 ], "texture": "#texture" },
        "up":    { "uv": [ 0, 4, 16, 12.5 ], "texture": "#texture" },
        "north": { "uv": [ 0, 4, 16, 12.5 ], "rotation": 90, "texture": "#texture" },
        "south": { "uv": [ 0, 4, 16, 12.5 ], "rotation": 90, "texture": "#texture" },
        "west":  { "uv": [ 0, 4, 16, 12.5 ], "texture": "#texture" },
        "east":  { "uv": [ 0, 4, 16, 12.5 ], "texture": "#texture" }
    }
},
{
    "from": [ 12, 10.9375, 4.5001 ],
    "to": [ 13.4375, 12, 9.9991 ],
    "rotation": { "origin": [ 12, 12, 4.5001 ], "axis": "z", "angle": -45 },
    "faces": {
        "down":  { "uv": [ 0, 4, 16, 12.5 ], "rotation": 180, "texture": "#texture" },
        "up":    { "uv": [ 0, 4, 16, 12.5 ], "rotation": 180, "texture": "#texture" },
        "north": { "uv": [ 0, 4, 16, 12.5 ], "rotation": 90, "texture": "#texture" },
        "south": { "uv": [ 0, 4, 16, 12.5 ], "rotation": 90, "texture": "#texture" },
        "west":  { "uv": [ 0, 4, 16, 12.5 ], "texture": "#texture" },
        "east":  { "uv": [ 0, 4, 16, 12.5 ], "texture": "#texture" }
    }
},
{
    "from": [ 3.75, 5.6875, 4.5001 ],
    "to": [ 5.1875, 6.75, 9.9991 ],
    "rotation": { "origin": [ 3.75, 6.75, 4.5001 ], "axis": "z", "angle": -45 },
    "faces": {
        "down":  { "uv": [ 0, 4, 16, 12.5 ], "texture": "#texture" },
        "up":    { "uv": [ 0, 4, 16, 12.5 ], "texture": "#texture" },
        "north": { "uv": [ 0, 4, 16, 12.5 ], "rotation": 90, "texture": "#texture" },
        "south": { "uv": [ 0, 4, 16, 12.5 ], "rotation": 90, "texture": "#texture" },
        "west":  { "uv": [ 0, 4, 16, 12.5 ], "texture": "#texture" },
        "east":  { "uv": [ 0, 4, 16, 12.5 ], "texture": "#texture" }
    }
},
{
    "from": [ 10.5, 6, 4.5 ],
    "to": [ 13, 11, 10 ],
    "faces": {
        "down":  { "uv": [ 0, 4, 16, 12.5 ], "texture": "#texture" },
        "up":    { "uv": [ 0, 4, 16, 12.5 ], "texture": "#texture" },
        "north": { "uv": [ 0, 4, 16, 12.5 ], "texture": "#texture" },
        "south": { "uv": [ 0, 4, 16, 12.5 ], "texture": "#texture" },
        "west":  { "uv": [ 0, 4, 16, 12.5 ], "texture": "#texture" },
        "east":  { "uv": [ 0, 4, 16, 12.5 ], "texture": "#texture" }
    }
},
{
    "from": [ 4, 5, 4.5 ],
    "to": [ 12, 6.5, 10 ],
    "faces": {
        "down":  { "uv": [ 0, 4, 16, 12.5 ], "texture": "#texture" },
        "up":    { "uv": [ 0, 4, 16, 12.5 ], "texture": "#texture" },
        "north": { "uv": [ 0, 4, 16, 12.5 ], "texture": "#texture" },
        "south": { "uv": [ 0, 4, 16, 12.5 ], "texture": "#texture" },
        "west":  { "uv": [ 0, 4, 16, 12.5 ], "texture": "#texture" },
        "east":  { "uv": [ 0, 4, 16, 12.5 ], "texture": "#texture" }
    }
},
{
    "from": [ 4, 6.5, 4.5 ],
    "to": [ 11.5, 11, 9.8125 ],
    "faces": {
        "down":  { "uv": [ 13.5, 15, 14, 15.5 ], "texture": "#texture" },
        "up":    { "uv": [ 13.5, 15, 14, 15.5 ], "texture": "#texture" },
        "north": { "uv": [ 0, 4, 16, 12.5 ], "texture": "#texture" },
        "south": { "uv": [ 0, 0.5, 16, 10.5 ], "texture": "#command_block_conditional" },
        "west":  { "uv": [ 13.5, 15, 14, 15.5 ], "texture": "#texture" },
        "east":  { "uv": [ 13.5, 15, 14, 15.5 ], "texture": "#texture" }
    }
},
{
    "from": [ 10.875, 5.875, 10 ],
    "to": [ 12.5625, 10.8125, 10.0625 ],
    "faces": {
        "down":  { "uv": [ 0, 11, 9.5, 13.5 ], "rotation": 90, "texture": "#particle" },
        "up":    { "uv": [ 0, 11, 9.5, 13.5 ], "rotation": 90, "texture": "#particle" },
        "north": { "uv": [ 0, 11, 9.5, 13.5 ], "rotation": 90, "texture": "#particle" },
        "south": { "uv": [ 0, 11, 9.5, 13.5 ], "rotation": 90, "texture": "#particle" },
        "west":  { "uv": [ 0, 11, 9.5, 13.5 ], "rotation": 90, "texture": "#particle" },
        "east":  { "uv": [ 0, 11, 9.5, 13.5 ], "rotation": 90, "texture": "#particle" }
    }
},
{
    "from": [ 11.3125, 9.6875, 10 ],
    "to": [ 12.125, 10.4375, 10.125 ],
    "faces": {
        "down":  { "uv": [ 2.5, 7.5, 3.5, 9 ], "texture": "#soul_sand" },
        "up":    { "uv": [ 2.5, 7.5, 3.5, 9 ], "rotation": 90, "texture": "#soul_sand" },
        "north": { "uv": [ 2.5, 7.5, 3.5, 9 ], "texture": "#soul_sand" },
        "south": { "uv": [ 2.5, 7.5, 3.5, 9 ], "texture": "#soul_sand" },
        "west":  { "uv": [ 2.5, 7.5, 3.5, 9 ], "texture": "#soul_sand" },
        "east":  { "uv": [ 2.5, 7.5, 3.5, 9 ], "texture": "#soul_sand" }
    }
},
{
    "from": [ 11.3125, 8.5, 10 ],
    "to": [ 12.125, 9.25, 10.125 ],
    "faces": {
        "down":  { "uv": [ 2.5, 7.5, 3.5, 9 ], "texture": "#soul_sand" },
        "up":    { "uv": [ 2.5, 7.5, 3.5, 9 ], "texture": "#soul_sand" },
        "north": { "uv": [ 2.5, 7.5, 3.5, 9 ], "texture": "#soul_sand" },
        "south": { "uv": [ 2.5, 7.5, 3.5, 9 ], "texture": "#soul_sand" },
        "west":  { "uv": [ 2.5, 7.5, 3.5, 9 ], "texture": "#soul_sand" },
        "east":  { "uv": [ 2.5, 7.5, 3.5, 9 ], "texture": "#soul_sand" }
    }
},
{
    "from": [ 11.25, 10.125, 10.0625 ],
    "to": [ 12.375, 10.375, 10.4375 ],
    "rotation": { "origin": [ 11.25, 10.375, 10.0625 ], "axis": "z", "angle": -22.5 },
    "faces": {
        "down":  { "uv": [ 2.5, 7.5, 3.5, 9 ], "texture": "#soul_sand" },
        "up":    { "uv": [ 2.5, 7.5, 3.5, 9 ], "texture": "#soul_sand" },
        "north": { "uv": [ 2.5, 7.5, 3.5, 9 ], "texture": "#soul_sand" },
        "south": { "uv": [ 2.5, 7.5, 3.5, 9 ], "texture": "#soul_sand" },
        "west":  { "uv": [ 2.5, 7.5, 3.5, 9 ], "texture": "#soul_sand" },
        "east":  { "uv": [ 2.5, 7.5, 3.5, 9 ], "texture": "#soul_sand" }
    }
},
{
    "from": [ 11.25, 8.3125, 10.0625 ],
    "to": [ 12.375, 8.5625, 10.4375 ],
    "rotation": { "origin": [ 11.25, 8.5625, 10.0625 ], "axis": "z", "angle": 45 },
    "faces": {
        "down":  { "uv": [ 2.5, 7.5, 3.5, 9 ], "texture": "#soul_sand" },
        "up":    { "uv": [ 2.5, 7.5, 3.5, 9 ], "texture": "#soul_sand" },
        "north": { "uv": [ 2.5, 7.5, 3.5, 9 ], "texture": "#soul_sand" },
        "south": { "uv": [ 2.5, 7.5, 3.5, 9 ], "texture": "#soul_sand" },
        "west":  { "uv": [ 2.5, 7.5, 3.5, 9 ], "texture": "#soul_sand" },
        "east":  { "uv": [ 2.5, 7.5, 3.5, 9 ], "texture": "#soul_sand" }
    }
},
{
    "from": [ 10.95, 7.875, 10.1 ],
    "to": [ 12.45, 8, 10.1625 ],
    "faces": {
        "down":  { "uv": [ 2.5, 7.5, 3, 8 ], "texture": "#soul_sand" },
        "up":    { "uv": [ 2.5, 7.5, 3, 8 ], "texture": "#soul_sand" },
        "north": { "uv": [ 2.5, 7.5, 3, 8 ], "texture": "#soul_sand" },
        "south": { "uv": [ 2.5, 7.5, 3, 8 ], "texture": "#soul_sand" },
        "west":  { "uv": [ 2.5, 7.5, 3, 8 ], "texture": "#soul_sand" },
        "east":  { "uv": [ 2.5, 7.5, 3, 8 ], "texture": "#soul_sand" }
    }
},
{
    "from": [ 10.95, 7.575, 10.1 ],
    "to": [ 12.45, 7.7, 10.1625 ],
    "faces": {
        "down":  { "uv": [ 2.5, 7.5, 3, 8 ], "texture": "#soul_sand" },
        "up":    { "uv": [ 2.5, 7.5, 3, 8 ], "texture": "#soul_sand" },
        "north": { "uv": [ 2.5, 7.5, 3, 8 ], "texture": "#soul_sand" },
        "south": { "uv": [ 2.5, 7.5, 3, 8 ], "texture": "#soul_sand" },
        "west":  { "uv": [ 2.5, 7.5, 3, 8 ], "texture": "#soul_sand" },
        "east":  { "uv": [ 2.5, 7.5, 3, 8 ], "texture": "#soul_sand" }
    }
},
{
    "from": [ 10.95, 7.275, 10.1 ],
    "to": [ 12.45, 7.4, 10.1625 ],
    "faces": {
        "down":  { "uv": [ 2.5, 7.5, 3, 8 ], "texture": "#soul_sand" },
        "up":    { "uv": [ 2.5, 7.5, 3, 8 ], "texture": "#soul_sand" },
        "north": { "uv": [ 2.5, 7.5, 3, 8 ], "texture": "#soul_sand" },
        "south": { "uv": [ 2.5, 7.5, 3, 8 ], "texture": "#soul_sand" },
        "west":  { "uv": [ 2.5, 7.5, 3, 8 ], "texture": "#soul_sand" },
        "east":  { "uv": [ 2.5, 7.5, 3, 8 ], "texture": "#soul_sand" }
    }
},
{
    "from": [ 10.95, 6.975, 10.1 ],
    "to": [ 12.45, 7.1, 10.1625 ],
    "faces": {
        "down":  { "uv": [ 2.5, 7.5, 3, 8 ], "texture": "#soul_sand" },
        "up":    { "uv": [ 2.5, 7.5, 3, 8 ], "texture": "#soul_sand" },
        "north": { "uv": [ 2.5, 7.5, 3, 8 ], "texture": "#soul_sand" },
        "south": { "uv": [ 2.5, 7.5, 3, 8 ], "texture": "#soul_sand" },
        "west":  { "uv": [ 2.5, 7.5, 3, 8 ], "texture": "#soul_sand" },
        "east":  { "uv": [ 2.5, 7.5, 3, 8 ], "texture": "#soul_sand" }
    }
},
{
    "from": [ 10.95, 6.675, 10.1 ],
    "to": [ 12.45, 6.8, 10.1625 ],
    "faces": {
        "down":  { "uv": [ 2.5, 7.5, 3, 8 ], "texture": "#soul_sand" },
        "up":    { "uv": [ 2.5, 7.5, 3, 8 ], "texture": "#soul_sand" },
        "north": { "uv": [ 2.5, 7.5, 3, 8 ], "texture": "#soul_sand" },
        "south": { "uv": [ 2.5, 7.5, 3, 8 ], "texture": "#soul_sand" },
        "west":  { "uv": [ 2.5, 7.5, 3, 8 ], "texture": "#soul_sand" },
        "east":  { "uv": [ 2.5, 7.5, 3, 8 ], "texture": "#soul_sand" }
    }
},
{
    "from": [ 10.95, 6.375, 10.1 ],
    "to": [ 12.45, 6.5, 10.1625 ],
    "faces": {
        "down":  { "uv": [ 2.5, 7.5, 3, 8 ], "texture": "#soul_sand" },
        "up":    { "uv": [ 2.5, 7.5, 3, 8 ], "texture": "#soul_sand" },
        "north": { "uv": [ 2.5, 7.5, 3, 8 ], "texture": "#soul_sand" },
        "south": { "uv": [ 2.5, 7.5, 3, 8 ], "texture": "#soul_sand" },
        "west":  { "uv": [ 2.5, 7.5, 3, 8 ], "texture": "#soul_sand" },
        "east":  { "uv": [ 2.5, 7.5, 3, 8 ], "texture": "#soul_sand" }
    }
},
{
    "from": [ 5.875, 11.875, 6.25 ],
    "to": [ 8.375, 12.25, 8.25 ],
    "faces": {
        "down":  { "uv": [ 13.5, 15, 14, 15.5 ], "texture": "#soul_sand" },
        "up":    { "uv": [ 13.5, 15, 14, 15.5 ], "texture": "#soul_sand" },
        "north": { "uv": [ 13.5, 15, 14, 15.5 ], "texture": "#soul_sand" },
        "south": { "uv": [ 13.5, 15, 14, 15.5 ], "texture": "#soul_sand" },
        "west":  { "uv": [ 13.5, 15, 14, 15.5 ], "texture": "#soul_sand" },
        "east":  { "uv": [ 13.5, 15, 14, 15.5 ], "texture": "#soul_sand" }
    }
},
{
    "from": [ 3.875, 10.9375, 7.1875 ],
    "to": [ 4.0625, 14.75, 7.4375 ],
    "rotation": { "origin": [ 3.875, 14.75, 7.1875 ], "axis": "z", "angle": 45 },
    "faces": {
        "down":  { "uv": [ 3.875, 7.1875, 4.0625, 7.4375 ], "texture": "#soul_sand" },
        "up":    { "uv": [ 3.875, 7.1875, 4.0625, 7.4375 ], "texture": "#soul_sand" },
        "north": { "uv": [ 3.875, 1.25, 4.0625, 5.0625 ], "texture": "#soul_sand" },
        "south": { "uv": [ 3.875, 1.25, 4.0625, 5.0625 ], "texture": "#soul_sand" },
        "west":  { "uv": [ 7.1875, 1.25, 7.4375, 5.0625 ], "texture": "#soul_sand" },
        "east":  { "uv": [ 7.1875, 1.25, 7.4375, 5.0625 ], "texture": "#soul_sand" }
    }
},
{
    "from": [ 10.375, 11.0625, 7.1875 ],
    "to": [ 10.5625, 14.875, 7.4375 ],
    "rotation": { "origin": [ 10.375, 14.875, 7.1875 ], "axis": "z", "angle": -45 },
    "faces": {
        "down":  { "uv": [ 16, 5, 16, 4 ], "texture": "#soul_sand" },
        "up":    { "uv": [ 0, 4, 0, 5 ], "texture": "#soul_sand" },
        "north": { "uv": [ 16, 0, 16, 4 ], "texture": "#soul_sand" },
        "south": { "uv": [ 0, 0, 0, 4 ], "texture": "#soul_sand" },
        "west":  { "uv": [ 4, 0, 5, 4 ], "texture": "#soul_sand" },
        "east":  { "uv": [ 11, 0, 12, 4 ], "texture": "#soul_sand" }
    }
},
{
    "from": [ 4.5, 4.5, 5 ],
    "to": [ 6, 5, 6 ],
    "faces": {
        "down":  { "uv": [ 11.5, 6, 10, 5 ], "texture": "#soul_sand" },
        "up":    { "uv": [ 4.5, 5, 6, 6 ], "texture": "#soul_sand" },
        "north": { "uv": [ 10, 11, 11.5, 11.5 ], "texture": "#soul_sand" },
        "south": { "uv": [ 4.5, 11, 6, 11.5 ], "texture": "#soul_sand" },
        "west":  { "uv": [ 5, 11, 6, 11.5 ], "texture": "#soul_sand" },
        "east":  { "uv": [ 10, 11, 11, 11.5 ], "texture": "#soul_sand" }
    }
},
{
    "from": [ 4.5, 4.5, 8.5 ],
    "to": [ 6, 5, 9.5 ],
    "faces": {
        "down":  { "uv": [ 13.5, 15, 14, 15.5 ], "texture": "#soul_sand" },
        "up":    { "uv": [ 13.5, 15, 14, 15.5 ], "texture": "#soul_sand" },
        "north": { "uv": [ 13.5, 15, 14, 15.5 ], "texture": "#soul_sand" },
        "south": { "uv": [ 13.5, 15, 14, 15.5 ], "texture": "#soul_sand" },
        "west":  { "uv": [ 13.5, 15, 14, 15.5 ], "texture": "#soul_sand" },
        "east":  { "uv": [ 13.5, 15, 14, 15.5 ], "texture": "#soul_sand" }
    }
},
{
    "from": [ 10, 4.5, 5 ],
    "to": [ 11.5, 5, 6 ],
    "faces": {
        "down":  { "uv": [ 6, 6, 4.5, 5 ], "texture": "#soul_sand" },
        "up":    { "uv": [ 10, 5, 11.5, 6 ], "texture": "#soul_sand" },
        "north": { "uv": [ 4.5, 11, 6, 11.5 ], "texture": "#soul_sand" },
        "south": { "uv": [ 10, 11, 11.5, 11.5 ], "texture": "#soul_sand" },
        "west":  { "uv": [ 5, 11, 6, 11.5 ], "texture": "#soul_sand" },
        "east":  { "uv": [ 10, 11, 11, 11.5 ], "texture": "#soul_sand" }
    }
},
{
    "from": [ 10, 4.5, 8.5 ],
    "to": [ 11.5, 5, 9.5 ],
    "faces": {
        "down":  { "uv": [ 6, 9.5, 4.5, 8.5 ], "texture": "#soul_sand" },
        "up":    { "uv": [ 10, 8.5, 11.5, 9.5 ], "texture": "#soul_sand" },
        "north": { "uv": [ 4.5, 11, 6, 11.5 ], "texture": "#soul_sand" },
        "south": { "uv": [ 10, 11, 11.5, 11.5 ], "texture": "#soul_sand" },
        "west":  { "uv": [ 8.5, 11, 9.5, 11.5 ], "texture": "#soul_sand" },
        "east":  { "uv": [ 6.5, 11, 7.5, 11.5 ], "texture": "#soul_sand" }
    }
}
],
"display": {
    "thirdperson_righthand": {
        "rotation": [ 0, 180, 0 ],
        "translation": [ -6, 0, 0 ],
        "scale": [ 2, 2, 2]
    }
}
}