{
"__comment": "Designed by Flashtt with BDcraft Cubik PRO 0.96 Beta - http://bdcraft.net",
"textures": {
    "particle": "block/acacia_planks",
    "texture": "block/extra/wood1",
    "gold_block": "block/gold_block"
},
"elements": [ 
{
    "from": [ -1, 12.5, 3.5 ],
    "to": [ 17, 13.5, 9.375 ],
    "faces": {
        "down":  { "uv": [ 0, 0, 16, 10 ], "texture": "#texture" },
        "up":    { "uv": [ 0, 0, 16, 10 ], "texture": "#texture" },
        "north": { "uv": [ 0, 2.5, 16, 3.5 ], "texture": "#texture" },
        "south": { "uv": [ 0, 2.5, 16, 3.5 ], "texture": "#texture" },
        "west":  { "uv": [ 3.5, 2.5, 9.375, 3.5 ], "texture": "#texture" },
        "east":  { "uv": [ 6.625, 2.5, 12.5, 3.5 ], "texture": "#texture" }
    }
},
{
    "from": [ -0.5, 5.5, 4 ],
    "to": [ 16.5, 13, 8.5 ],
    "faces": {
        "down":  { "uv": [ 0, 0, 16, 10 ], "rotation": 90, "texture": "#texture" },
        "up":    { "uv": [ 0, 0, 16, 10 ], "rotation": 90, "texture": "#texture" },
        "north": { "uv": [ 0, 0, 16, 16 ], "rotation": 90, "texture": "#texture" },
        "south": { "uv": [ 3, 0, 7.5, 16 ], "rotation": 270, "texture": "#particle" },
        "west":  { "uv": [ 0, 0, 16, 6 ], "rotation": 90, "texture": "#texture" },
        "east":  { "uv": [ 0, 0, 16, 6 ], "rotation": 90, "texture": "#texture" }
    }
},
{
    "from": [ -0.5, 5.5, 8.5 ],
    "to": [ 0.5, 13, 9 ],
    "faces": {
        "down":  { "uv": [ 16, 9, 15.5, 8.5 ], "texture": "#texture" },
        "up":    { "uv": [ 0, 8.5, 0.5, 9 ], "texture": "#texture" },
        "north": { "uv": [ 0, 3.5, 16, 8 ], "rotation": 90, "texture": "#texture" },
        "south": { "uv": [ 0, 3.5, 16, 8 ], "rotation": 90, "texture": "#texture" },
        "west":  { "uv": [ 0, 3.5, 16, 8 ], "rotation": 90, "texture": "#texture" },
        "east":  { "uv": [ 0, 3.5, 16, 8 ], "rotation": 90, "texture": "#texture" }
    }
},
{
    "from": [ 15.5, 5.5, 8.5 ],
    "to": [ 16.5, 13, 9 ],
    "faces": {
        "down":  { "uv": [ 0.5, 9, 0, 8.5 ], "texture": "#texture" },
        "up":    { "uv": [ 15.5, 8.5, 16, 9 ], "texture": "#texture" },
        "north": { "uv": [ 0, 3.5, 16, 8 ], "rotation": 90, "texture": "#texture" },
        "south": { "uv": [ 0, 3.5, 16, 8 ], "rotation": 90, "texture": "#texture" },
        "west":  { "uv": [ 0, 3.5, 16, 8 ], "rotation": 90, "texture": "#texture" },
        "east":  { "uv": [ 0, 3.5, 16, 8 ], "rotation": 90, "texture": "#texture" }
    }
},
{
    "from": [ 1.625, 9.625, 8.5 ],
    "to": [ 14.125, 12.125, 8.8 ],
    "faces": {
        "down":  { "uv": [ 14.375, 8.75, 1.875, 8.5 ], "texture": "#texture" },
        "up":    { "uv": [ 1.625, 8.5, 14.125, 8.75 ], "texture": "#texture" },
        "north": { "uv": [ 0, 3.5, 16, 9.5 ], "texture": "#texture" },
        "south": { "uv": [ 0, 3.5, 16, 9.5 ], "texture": "#texture" },
        "west":  { "uv": [ 8.5, 3.875, 8.75, 6.375 ], "texture": "#texture" },
        "east":  { "uv": [ 7.1875, 3.875, 7.4375, 6.375 ], "texture": "#texture" }
    }
},
{
    "from": [ 1.5625, 6.375, 8.5 ],
    "to": [ 14.0625, 8.875, 8.8 ],
    "faces": {
        "down":  { "uv": [ 14.4375, 8.75, 1.9375, 8.5 ], "texture": "#texture" },
        "up":    { "uv": [ 1.5625, 8.5, 14.0625, 8.75 ], "texture": "#texture" },
        "north": { "uv": [ 0, 6, 16, 12.5 ], "texture": "#texture" },
        "south": { "uv": [ 0, 6, 16, 12.5 ], "texture": "#texture" },
        "west":  { "uv": [ 8.5, 7.125, 8.75, 9.625 ], "texture": "#texture" },
        "east":  { "uv": [ 7.1875, 7.125, 7.4375, 9.625 ], "texture": "#texture" }
    }
},
{
    "from": [ 6.375, 10.5625, 8.6875 ],
    "to": [ 9.375, 11.0625, 9.1875 ],
    "faces": {
        "down":  { "uv": [ 9.625, 9.1875, 6.625, 8.6875 ], "texture": "#gold_block" },
        "up":    { "uv": [ 6.375, 8.6875, 9.375, 9.1875 ], "texture": "#gold_block" },
        "north": { "uv": [ 6.625, 4.9375, 9.625, 5.4375 ], "texture": "#gold_block" },
        "south": { "uv": [ 6.375, 4.9375, 9.375, 5.4375 ], "texture": "#gold_block" },
        "west":  { "uv": [ 8.6875, 4.9375, 9.1875, 5.4375 ], "texture": "#gold_block" },
        "east":  { "uv": [ 6.8125, 4.9375, 7.3125, 5.4375 ], "texture": "#gold_block" }
    }
},
{
    "from": [ 6.3125, 7.3125, 8.6875 ],
    "to": [ 9.3125, 7.8125, 9.1875 ],
    "faces": {
        "down":  { "uv": [ 9.6875, 9.1875, 6.6875, 8.6875 ], "texture": "#gold_block" },
        "up":    { "uv": [ 6.3125, 8.6875, 9.3125, 9.1875 ], "texture": "#gold_block" },
        "north": { "uv": [ 6.6875, 8.1875, 9.6875, 8.6875 ], "texture": "#gold_block" },
        "south": { "uv": [ 6.3125, 8.1875, 9.3125, 8.6875 ], "texture": "#gold_block" },
        "west":  { "uv": [ 8.6875, 8.1875, 9.1875, 8.6875 ], "texture": "#gold_block" },
        "east":  { "uv": [ 6.8125, 8.1875, 7.3125, 8.6875 ], "texture": "#gold_block" }
    }
},
{
    "from": [ 0.5, 5, 7.5 ],
    "to": [ 2, 5.5, 8.5 ],
    "faces": {
        "down":  { "uv": [ 15.5, 8.5, 14, 7.5 ], "texture": "#gold_block" },
        "up":    { "uv": [ 0.5, 7.5, 2, 8.5 ], "texture": "#gold_block" },
        "north": { "uv": [ 14, 10.5, 15.5, 11 ], "texture": "#gold_block" },
        "south": { "uv": [ 0.5, 10.5, 2, 11 ], "texture": "#gold_block" },
        "west":  { "uv": [ 7.5, 10.5, 8.5, 11 ], "texture": "#gold_block" },
        "east":  { "uv": [ 7.5, 10.5, 8.5, 11 ], "texture": "#gold_block" }
    }
},
{
    "from": [ 14, 5, 7.5 ],
    "to": [ 15.5, 5.5, 8.5 ],
    "faces": {
        "down":  { "uv": [ 2, 8.5, 0.5, 7.5 ], "texture": "#gold_block" },
        "up":    { "uv": [ 14, 7.5, 15.5, 8.5 ], "texture": "#gold_block" },
        "north": { "uv": [ 0.5, 10.5, 2, 11 ], "texture": "#gold_block" },
        "south": { "uv": [ 14, 10.5, 15.5, 11 ], "texture": "#gold_block" },
        "west":  { "uv": [ 7.5, 10.5, 8.5, 11 ], "texture": "#gold_block" },
        "east":  { "uv": [ 7.5, 10.5, 8.5, 11 ], "texture": "#gold_block" }
    }
},
{
    "from": [ 14, 5, 4.5 ],
    "to": [ 15.5, 5.5, 5.5 ],
    "faces": {
        "down":  { "uv": [ 2, 5.5, 0.5, 4.5 ], "texture": "#gold_block" },
        "up":    { "uv": [ 14, 4.5, 15.5, 5.5 ], "texture": "#gold_block" },
        "north": { "uv": [ 0.5, 10.5, 2, 11 ], "texture": "#gold_block" },
        "south": { "uv": [ 14, 10.5, 15.5, 11 ], "texture": "#gold_block" },
        "west":  { "uv": [ 4.5, 10.5, 5.5, 11 ], "texture": "#gold_block" },
        "east":  { "uv": [ 10.5, 10.5, 11.5, 11 ], "texture": "#gold_block" }
    }
},
{
    "from": [ 0.5, 5, 4.5 ],
    "to": [ 2, 5.5, 5.5 ],
    "faces": {
        "down":  { "uv": [ 15.5, 5.5, 14, 4.5 ], "texture": "#gold_block" },
        "up":    { "uv": [ 0.5, 4.5, 2, 5.5 ], "texture": "#gold_block" },
        "north": { "uv": [ 14, 10.5, 15.5, 11 ], "texture": "#gold_block" },
        "south": { "uv": [ 0.5, 10.5, 2, 11 ], "texture": "#gold_block" },
        "west":  { "uv": [ 4.5, 10.5, 5.5, 11 ], "texture": "#gold_block" },
        "east":  { "uv": [ 10.5, 10.5, 11.5, 11 ], "texture": "#gold_block" }
    }
}
],
"display": {
    "thirdperson_righthand": {
        "rotation": [ 0, 180, 0 ],
        "translation": [ -6, 0, 0 ],
        "scale": [ 2.5, 2.5, 2.5 ]
    }
}
}