{
"__comment": "Designed by Ounceabgm with BDcraft Cubik PRO 1.00 for MC1.8 - http://bdcraft.net",
"textures": {
    "particle": "block/extra/face02",
    "texture": "block/extra/face01",
    "face03": "block/extra/face03",
    "face04": "block/extra/face04",
    "face05": "block/extra/face05",
    "none": "block/extra/none"
},
"elements": [ 
{
    "from": [ 0, -2, 9 ],
    "to": [ 32, 32, 9.5 ],
    "faces": {
        "down":  { "uv": [ 0, 0, 16, 16 ], "texture": "#none" },
        "up":    { "uv": [ 0, 0, 16, 16 ], "texture": "#none" },
        "north": { "uv": [ 1.5, 0, 16, 16 ], "texture": "#texture" },
        "south": { "uv": [ 0, 0, 16, 16 ], "texture": "#none" },
        "west":  { "uv": [ 0, 0, 16, 16 ], "texture": "#none" },
        "east":  { "uv": [ 0, 0, 16, 16 ], "texture": "#none" }
    }
}
],
"display": {
    "head": {
        "rotation": [ 0, 0, 0 ],
        "translation": [ -13, -8, 0 ],
        "scale": [ 3, 3, 3 ]
    }
}
}