{
    "__comment": "Model generated using MrCrayfish's Model Creator (http://mrcrayfish.com/modelcreator/)",
    "textures": {
        "0": "block/sea_lantern",
		"particle": "block/sea_lantern"
    },
    "elements": [
        {
            "name": "Cube",
            "from": [ 0.0, 0.0, 0.0 ], 
            "to": [ 16.0, 16.0, 16.0 ], 
            "faces": {
                "north": { "texture": "#0", "uv": [ 0.0, 0.0, 16.0, 16.0 ] },
                "east": { "texture": "#0", "uv": [ 0.0, 0.0, 16.0, 16.0 ] },
                "south": { "texture": "#0", "uv": [ 0.0, 0.0, 16.0, 16.0 ] },
                "west": { "texture": "#0", "uv": [ 0.0, 0.0, 16.0, 16.0 ] },
                "up": { "texture": "#0", "uv": [ 0.0, 0.0, 16.0, 16.0 ] },
                "down": { "texture": "#0", "uv": [ 0.0, 0.0, 16.0, 16.0 ] }
            }
        },
        {
            "name": "Cube",
            "from": [ -3.5, 12.0, 5.0 ], 
            "to": [ 0.0, 13.0, 11.0 ], 
            "faces": {
                "north": { "texture": "#0", "uv": [ 0.0, 0.0, 3.5, 1.0 ] },
                "east": { "texture": "#0", "uv": [ 0.0, 0.0, 6.0, 1.0 ] },
                "south": { "texture": "#0", "uv": [ 0.0, 0.0, 3.5, 1.0 ] },
                "west": { "texture": "#0", "uv": [ 0.0, 0.0, 6.0, 1.0 ] },
                "up": { "texture": "#0", "uv": [ 0.0, 0.0, 3.5, 6.0 ] },
                "down": { "texture": "#0", "uv": [ 0.0, 0.0, 3.5, 6.0 ] }
            }
        },
        {
            "name": "Cube",
            "from": [ -4.0, 10.0, 4.0 ], 
            "to": [ 0.0, 12.0, 5.0 ], 
            "faces": {
                "north": { "texture": "#0", "uv": [ 0.0, 0.0, 4.0, 2.0 ] },
                "east": { "texture": "#0", "uv": [ 0.0, 0.0, 1.0, 2.0 ] },
                "south": { "texture": "#0", "uv": [ 0.0, 0.0, 4.0, 2.0 ] },
                "west": { "texture": "#0", "uv": [ 0.0, 0.0, 1.0, 2.0 ] },
                "up": { "texture": "#0", "uv": [ 0.0, 0.0, 4.0, 1.0 ] },
                "down": { "texture": "#0", "uv": [ 0.0, 0.0, 4.0, 1.0 ] }
            }
        },
        {
            "name": "Cube",
            "from": [ -4.0, 10.0, 7.0 ], 
            "to": [ 0.0, 12.0, 9.0 ], 
            "faces": {
                "north": { "texture": "#0", "uv": [ 0.0, 0.0, 4.0, 2.0 ] },
                "east": { "texture": "#0", "uv": [ 0.0, 0.0, 2.0, 2.0 ] },
                "south": { "texture": "#0", "uv": [ 0.0, 0.0, 4.0, 2.0 ] },
                "west": { "texture": "#0", "uv": [ 0.0, 0.0, 2.0, 2.0 ] },
                "up": { "texture": "#0", "uv": [ 0.0, 0.0, 4.0, 2.0 ] },
                "down": { "texture": "#0", "uv": [ 0.0, 0.0, 4.0, 2.0 ] }
            }
        },
        {
            "name": "Cube",
            "from": [ -4.0, 10.0, 11.0 ], 
            "to": [ 0.0, 12.0, 12.0 ], 
            "faces": {
                "north": { "texture": "#0", "uv": [ 0.0, 0.0, 4.0, 2.0 ] },
                "east": { "texture": "#0", "uv": [ 0.0, 0.0, 1.0, 2.0 ] },
                "south": { "texture": "#0", "uv": [ 0.0, 0.0, 4.0, 2.0 ] },
                "west": { "texture": "#0", "uv": [ 0.0, 0.0, 1.0, 2.0 ] },
                "up": { "texture": "#0", "uv": [ 0.0, 0.0, 4.0, 1.0 ] },
                "down": { "texture": "#0", "uv": [ 0.0, 0.0, 4.0, 1.0 ] }
            }
        },
        {
            "name": "Cube",
            "from": [ -4.5, 7.0, 3.0 ], 
            "to": [ 0.0, 10.0, 13.0 ], 
            "faces": {
                "north": { "texture": "#0", "uv": [ 0.0, 0.0, 4.5, 3.0 ] },
                "east": { "texture": "#0", "uv": [ 0.0, 0.0, 10.0, 3.0 ] },
                "south": { "texture": "#0", "uv": [ 0.0, 0.0, 4.5, 3.0 ] },
                "west": { "texture": "#0", "uv": [ 0.0, 0.0, 10.0, 3.0 ] },
                "up": { "texture": "#0", "uv": [ 0.0, 0.0, 4.5, 10.0 ] },
                "down": { "texture": "#0", "uv": [ 0.0, 0.0, 4.5, 10.0 ] }
            }
        },
        {
            "name": "Cube",
            "from": [ -4.0, 3.0, 4.0 ], 
            "to": [ 0.0, 7.0, 6.0 ], 
            "faces": {
                "north": { "texture": "#0", "uv": [ 0.0, 0.0, 4.0, 4.0 ] },
                "east": { "texture": "#0", "uv": [ 0.0, 0.0, 2.0, 4.0 ] },
                "south": { "texture": "#0", "uv": [ 0.0, 0.0, 4.0, 4.0 ] },
                "west": { "texture": "#0", "uv": [ 0.0, 0.0, 2.0, 4.0 ] },
                "up": { "texture": "#0", "uv": [ 0.0, 0.0, 4.0, 2.0 ] },
                "down": { "texture": "#0", "uv": [ 0.0, 0.0, 4.0, 2.0 ] }
            }
        },
        {
            "name": "Cube",
            "from": [ -4.0, 3.0, 10.0 ], 
            "to": [ 0.0, 7.0, 12.0 ], 
            "faces": {
                "north": { "texture": "#0", "uv": [ 0.0, 0.0, 4.0, 4.0 ] },
                "east": { "texture": "#0", "uv": [ 0.0, 0.0, 2.0, 4.0 ] },
                "south": { "texture": "#0", "uv": [ 0.0, 0.0, 4.0, 4.0 ] },
                "west": { "texture": "#0", "uv": [ 0.0, 0.0, 2.0, 4.0 ] },
                "up": { "texture": "#0", "uv": [ 0.0, 0.0, 4.0, 2.0 ] },
                "down": { "texture": "#0", "uv": [ 0.0, 0.0, 4.0, 2.0 ] }
            }
        },
        {
            "name": "Cube",
            "from": [ -3.5, 2.0, 6.0 ], 
            "to": [ 0.0, 3.0, 10.0 ], 
            "faces": {
                "north": { "texture": "#0", "uv": [ 0.0, 0.0, 3.5, 1.0 ] },
                "east": { "texture": "#0", "uv": [ 0.0, 0.0, 4.0, 1.0 ] },
                "south": { "texture": "#0", "uv": [ 0.0, 0.0, 3.5, 1.0 ] },
                "west": { "texture": "#0", "uv": [ 0.0, 0.0, 4.0, 1.0 ] },
                "up": { "texture": "#0", "uv": [ 0.0, 0.0, 3.5, 4.0 ] },
                "down": { "texture": "#0", "uv": [ 0.0, 0.0, 3.5, 4.0 ] }
            }
        },
        {
            "name": "Cube",
            "from": [ -2.5, 10.0, 5.0 ], 
            "to": [ 0.5, 12.0, 11.0 ], 
            "faces": {
                "north": { "texture": "#0", "uv": [ 0.0, 0.0, 3.0, 2.0 ] },
                "east": { "texture": "#0", "uv": [ 0.0, 0.0, 6.0, 2.0 ] },
                "south": { "texture": "#0", "uv": [ 0.0, 0.0, 3.0, 2.0 ] },
                "west": { "texture": "#0", "uv": [ 0.0, 0.0, 6.0, 2.0 ] },
                "up": { "texture": "#0", "uv": [ 0.0, 0.0, 3.0, 6.0 ] },
                "down": { "texture": "#0", "uv": [ 0.0, 0.0, 3.0, 6.0 ] }
            }
        },
        {
            "name": "Cube",
            "from": [ -3.0, 10.4, 5.0 ], 
            "to": [ 0.0, 10.9, 11.0 ], 
            "faces": {
                "north": { "texture": "#0", "uv": [ 0.0, 0.0, 3.0, 0.5 ] },
                "east": { "texture": "#0", "uv": [ 0.0, 0.0, 6.0, 0.5 ] },
                "south": { "texture": "#0", "uv": [ 0.0, 0.0, 3.0, 0.5 ] },
                "west": { "texture": "#0", "uv": [ 0.0, 0.0, 6.0, 0.5 ] },
                "up": { "texture": "#0", "uv": [ 0.0, 0.0, 3.0, 6.0 ] },
                "down": { "texture": "#0", "uv": [ 0.0, 0.0, 3.0, 6.0 ] }
            }
        },
        {
            "name": "Cube",
            "from": [ -3.0, 11.0, 5.0 ], 
            "to": [ 0.0, 11.5, 11.0 ], 
            "faces": {
                "north": { "texture": "#0", "uv": [ 0.0, 0.0, 3.0, 0.5 ] },
                "east": { "texture": "#0", "uv": [ 0.0, 0.0, 6.0, 0.5 ] },
                "south": { "texture": "#0", "uv": [ 0.0, 0.0, 3.0, 0.5 ] },
                "west": { "texture": "#0", "uv": [ 0.0, 0.0, 6.0, 0.5 ] },
                "up": { "texture": "#0", "uv": [ 0.0, 0.0, 3.0, 6.0 ] },
                "down": { "texture": "#0", "uv": [ 0.0, 0.0, 3.0, 6.0 ] }
            }
        },
        {
            "name": "Cube",
            "from": [ -3.8, 6.0, 6.5 ], 
            "to": [ -3.5999999999999996, 7.0, 9.5 ], 
            "faces": {
                "north": { "texture": "#0", "uv": [ 0.0, 0.0, 0.2, 1.0 ] },
                "east": { "texture": "#0", "uv": [ 0.0, 0.0, 3.0, 1.0 ] },
                "south": { "texture": "#0", "uv": [ 0.0, 0.0, 0.2, 1.0 ] },
                "west": { "texture": "#0", "uv": [ 0.0, 0.0, 3.0, 1.0 ] },
                "up": { "texture": "#0", "uv": [ 0.0, 0.0, 0.2, 3.0 ] },
                "down": { "texture": "#0", "uv": [ 0.0, 0.0, 0.2, 3.0 ] }
            }
        },
        {
            "name": "Cube",
            "from": [ -6.0, 4.5, 7.0 ], 
            "to": [ 0.0, 5.0, 9.0 ], 
            "faces": {
                "north": { "texture": "#0", "uv": [ 0.0, 0.0, 6.0, 0.5 ] },
                "east": { "texture": "#0", "uv": [ 0.0, 0.0, 2.0, 0.5 ] },
                "south": { "texture": "#0", "uv": [ 0.0, 0.0, 6.0, 0.5 ] },
                "west": { "texture": "#0", "uv": [ 0.0, 0.0, 2.0, 0.5 ] },
                "up": { "texture": "#0", "uv": [ 0.0, 0.0, 6.0, 2.0 ] },
                "down": { "texture": "#0", "uv": [ 0.0, 0.0, 6.0, 2.0 ] }
            }
        },
        {
            "name": "Cube",
            "from": [ -3.5, 2.5, 5.0 ], 
            "to": [ 0.0, 3.0, 11.0 ], 
            "faces": {
                "north": { "texture": "#0", "uv": [ 0.0, 0.0, 3.5, 0.5 ] },
                "east": { "texture": "#0", "uv": [ 0.0, 0.0, 6.0, 0.5 ] },
                "south": { "texture": "#0", "uv": [ 0.0, 0.0, 3.5, 0.5 ] },
                "west": { "texture": "#0", "uv": [ 0.0, 0.0, 6.0, 0.5 ] },
                "up": { "texture": "#0", "uv": [ 0.0, 0.0, 3.5, 6.0 ] },
                "down": { "texture": "#0", "uv": [ 0.0, 0.0, 3.5, 6.0 ] }
            }
        },
        {
            "name": "Cube",
            "from": [ -3.5, 12.0, 4.5 ], 
            "to": [ 0.0, 12.5, 11.5 ], 
            "faces": {
                "north": { "texture": "#0", "uv": [ 0.0, 0.0, 3.5, 0.5 ] },
                "east": { "texture": "#0", "uv": [ 0.0, 0.0, 7.0, 0.5 ] },
                "south": { "texture": "#0", "uv": [ 0.0, 0.0, 3.5, 0.5 ] },
                "west": { "texture": "#0", "uv": [ 0.0, 0.0, 7.0, 0.5 ] },
                "up": { "texture": "#0", "uv": [ 0.0, 0.0, 3.5, 7.0 ] },
                "down": { "texture": "#0", "uv": [ 0.0, 0.0, 3.5, 7.0 ] }
            }
        },
        {
            "name": "Cube",
            "from": [ -5.5, 7.1, 7.0 ], 
            "to": [ -1.0, 9.6, 9.0 ], 
            "faces": {
                "north": { "texture": "#0", "uv": [ 0.0, 0.0, 4.5, 2.5 ] },
                "east": { "texture": "#0", "uv": [ 0.0, 0.0, 2.0, 2.5 ] },
                "south": { "texture": "#0", "uv": [ 0.0, 0.0, 4.5, 2.5 ] },
                "west": { "texture": "#0", "uv": [ 0.0, 0.0, 2.0, 2.5 ] },
                "up": { "texture": "#0", "uv": [ 0.0, 0.0, 4.5, 2.0 ] },
                "down": { "texture": "#0", "uv": [ 0.0, 0.0, 4.5, 2.0 ] }
            }
        }
    ]
}