{
"__comment": "Designed by 27box",
"textures": {
    "particle": "block/light_gray_concrete",
    "black_concrete": "block/black_concrete"
},
"elements": [ 
{
    "from": [ -1, 0, 0 ],
    "to": [ 0, 16, 16 ],
    "faces": {
        "down":  { "uv": [ 0, 0, 16, 16 ], "texture": "#black_concrete" },
        "up":    { "uv": [ 0, 0, 16, 16 ], "texture": "#black_concrete" },
        "north": { "uv": [ 0, 0, 16, 16 ], "rotation": 180, "texture": "#black_concrete" },
        "south": { "uv": [ 0, 0, 16, 16 ], "rotation": 180, "texture": "#black_concrete" },
        "west":  { "uv": [ 0, 0, 16, 16 ], "rotation": 180, "texture": "#black_concrete" },
        "east":  { "uv": [ 0, 0, 16, 16 ], "texture": "#black_concrete" }
    }
},
{
    "from": [ -1, 0, -16 ],
    "to": [ 0, 16, 0 ],
    "faces": {
        "down":  { "uv": [ 0, 0, 16, 16 ], "texture": "#black_concrete" },
        "up":    { "uv": [ 0, 0, 16, 16 ], "texture": "#black_concrete" },
        "north": { "uv": [ 0, 0, 16, 16 ], "rotation": 180, "texture": "#black_concrete" },
        "south": { "uv": [ 0, 0, 16, 16 ], "rotation": 180, "texture": "#black_concrete" },
        "west":  { "uv": [ 0, 0, 16, 16 ], "rotation": 180, "texture": "#black_concrete" },
        "east":  { "uv": [ 0, 0, 16, 16 ], "texture": "#black_concrete" }
    }
},
{
    "from": [ -1, -16, -16 ],
    "to": [ 0, 0, 0 ],
    "faces": {
        "down":  { "uv": [ 0, 0, 16, 16 ], "texture": "#black_concrete" },
        "up":    { "uv": [ 0, 0, 16, 16 ], "texture": "#black_concrete" },
        "north": { "uv": [ 0, 0, 16, 16 ], "rotation": 180, "texture": "#black_concrete" },
        "south": { "uv": [ 0, 0, 16, 16 ], "rotation": 180, "texture": "#black_concrete" },
        "west":  { "uv": [ 0, 0, 16, 16 ], "rotation": 180, "texture": "#black_concrete" },
        "east":  { "uv": [ 0, 0, 16, 16 ], "texture": "#black_concrete" }
    }
},
{
    "from": [ -1, -16, 0 ],
    "to": [ 0, 0, 16 ],
    "faces": {
        "down":  { "uv": [ 0, 0, 16, 16 ], "texture": "#black_concrete" },
        "up":    { "uv": [ 0, 0, 16, 16 ], "texture": "#black_concrete" },
        "north": { "uv": [ 0, 0, 16, 16 ], "rotation": 180, "texture": "#black_concrete" },
        "south": { "uv": [ 0, 0, 16, 16 ], "rotation": 180, "texture": "#black_concrete" },
        "west":  { "uv": [ 0, 0, 16, 16 ], "rotation": 180, "texture": "#black_concrete" },
        "east":  { "uv": [ 0, 0, 16, 16 ], "texture": "#black_concrete" }
    }
},
{
    "from": [ -1, -16, 16 ],
    "to": [ 0, 0, 32 ],
    "faces": {
        "down":  { "uv": [ 0, 0, 16, 16 ], "texture": "#black_concrete" },
        "up":    { "uv": [ 0, 0, 16, 16 ], "texture": "#black_concrete" },
        "north": { "uv": [ 0, 0, 16, 16 ], "rotation": 180, "texture": "#black_concrete" },
        "south": { "uv": [ 0, 0, 16, 16 ], "rotation": 180, "texture": "#black_concrete" },
        "west":  { "uv": [ 0, 0, 16, 16 ], "rotation": 180, "texture": "#black_concrete" },
        "east":  { "uv": [ 0, 0, 16, 16 ], "texture": "#black_concrete" }
    }
},
{
    "from": [ -1, 0, 16 ],
    "to": [ 0, 16, 32 ],
    "faces": {
        "down":  { "uv": [ 0, 0, 16, 16 ], "texture": "#black_concrete" },
        "up":    { "uv": [ 0, 0, 16, 16 ], "texture": "#black_concrete" },
        "north": { "uv": [ 0, 0, 16, 16 ], "rotation": 180, "texture": "#black_concrete" },
        "south": { "uv": [ 0, 0, 16, 16 ], "rotation": 180, "texture": "#black_concrete" },
        "west":  { "uv": [ 0, 0, 16, 16 ], "rotation": 180, "texture": "#black_concrete" },
        "east":  { "uv": [ 0, 0, 16, 16 ], "texture": "#black_concrete" }
    }
},
{
    "from": [ -1, 16, 16 ],
    "to": [ 0, 32, 32 ],
    "faces": {
        "down":  { "uv": [ 0, 0, 16, 16 ], "texture": "#black_concrete" },
        "up":    { "uv": [ 0, 0, 16, 16 ], "texture": "#black_concrete" },
        "north": { "uv": [ 0, 0, 16, 16 ], "rotation": 180, "texture": "#black_concrete" },
        "south": { "uv": [ 0, 0, 16, 16 ], "rotation": 180, "texture": "#black_concrete" },
        "west":  { "uv": [ 0, 0, 16, 16 ], "rotation": 180, "texture": "#black_concrete" },
        "east":  { "uv": [ 0, 0, 16, 16 ], "texture": "#black_concrete" }
    }
},
{
    "from": [ -1, 16, 0 ],
    "to": [ 0, 32, 16 ],
    "faces": {
        "down":  { "uv": [ 0, 0, 16, 16 ], "texture": "#black_concrete" },
        "up":    { "uv": [ 0, 0, 16, 16 ], "texture": "#black_concrete" },
        "north": { "uv": [ 0, 0, 16, 16 ], "rotation": 180, "texture": "#black_concrete" },
        "south": { "uv": [ 0, 0, 16, 16 ], "rotation": 180, "texture": "#black_concrete" },
        "west":  { "uv": [ 0, 0, 16, 16 ], "rotation": 180, "texture": "#black_concrete" },
        "east":  { "uv": [ 0, 0, 16, 16 ], "texture": "#black_concrete" }
    }
},
{
    "from": [ -1, 16, -16 ],
    "to": [ 0, 32, 0 ],
    "faces": {
        "down":  { "uv": [ 0, 0, 16, 16 ], "texture": "#black_concrete" },
        "up":    { "uv": [ 0, 0, 16, 16 ], "texture": "#black_concrete" },
        "north": { "uv": [ 0, 0, 16, 16 ], "rotation": 180, "texture": "#black_concrete" },
        "south": { "uv": [ 0, 0, 16, 16 ], "rotation": 180, "texture": "#black_concrete" },
        "west":  { "uv": [ 0, 0, 16, 16 ], "rotation": 180, "texture": "#black_concrete" },
        "east":  { "uv": [ 0, 0, 16, 16 ], "texture": "#black_concrete" }
    }
}
]
}