{
"__comment": "Design by 27box",
"textures": {
    "particle": "block/blue_terracotta",
    "texture": "block/extra/metal_0",
    "gray_concrete": "block/light_gray_concrete"
},
"elements": [ 
{
    "from": [ 0, 15.5, 0 ],
    "to": [ 16, 16, 16 ],
    "faces": {
        "down":  { "uv": [ 9.5, 2.5, 15.5, 7.5 ], "texture": "#gray_concrete" },
        "up":    { "uv": [ 1.5, 2, 4.5, 5 ], "texture": "#gray_concrete" },
        "north": { "uv": [ 1, 1, 3.5, 3.5 ], "texture": "#gray_concrete" },
        "south": { "uv": [ 0.5, 1.5, 3.5, 4 ], "texture": "#gray_concrete" },
        "west":  { "uv": [ 1, 1, 3.5, 3.5 ], "texture": "#gray_concrete" },
        "east":  { "uv": [ 1, 1, 4, 4 ], "texture": "#gray_concrete" }
    }
},
{
    "from": [ 7.5625, 15, 0 ],
    "to": [ 8.0625, 15.5, 16 ],
    "faces": {
        "down":  { "uv": [ 1, 2, 5, 6 ], "texture": "#particle" },
        "up":    { "uv": [ 2, 3.5, 5.5, 6.5 ], "texture": "#particle" },
        "north": { "uv": [ 1, 1.5, 3.5, 5 ], "texture": "#particle" },
        "south": { "uv": [ 1.5, 1, 3.5, 3.5 ], "texture": "#particle" },
        "west":  { "uv": [ 4, 5.5, 6.5, 7 ], "texture": "#particle" },
        "east":  { "uv": [ 1, 1, 4, 3.5 ], "texture": "#particle" }
    }
},
{
    "from": [ 8.3125, 15, 0 ],
    "to": [ 8.8125, 15.5, 16 ],
    "faces": {
        "down":  { "uv": [ 1, 3.5, 6.5, 5.5 ], "texture": "#particle" },
        "up":    { "uv": [ 1.5, 4, 6.5, 6 ], "texture": "#particle" },
        "north": { "uv": [ 1.5, 1.5, 3.5, 4 ], "texture": "#particle" },
        "south": { "uv": [ 1, 1, 3, 4.5 ], "texture": "#particle" },
        "west":  { "uv": [ 1.5, 2, 5, 4 ], "texture": "#particle" },
        "east":  { "uv": [ 1, 4, 7, 6 ], "texture": "#particle" }
    }
},
{
    "from": [ 11.75, 14.375, 0.6875 ],
    "to": [ 12.75, 15.25, 1.3125 ],
    "faces": {
        "down":  { "uv": [ 11.75, 0.6875, 12.75, 1.3125 ], "texture": "#particle" },
        "up":    { "uv": [ 11.75, 0.6875, 12.75, 1.3125 ], "texture": "#particle" },
        "north": { "uv": [ 11.75, 0.75, 12.75, 1.625 ], "texture": "#particle" },
        "south": { "uv": [ 11.75, 0.75, 12.75, 1.625 ], "texture": "#particle" },
        "west":  { "uv": [ 0.6875, 0.75, 1.3125, 1.625 ], "texture": "#particle" },
        "east":  { "uv": [ 0.6875, 0.75, 1.3125, 1.625 ], "texture": "#particle" }
    }
},
{
    "from": [ 11.75, 14.375, 14.75 ],
    "to": [ 12.75, 15.25, 15.375 ],
    "faces": {
        "down":  { "uv": [ 11.75, 14.75, 12.75, 15.375 ], "texture": "#particle" },
        "up":    { "uv": [ 11.75, 14.75, 12.75, 15.375 ], "texture": "#particle" },
        "north": { "uv": [ 11.75, 0.75, 12.75, 1.625 ], "texture": "#particle" },
        "south": { "uv": [ 11.75, 0.75, 12.75, 1.625 ], "texture": "#particle" },
        "west":  { "uv": [ 14.75, 0.75, 15.375, 1.625 ], "texture": "#particle" },
        "east":  { "uv": [ 14.75, 0.75, 15.375, 1.625 ], "texture": "#particle" }
    }
},
{
    "from": [ 3, 14, 1.3125 ],
    "to": [ 4.5, 15.5, 14.75 ],
    "faces": {
        "down":  { "uv": [ 0, 0, 2, 1 ], "rotation": 90, "texture": "#texture" },
        "up":    { "uv": [ 0, 0, 2, 1 ], "rotation": 90, "texture": "#texture" },
        "north": { "uv": [ 2, 0, 4, 1 ], "texture": "#texture" },
        "south": { "uv": [ 2, 0, 4, 1 ], "texture": "#texture" },
        "west":  { "uv": [ 1.5, 0, 4, 1 ], "rotation": 90, "texture": "#texture" },
        "east":  { "uv": [ 1.5, 0, 3.5, 1 ], "texture": "#texture" }
    }
},
{
    "from": [ 3, 14, 15.375 ],
    "to": [ 4.5, 15.5, 15.875 ],
    "faces": {
        "down":  { "uv": [ 9, 4.5, 11, 6.5 ], "texture": "#texture" },
        "up":    { "uv": [ 9, 5.5, 11, 6 ], "texture": "#texture" },
        "north": { "uv": [ 9, 4.5, 11, 6.5 ], "rotation": 90, "texture": "#texture" },
        "south": { "uv": [ 9, 4, 11, 6 ], "rotation": 90, "texture": "#texture" },
        "west":  { "uv": [ 9, 4.5, 11, 6.5 ], "texture": "#texture" },
        "east":  { "uv": [ 9, 4.5, 11, 6.5 ], "texture": "#texture" }
    }
},
{
    "from": [ 3.25, 14.375, 14.75 ],
    "to": [ 4.25, 15.25, 15.375 ],
    "faces": {
        "down":  { "uv": [ 3.25, 14.75, 4.25, 15.375 ], "texture": "#particle" },
        "up":    { "uv": [ 3.25, 14.75, 4.25, 15.375 ], "texture": "#particle" },
        "north": { "uv": [ 3.25, 0.75, 4.25, 1.625 ], "texture": "#particle" },
        "south": { "uv": [ 3.25, 0.75, 4.25, 1.625 ], "texture": "#particle" },
        "west":  { "uv": [ 14.75, 0.75, 15.375, 1.625 ], "texture": "#particle" },
        "east":  { "uv": [ 14.75, 0.75, 15.375, 1.625 ], "texture": "#particle" }
    }
},
{
    "from": [ 3.25, 14.375, 0.6875 ],
    "to": [ 4.25, 15.25, 1.3125 ],
    "faces": {
        "down":  { "uv": [ 3.25, 0.6875, 4.25, 1.3125 ], "texture": "#particle" },
        "up":    { "uv": [ 3.25, 0.6875, 4.25, 1.3125 ], "texture": "#particle" },
        "north": { "uv": [ 3.25, 0.75, 4.25, 1.625 ], "texture": "#particle" },
        "south": { "uv": [ 3.25, 0.75, 4.25, 1.625 ], "texture": "#particle" },
        "west":  { "uv": [ 0.6875, 0.75, 1.3125, 1.625 ], "texture": "#particle" },
        "east":  { "uv": [ 0.6875, 0.75, 1.3125, 1.625 ], "texture": "#particle" }
    }
},
{
    "from": [ 11.5, 14, 15.375 ],
    "to": [ 13, 15.5, 15.875 ],
    "faces": {
        "down":  { "uv": [ 9, 4.5, 11, 6.5 ], "texture": "#texture" },
        "up":    { "uv": [ 9, 5.5, 11, 6 ], "texture": "#texture" },
        "north": { "uv": [ 9, 4.5, 11, 6.5 ], "rotation": 90, "texture": "#texture" },
        "south": { "uv": [ 9, 4, 11, 6 ], "rotation": 90, "texture": "#texture" },
        "west":  { "uv": [ 9, 4.5, 11, 6.5 ], "texture": "#texture" },
        "east":  { "uv": [ 9, 4.5, 11, 6.5 ], "texture": "#texture" }
    }
},
{
    "from": [ 3, 14, 0.1875 ],
    "to": [ 4.5, 15.5, 0.6875 ],
    "faces": {
        "down":  { "uv": [ 9, 4.5, 11, 6.5 ], "texture": "#texture" },
        "up":    { "uv": [ 9, 5.5, 11, 6 ], "texture": "#texture" },
        "north": { "uv": [ 9, 4.5, 11, 6.5 ], "rotation": 90, "texture": "#texture" },
        "south": { "uv": [ 9, 4, 11, 6 ], "rotation": 90, "texture": "#texture" },
        "west":  { "uv": [ 9, 4.5, 11, 6.5 ], "texture": "#texture" },
        "east":  { "uv": [ 9, 4.5, 11, 6.5 ], "texture": "#texture" }
    }
},
{
    "from": [ 11.5, 14, 0.1875 ],
    "to": [ 13, 15.5, 0.6875 ],
    "faces": {
        "down":  { "uv": [ 9, 4.5, 11, 6.5 ], "texture": "#texture" },
        "up":    { "uv": [ 9, 5.5, 11, 6 ], "texture": "#texture" },
        "north": { "uv": [ 9, 4.5, 11, 6.5 ], "rotation": 90, "texture": "#texture" },
        "south": { "uv": [ 9, 4, 11, 6 ], "rotation": 90, "texture": "#texture" },
        "west":  { "uv": [ 9, 4.5, 11, 6.5 ], "texture": "#texture" },
        "east":  { "uv": [ 9, 4.5, 11, 6.5 ], "texture": "#texture" }
    }
},
{
    "from": [ 11.5, 14, 1.3125 ],
    "to": [ 13, 15.5, 14.75 ],
    "faces": {
        "down":  { "uv": [ 0, 0, 2, 1 ], "rotation": 90, "texture": "#texture" },
        "up":    { "uv": [ 0, 0, 2, 1 ], "rotation": 90, "texture": "#texture" },
        "north": { "uv": [ 2, 0, 4, 1 ], "texture": "#texture" },
        "south": { "uv": [ 2, 0, 4, 1 ], "texture": "#texture" },
        "west":  { "uv": [ 1.5, 0, 4, 1 ], "rotation": 90, "texture": "#texture" },
        "east":  { "uv": [ 1.5, 0, 3.5, 1 ], "texture": "#texture" }
    }
}
]
}