{
"__comment": "Designed by 27box",
"textures": {
    "particle": "block/white_concrete",
    "texture": "block/extra/enb"
},
"elements": [ 
{
    "from": [ 5, -0.25, 3 ],
    "to": [ 10, 0.25, 16 ],
    "faces": {
        "down":  { "uv": [ 0, 0, 0.5, 16 ], "rotation": 90, "texture": "#texture" },
        "up":    { "uv": [ 9.5, 0, 16, 16 ], "texture": "#texture" },
        "north": { "uv": [ 0, 0, 0.5, 16 ], "rotation": 90, "texture": "#texture" },
        "south": { "uv": [ 0, 0, 0.5, 16 ], "rotation": 90, "texture": "#texture" },
        "west":  { "uv": [ 0, 0, 0.5, 16 ], "rotation": 90, "texture": "#texture" },
        "east":  { "uv": [ 0, 0, 0.5, 16 ], "rotation": 90, "texture": "#particle" }
    }
}
]
}