{
"__comment": "Design by 27box",
"textures": {
    "texture": "block/npc/skin_agenicy",
    "wb": "block/01/none"
},
"elements": [ 
{
    "__comment": "Legs*",
    "from": [ 8, 0, 6 ],
    "to": [ 12, 11.5, 10 ],
    "faces": {
        "down":  { "uv": [ 2, 4, 3, 5 ], "texture": "#texture" },
        "up":    { "uv": [ 1, 4, 2, 5 ], "texture": "#texture" },
        "north": { "uv": [ 0, 5, 1, 8 ], "texture": "#texture" },
        "south": { "uv": [ 2, 5, 1, 8 ], "texture": "#texture" },
        "west":  { "uv": [ 0, 5, 1, 8 ], "texture": "#texture" },
        "east":  { "uv": [ 0, 5, 1, 8 ], "texture": "#texture" }
    }
},
{
    "__comment": "Arm",
    "from": [ 0, 11.5, 6 ],
    "to": [ 4, 23.5, 10 ],
    "faces": {
        "down":  { "uv": [ 13, 5, 12, 4 ], "texture": "#texture" },
        "up":    { "uv": [ 11, 4, 12, 5 ], "texture": "#texture" },
        "north": { "uv": [ 14, 5, 13, 8 ], "texture": "#texture" },
        "south": { "uv": [ 13, 5, 14, 8 ], "texture": "#texture" },
        "west":  { "uv": [ 10, 5, 11, 8 ], "texture": "#texture" },
        "east":  { "uv": [ 12, 5, 13, 8 ], "texture": "#texture" }
    }
},
{
    "__comment": "Body",
    "from": [ 4, 11.5, 6 ],
    "to": [ 12, 23.5, 10 ],
    "faces": {
        "down":  { "uv": [ 7, 5, 9, 4 ], "texture": "#texture" },
        "up":    { "uv": [ 5, 4, 7, 5 ], "texture": "#texture" },
        "north": { "uv": [ 8, 5, 10, 8 ], "texture": "#texture" },
        "south": { "uv": [ 5, 5, 7, 8 ], "texture": "#texture" },
        "west":  { "uv": [ 4, 5, 5, 8 ], "texture": "#texture" },
        "east":  { "uv": [ 7, 5, 8, 8 ], "texture": "#texture" }
    }
},
{
    "__comment": "Head",
    "from": [ 4, 23.5, 4 ],
    "to": [ 12, 31.5, 12 ],
    "faces": {
        "down":  { "uv": [ 4, 2, 6, 0 ], "texture": "#texture" },
        "up":    { "uv": [ 2, 0, 4, 2 ], "texture": "#texture" },
        "north": { "uv": [ 6, 2, 8, 4 ], "texture": "#texture" },
        "south": { "uv": [ 2, 2, 4, 4 ], "texture": "#texture" },
        "west":  { "uv": [ 6, 2, 4, 4 ], "texture": "#texture" },
        "east":  { "uv": [ 2, 2, 0, 4 ], "texture": "#texture" }
    }
},
{
    "__comment": "Head*",
    "from": [ 3.5, 23, 3.5 ],
    "to": [ 12.5, 32, 12.5 ],
    "faces": {
        "down":  { "uv": [ 12, 2, 14, 0 ], "texture": "#texture" },
        "up":    { "uv": [ 10, 0, 12, 2 ], "texture": "#texture" },
        "north": { "uv": [ 14, 2, 16, 4 ], "texture": "#texture" },
        "south": { "uv": [ 10, 2, 12, 4 ], "texture": "#texture" },
        "west":  { "uv": [ 8, 2, 10, 4 ], "texture": "#texture" },
        "east":  { "uv": [ 12, 2, 14, 4 ], "texture": "#texture" }
    }
},
{
    "__comment": "Legs*",
    "from": [ 4, 0, 6 ],
    "to": [ 8, 11.5, 10 ],
    "faces": {
        "down":  { "uv": [ 2, 4, 3, 5 ], "texture": "#texture" },
        "up":    { "uv": [ 1, 4, 2, 5 ], "texture": "#texture" },
        "north": { "uv": [ 1, 5, 0, 8 ], "texture": "#texture" },
        "south": { "uv": [ 1, 5, 2, 8 ], "texture": "#texture" },
        "west":  { "uv": [ 0, 5, 1, 8 ], "texture": "#texture" },
        "east":  { "uv": [ 0, 5, 1, 8 ], "texture": "#texture" }
    }
},
{
    "__comment": "Arm*",
    "from": [ 12, 11.5, 6 ],
    "to": [ 16, 23.5, 10 ],
    "faces": {
        "down":  { "uv": [ 12, 5, 13, 4 ], "texture": "#texture" },
        "up":    { "uv": [ 12, 4, 11, 5 ], "texture": "#texture" },
        "north": { "uv": [ 13, 5, 14, 8 ], "texture": "#texture" },
        "south": { "uv": [ 14, 5, 13, 8 ], "texture": "#texture" },
        "west":  { "uv": [ 13, 5, 12, 8 ], "texture": "#texture" },
        "east":  { "uv": [ 10, 5, 11, 8 ], "texture": "#texture" }
    }
}
],
"display": {
	"thirdperson_righthand": {
        "rotation": [ -90, 180, 0 ],
        "translation": [ 1, 0, 3.5 ],
        "scale": [ 1, 1, 1 ]
    },
	"firstperson_righthand": {
        "rotation": [ 14, 295, -4 ],
        "translation": [ -0.76, 3.59, 0 ],
        "scale": [ 0.2, 0.2, 0.2 ]
    },
    "gui": {
        "rotation": [ 28, 27, 0 ],
        "translation": [ 0, -4, 0 ],
        "scale": [ 0.5, 0.5, 0.5 ]
    },
	"head": {
		"rotation": [ 0, 180, 0 ],
		"translation": [ 0, -36, 0 ],
		"scale": [ 1.6, 1.6, 1.6 ]
	}
}
}